specimen_ID,subsample_ID,length,width,...5
20210621-MOHK-001,20210621-MOHK-001-A,32.8,NA,
20210621-MOHK-002,20210621-MOHK-002-A,36.2,6.4,
20210621-MOHK-003,20210621-MOHK-003-A,13.1,0.1,
20210621-MOHK-004,20210621-MOHK-004-A,15.4,2.8,
20210621-MOHK-005,20210621-MOHK-005-A,13.4,1.1,
20210621-MOHK-005,20210621-MOHK-005-B,14.1,0.9,
20210621-MOHK-005,20210621-MOHK-005-C,21.6,1.2,
20210621-MOHK-006,20210621-MOHK-006-A,11.4,2.3,
20210621-MOHK-007,20210621-MOHK-007-A,21.9,7.4,
20210621-MOHK-008,20210621-MOHK-008-A,16.1,4.6,
20210621-MOHK-009,20210621-MOHK-009-A,27.9,10.8,
20210621-MOHK-010,20210621-MOHK-010-A,23.7,4.8,
20210621-MOHK-010,20210621-MOHK-010-B,22.4,8.9,
20210621-MOHK-011,20210621-MOHK-011-A,NA,NA,
20210621-MOHK-011,20210621-MOHK-011-B,NA,NA,
20210621-MOHK-012,20210621-MOHK-012-A,NA,NA,
20210621-MOHK-012,20210621-MOHK-012-B,NA,NA,
20210621-MOHK-013,20210621-MOHK-013-A,NA,NA,
20210621-MOHK-013,20210621-MOHK-013-B,NA,NA,
20210621-MOHK-014,20210621-MOHK-014-A,NA,NA,
20210621-MOHK-014,20210621-MOHK-014-B,NA,NA,
20210621-MOHK-015,20210621-MOHK-015-A,NA,NA,
20210621-MOHK-015,20210621-MOHK-015-B,NA,NA,
20210621-MOHK-016,20210621-MOHK-016-A,NA,NA,
20210621-MOHK-016,20210621-MOHK-016-B,NA,NA,
20210621-MOHK-017,20210621-MOHK-017-A,NA,NA,
20210621-MOHK-017,20210621-MOHK-017-B,NA,NA,
20210621-MOHK-018,20210621-MOHK-018-A,NA,NA,
20210621-MOHK-018,20210621-MOHK-018-B,NA,NA,
20210621-MOHK-019,20210621-MOHK-019-A,NA,NA,
20210621-MOHK-019,20210621-MOHK-019-B,NA,NA,
20210621-MOHK-020,20210621-MOHK-020-A,NA,NA,
20210621-MOHK-020,20210621-MOHK-020-B,NA,NA,
20210621-MOHK-021,20210621-MOHK-021-A,19.5,0.1,
20210621-MOHK-022,20210621-MOHK-022-A,16.4,6.3,
20210621-MOHK-023,20210621-MOHK-023-A,12.8,0.5,
20210623-CAPT-001,,NA,NA,
20210623-CAPT-002,,NA,NA,
20210623-CAPT-003,,NA,NA,
20210623-CAPT-004,,NA,NA,
20210623-CAPT-005,,NA,NA,
20210623-CAPT-006,,NA,NA,
20210623-CAPT-007,,NA,NA,
20210623-CAPT-008,,NA,NA,
20210623-CAPT-009,,NA,NA,
20210623-CAPT-010,,NA,NA,
20210630-MOHK-001,20210630-MOHK-001-A,81.8,9.6,
20210630-MOHK-001,20210630-MOHK-001-B,9.2,NA,
20210630-MOHK-001,20210630-MOHK-001-C,NA,3.4,
20210630-MOHK-002,20210630-MOHK-002-A,26.8,8.5,
20210630-MOHK-002,20210630-MOHK-002-B,7.9,NA,
20210630-MOHK-002,20210630-MOHK-002-C,NA,2,
20210630-MOHK-003,20210630-MOHK-003-A,33.5,6.2,
20210630-MOHK-003,20210630-MOHK-003-B,9,NA,
20210630-MOHK-003,20210630-MOHK-003-C,NA,6,
20210630-MOHK-004,20210630-MOHK-004-A,59,10.8,
20210630-MOHK-004,20210630-MOHK-004-B,9.3,NA,
20210630-MOHK-004,20210630-MOHK-004-C,NA,3,
20210630-MOHK-005,20210630-MOHK-005-A,88.3,13.2,
20210630-MOHK-005,20210630-MOHK-005-B,9.6,NA,
20210630-MOHK-005,20210630-MOHK-005-C,NA,4.8,
20210630-MOHK-006,20210630-MOHK-006-A,48.9,12.1,
20210630-MOHK-006,20210630-MOHK-006-B,13.9,NA,
20210630-MOHK-006,20210630-MOHK-006-C,NA,5.8,
20210630-MOHK-007,20210630-MOHK-007-A,59,13.3,
20210630-MOHK-007,20210630-MOHK-007-B,12,NA,
20210630-MOHK-007,20210630-MOHK-007-C,NA,5.8,
20210630-MOHK-008,20210630-MOHK-008-A,50.5,8.6,
20210630-MOHK-008,20210630-MOHK-008-B,8.1,NA,
20210630-MOHK-008,20210630-MOHK-008-C,NA,3.6,
20210630-MOHK-009,20210630-MOHK-009-A,35.5,9.1,
20210630-MOHK-009,20210630-MOHK-009-B,9.5,NA,
20210630-MOHK-009,20210630-MOHK-009-C,NA,3.6,
20210630-MOHK-010,20210630-MOHK-010-A,33.3,8.6,
20210630-MOHK-010,20210630-MOHK-010-B,9.1,NA,
20210630-MOHK-010,20210630-MOHK-010-C,NA,4.2,
20210630-MOHK-011,20210630-MOHK-011-A,19.1,7.9,
20210630-MOHK-011,20210630-MOHK-011-B,2.5,NA,
20210630-MOHK-011,20210630-MOHK-011-C,NA,1.4,
20210630-MOHK-012,20210630-MOHK-012-A,90.4,13,
20210630-MOHK-012,20210630-MOHK-012-B,9,NA,
20210630-MOHK-012,20210630-MOHK-012-C,NA,5.1,
20210630-MOHK-013,20210630-MOHK-013-A,86.2,13.9,
20210630-MOHK-013,20210630-MOHK-013-B,3.2,NA,
20210630-MOHK-013,20210630-MOHK-013-C,NA,4.2,
20210630-MOHK-014,20210630-MOHK-014-A,97.3,18.3,
20210630-MOHK-014,20210630-MOHK-014-B,6.2,NA,
20210630-MOHK-014,20210630-MOHK-014-C,NA,6.9,
20210630-MOHK-015,20210630-MOHK-015-A,57.3,13.2,
20210630-MOHK-015,20210630-MOHK-015-B,4,NA,
20210630-MOHK-015,20210630-MOHK-015-C,NA,5.4,
20210630-MOHK-016,20210630-MOHK-016-A,117,15.9,
20210630-MOHK-016,20210630-MOHK-016-B,5.4,NA,
20210630-MOHK-016,20210630-MOHK-016-C,NA,5.1,
20210630-MOHK-017,20210630-MOHK-017-A,102,14.5,
20210630-MOHK-017,20210630-MOHK-017-B,8.1,NA,
20210630-MOHK-017,20210630-MOHK-017-C,NA,7.2,
20210630-MOHK-018,20210630-MOHK-018-A,49.6,9.5,
20210630-MOHK-018,20210630-MOHK-018-B,6.7,NA,
20210630-MOHK-019,20210630-MOHK-019-A,78.8,16.7,
20210630-MOHK-019,20210630-MOHK-019-B,3.6,NA,
20210630-MOHK-020,20210630-MOHK-020-A,49.7,12.2,
20210630-MOHK-020,20210630-MOHK-020-B,3.6,NA,
20210630-MOHK-021,20210630-MOHK-021-A,39.8,10.5,
20210630-MOHK-021,20210630-MOHK-021-B,1.8,NA,
20210630-MOHK-022,20210630-MOHK-022-A,16,13,
20210630-MOHK-023,20210630-MOHK-023-A,9.5,1.4,
20210630-MOHK-024,20210630-MOHK-024-A,14.6,2.2,
20210630-MOHK-024,20210630-MOHK-024-B,9.2,1.4,
20210630-MOHK-025,20210630-MOHK-025-A,9.8,1.5,
20210630-MOHK-026,20210630-MOHK-026-A,12.8,1.8,
20210630-MOHK-027,20210630-MOHK-027-A,14.4,1.9,
20210630-MOHK-028,20210630-MOHK-028-A,36.8,10.8,
20210630-MOHK-028,20210630-MOHK-028-B,8.6,NA,
20210630-MOHK-028,20210630-MOHK-028-C,NA,8.3,
20210630-MOHK-029,20210630-MOHK-029-A,19.2,10.9,
20210630-MOHK-029,20210630-MOHK-029-B,13.9,NA,
20210630-MOHK-029,20210630-MOHK-029-C,NA,3.9,
20210630-MOHK-030,20210630-MOHK-030-A,28.7,8.2,
20210630-MOHK-030,20210630-MOHK-030-B,9.5,NA,
20210630-MOHK-030,20210630-MOHK-030-C,NA,3.8,
20210630-MOHK-031,20210630-MOHK-031-A,13.6,6.7,
20210630-MOHK-031,20210630-MOHK-031-B,2.6,NA,
20210630-MOHK-031,20210630-MOHK-031-C,NA,1.6,
20210630-MOHK-032,20210630-MOHK-032-A,19.7,7.7,
20210630-MOHK-033,20210630-MOHK-033-A,17.2,4.5,
20210630-MOHK-034,20210630-MOHK-034-A,41.3,9.6,
20210630-MOHK-035,20210630-MOHK-035-A,30.3,8.4,
20210630-MOHK-035,20210630-MOHK-035-B,11.2,NA,
20210630-MOHK-035,20210630-MOHK-035-C,NA,2.9,
20210630-MOHK-036,20210630-MOHK-036-A,47.8,10.9,
20210630-MOHK-036,20210630-MOHK-036-B,9.8,NA,
20210630-MOHK-036,20210630-MOHK-036-C,NA,3.8,
20210630-MOHK-037,20210630-MOHK-037-A,34.9,9,
20210630-MOHK-037,20210630-MOHK-037-B,9.2,NA,
20210630-MOHK-037,20210630-MOHK-037-C,NA,4.6,
20210630-MOHK-038,20210630-MOHK-038-A,49.9,10.2,
20210630-MOHK-038,20210630-MOHK-038-B,10.8,NA,
20210630-MOHK-038,20210630-MOHK-038-C,NA,5.5,
20210630-MOHK-039,20210630-MOHK-039-A,20.9,9.2,
20210630-MOHK-039,20210630-MOHK-039-B,8,NA,
20210630-MOHK-039,20210630-MOHK-039-C,NA,2.5,
20210630-MOHK-040,20210630-MOHK-040-A,29.4,8,
20210630-MOHK-040,20210630-MOHK-040-B,5.5,NA,
20210630-MOHK-040,20210630-MOHK-040-C,NA,4.1,
20210630-MOHK-041,20210630-MOHK-041-A,13.6,0.5,
20210630-MOHK-042,20210630-MOHK-042-A,6,2.3,
20210630-MOHK-043,20210630-MOHK-043-A,6.4,1.8,
20210630-MOHK-044,20210630-MOHK-044-A,5.5,1.6,
20210630-MOHK-045,20210630-MOHK-045-A,7.8,2.2,
20210630-MOHK-046,20210630-MOHK-046-A,11.9,0.1,
20210630-MOHK-047,20210630-MOHK-047-A,33.9,12.1,
20210630-MOHK-047,20210630-MOHK-047-B,10.1,NA,
20210630-MOHK-047,20210630-MOHK-047-C,NA,2.9,
20210709-MOHK-001,20210709-MOHK-001-A,29.9,10.6,
20210709-MOHK-002,20210709-MOHK-002-A,19.3,4.2,
20210709-MOHK-003,20210709-MOHK-003-A,30.7,11.5,
20210709-MOHK-004,20210709-MOHK-004-A,7.9,3.3,
20210709-MOHK-004,20210709-MOHK-004-B,0.9,0.1,
20210709-MOHK-004,20210709-MOHK-004-C,NA,0.7,
20210709-MOHK-005,20210709-MOHK-005-A,17,4.3,
20210709-MOHK-005,20210709-MOHK-005-B,3.1,0.2,
20210709-MOHK-005,20210709-MOHK-005-C,NA,0.9,
20210709-MOHK-006,20210709-MOHK-006-A,32.8,6.1,
20210709-MOHK-006,20210709-MOHK-006-B,8.4,0.35,
20210709-MOHK-006,20210709-MOHK-006-C,NA,2.2,
20210709-MOHK-007,20210709-MOHK-007-A,14.4,5.1,
20210709-MOHK-007,20210709-MOHK-007-B,3.2,0.2,
20210709-MOHK-007,20210709-MOHK-007-C,NA,1,
20210709-MOHK-008,20210709-MOHK-008-A,15.1,6.1,
20210709-MOHK-008,20210709-MOHK-008-B,1.5,0.15,
20210709-MOHK-008,20210709-MOHK-008-C,NA,2.8,
20210709-MOHK-009,20210709-MOHK-009-A,12.3,0.1,
20210709-MOHK-010,20210709-MOHK-010-A,14.2,4.3,
20210709-MOHK-010,20210709-MOHK-010-B,3,0.2,
20210709-MOHK-010,20210709-MOHK-010-C,NA,1.3,
20210719-IVEE-001,20210719-IVEE-001-A,6.1,2.1,
20210719-IVEE-001,20210719-IVEE-001-B,0.8,0.1,
20210719-IVEE-002,20210719-IVEE-002-A,6.7,1.7,
20210719-IVEE-002,20210719-IVEE-002-B,1.3,0.1,
20210719-IVEE-003,20210719-IVEE-003-A,7.8,2.4,
20210719-IVEE-003,20210719-IVEE-003-B,0.3,0.1,
20210719-IVEE-003,20210719-IVEE-003-C,NA,5.3,
20210719-IVEE-004,20210719-IVEE-004-A,13,1,
20210719-IVEE-005,20210719-IVEE-005-A,9.1,2.2,
20210719-IVEE-006,20210719-IVEE-006-A,8.8,2.1,
20210719-IVEE-007,20210719-IVEE-007-A,16.7,1.2,
20210719-IVEE-008,20210719-IVEE-008-A,9.3,1.2,
20210719-IVEE-009,20210719-IVEE-009-A,4.9,0.4,
20210719-IVEE-010,20210719-IVEE-010-A,3.9,0.3,
20210719-IVEE-011,20210719-IVEE-011-A,10,7.5,
20210719-IVEE-012,20210719-IVEE-012-A,17.5,4.7,
20210719-IVEE-013,20210719-IVEE-013-A,27.5,5.3,
20210719-IVEE-014,20210719-IVEE-014-A,32,3.5,
20210719-IVEE-015,20210719-IVEE-015-A,18.6,2.9,
20210719-IVEE-016,20210719-IVEE-016-A,21.7,5.2,
20210719-IVEE-017,20210719-IVEE-017-A,27.3,9.5,
20210719-IVEE-018,20210719-IVEE-018-A,28.4,3.9,
20210719-IVEE-019,20210719-IVEE-019-A,15.3,4,
20210719-IVEE-020,20210719-IVEE-020-A,5.4,1.3,
20210719-IVEE-021,20210719-IVEE-021-A,11.9,2.5,
20210719-IVEE-022,20210719-IVEE-022-A,10.2,2.1,
20210719-IVEE-023,20210719-IVEE-023-A,7.5,1,
20210719-IVEE-024,20210719-IVEE-024-A,8.6,2.4,
20210719-IVEE-025,20210719-IVEE-025-A,27.3,0.5,
20210719-IVEE-026,20210719-IVEE-026-A,19.1,0.2,
20210719-IVEE-026,20210719-IVEE-026-B,25,0.5,
20210719-IVEE-026,20210719-IVEE-026-C,27.4,0.3,
20210719-IVEE-026,20210719-IVEE-026-D,35.5,0.5,
20210720-CARP-001,20210720-CARP-001-A,73.3,4.6,
20210720-CARP-001,20210720-CARP-001-B,21.2,0.7,
20210720-CARP-001,20210720-CARP-001-C,NA,8.4,
20210720-CARP-002,20210720-CARP-002-A,60.6,10,
20210720-CARP-002,20210720-CARP-002-B,28.6,3.8,
20210720-CARP-002,20210720-CARP-002-C,29.9,4.6,
20210720-CARP-002,20210720-CARP-002-D,23.3,3.8,
20210720-CARP-002,20210720-CARP-002-E,23.5,0.8,
20210720-CARP-002,20210720-CARP-002-F,NA,6.4,
20210721-BULL-001,20210721-BULL-001-A,27.2,15.2,
20210721-BULL-002,20210721-BULL-002-A,33.5,4,
20210721-BULL-003,20210721-BULL-003-A,23.2,6.3,
20210721-BULL-004,20210721-BULL-004-A,105.8,10,
20210721-BULL-004,20210721-BULL-004-B,22.8,0.6,
20210721-BULL-004,20210721-BULL-004-C,NA,12.9,
20210721-BULL-005,20210721-BULL-005-A,161.5,10.3,
20210721-BULL-005,20210721-BULL-005-B,26.5,0.8,
20210721-BULL-005,20210721-BULL-005-C,NA,9.7,
20210721-BULL-006,20210721-BULL-006-A,36.6,7.8,
20210721-BULL-006,20210721-BULL-006-B,14,0.5,
20210721-BULL-006,20210721-BULL-006-C,NA,4.2,
20210721-BULL-007,20210721-BULL-007-A,17.3,9,
20210721-BULL-007,20210721-BULL-007-B,16.6,0.6,
20210721-BULL-007,20210721-BULL-007-C,NA,5,
20210721-BULL-008,20210721-BULL-008-A,25.5,5.5,
20210721-BULL-009,20210721-BULL-009-A,16.5,8.5,
20210721-BULL-010,20210721-BULL-010-A,29.3,3.5,
20210721-BULL-011,20210721-BULL-011-A,27.4,4.7,
20210721-BULL-012,20210721-BULL-012-A,32.2,4,
20210721-BULL-013,20210721-BULL-013-A,38.6,5.1,
20210721-BULL-014,20210721-BULL-014-A,27.3,8.9,
20210721-BULL-015,20210721-BULL-015-A,59,19.9,
20210721-BULL-016,20210721-BULL-016-A,10.3,6.2,
20210721-BULL-017,20210721-BULL-017-A,11.5,5.2,
20210721-BULL-018,20210721-BULL-018-A,9,4.3,
20210721-BULL-019,20210721-BULL-019-A,26,6.9,
20210721-BULL-020,20210721-BULL-020-A,35.4,5.2,
20210721-BULL-021,20210721-BULL-021-A,26.6,2.8,
20210721-BULL-022,20210721-BULL-022-A,22.5,1.8,
20210721-BULL-023,20210721-BULL-023-A,21.9,2.2,
20210721-BULL-024,20210721-BULL-024-A,42.5,6.4,
20210721-BULL-025,20210721-BULL-025-A,32.2,5.7,
20210721-BULL-026,20210721-BULL-026-A,38.3,6.7,
20210721-BULL-027,20210721-BULL-027-A,21.6,5.5,
20210721-BULL-028,20210721-BULL-028-A,22,5,
20210721-BULL-029,20210721-BULL-029-A,34.4,6.6,
20210722-AQUE-001,20210722-AQUE-001-A,19.4,4.6,
20210722-AQUE-001,20210722-AQUE-001-B,4.6,0.3,
20210722-AQUE-001,20210722-AQUE-001-C,NA,1.4,
20210722-AQUE-002,20210722-AQUE-002-A,40.6,8.9,
20210722-AQUE-002,20210722-AQUE-002-B,12.7,0.4,
20210722-AQUE-002,20210722-AQUE-002-C,NA,2.7,
20210722-AQUE-003,20210722-AQUE-003-A,18.6,5.9,
20210722-AQUE-003,20210722-AQUE-003-B,9.2,0.3,
20210722-AQUE-003,20210722-AQUE-003-C,NA,2.5,
20210722-AQUE-004,20210722-AQUE-004-A,33,4.9,
20210722-AQUE-004,20210722-AQUE-004-B,18.3,2.8,
20210722-AQUE-004,20210722-AQUE-004-C,24,4.1,
20210722-AQUE-004,20210722-AQUE-004-D,37.1,4.9,
20210722-AQUE-004,20210722-AQUE-004-E,19.3,0.9,
20210722-AQUE-004,20210722-AQUE-004-F,NA,11.1,
20210722-AQUE-005,20210722-AQUE-005-A,33.2,4.4,
20210722-AQUE-005,20210722-AQUE-005-B,33.6,4.8,
20210722-AQUE-005,20210722-AQUE-005-C,29.4,4.1,
20210722-AQUE-005,20210722-AQUE-005-D,20.7,0.8,
20210722-AQUE-005,20210722-AQUE-005-E,NA,11.8,
20220405-MOHK-001,20220405-MOHK-001-A,89.5,7.5,
20220405-MOHK-001,20220405-MOHK-001-B,135.2,11.2,
20220405-MOHK-001,20220405-MOHK-001-C,68,7.9,
20220405-MOHK-001,20220405-MOHK-001-D,30.2,6.6,
20220405-MOHK-001,20220405-MOHK-001-E,27.8,5.6,
20220405-MOHK-001,20220405-MOHK-001-F,27.8,6.4,
20220405-MOHK-001,20220405-MOHK-001-G,14.7,3.4,
20220405-MOHK-001,20220405-MOHK-001-H,20.5,1.3,
20220405-MOHK-001,20220405-MOHK-001-I,NA,9,
20220405-MOHK-002,20220405-MOHK-002-A,52,7.5,
20220405-MOHK-002,20220405-MOHK-002-B,99.9,11.8,
20220405-MOHK-002,20220405-MOHK-002-C,39.5,8,
20220405-MOHK-002,20220405-MOHK-002-D,8.5,1.2,
20220405-MOHK-002,20220405-MOHK-002-E,NA,11,
20220405-MOHK-003,20220405-MOHK-003-A,47,5.1,
20220405-MOHK-003,20220405-MOHK-003-B,44.2,6.5,
20220405-MOHK-003,20220405-MOHK-003-C,75,5.8,
20220405-MOHK-003,20220405-MOHK-003-D,61.7,5.7,
20220405-MOHK-003,20220405-MOHK-003-E,48.8,6.8,
20220405-MOHK-003,20220405-MOHK-003-F,64,6,
20220405-MOHK-003,20220405-MOHK-003-G,42,4.8,
20220405-MOHK-003,20220405-MOHK-003-H,13.7,3.1,
20220405-MOHK-003,20220405-MOHK-003-I,7.4,11.5,
20220405-MOHK-003,20220405-MOHK-003-J,25.5,1.8,
20220405-MOHK-003,20220405-MOHK-003-K,NA,6.8,
20220407-AQUE-001,20220407-AQUE-001-A,17.5,4.4,
20220407-AQUE-001,20220407-AQUE-001-B,35.4,6.2,
20220407-AQUE-001,20220407-AQUE-001-C,23.7,5.2,
20220407-AQUE-001,20220407-AQUE-001-D,55.8,5.7,
20220407-AQUE-001,20220407-AQUE-001-E,68.7,6.4,
20220407-AQUE-001,20220407-AQUE-001-F,67.5,12,
20220407-AQUE-001,20220407-AQUE-001-G,64,6.9,
20220407-AQUE-001,20220407-AQUE-001-H,67.4,7,
20220407-AQUE-001,20220407-AQUE-001-I,34,6.2,
20220407-AQUE-001,20220407-AQUE-001-J,23.5,3.6,
20220407-AQUE-001,20220407-AQUE-001-K,31.3,5.3,
20220407-AQUE-001,20220407-AQUE-001-L,22,5.5,
20220407-AQUE-001,20220407-AQUE-001-M,26,0.7,
20220407-AQUE-002,20220407-AQUE-002-A,14.5,5.1,
20220407-AQUE-002,20220407-AQUE-002-B,19.3,5.8,
20220407-AQUE-002,20220407-AQUE-002-C,34.9,6.4,
20220407-AQUE-002,20220407-AQUE-002-D,65.3,8.5,
20220407-AQUE-002,20220407-AQUE-002-E,70.5,7.3,
20220407-AQUE-002,20220407-AQUE-002-F,25.4,4.8,
20220407-AQUE-002,20220407-AQUE-002-G,100.2,11.1,
20220407-AQUE-002,20220407-AQUE-002-H,78,6.5,
20220407-AQUE-002,20220407-AQUE-002-I,37.1,5.5,
20220407-AQUE-002,20220407-AQUE-002-J,24.5,5.1,
20220407-AQUE-002,20220407-AQUE-002-K,NA,NA,
20220407-AQUE-002,20220407-AQUE-002-L,32.3,0.8,
20220407-AQUE-003,20220407-AQUE-003-A,30.8,5.8,
20220407-AQUE-003,20220407-AQUE-003-B,29.2,5.9,
20220407-AQUE-003,20220407-AQUE-003-C,45.7,5.5,
20220407-AQUE-003,20220407-AQUE-003-D,83.2,5.8,
20220407-AQUE-003,20220407-AQUE-003-E,82.5,6.1,
20220407-AQUE-003,20220407-AQUE-003-F,39.2,6.5,
20220407-AQUE-003,20220407-AQUE-003-G,33.2,4.9,
20220407-AQUE-003,20220407-AQUE-003-H,171,12,
20220407-AQUE-003,20220407-AQUE-003-I,42.7,5.5,
20220407-AQUE-003,20220407-AQUE-003-J,91.5,6.4,
20220407-AQUE-003,20220407-AQUE-003-K,87,6.2,
20220407-AQUE-003,20220407-AQUE-003-L,71.5,5.6,
20220407-AQUE-003,20220407-AQUE-003-M,46,7,
20220407-AQUE-003,20220407-AQUE-003-N,NA,NA,
20220407-AQUE-003,20220407-AQUE-003-O,38.8,0.9,
20220407-AQUE-004,20220407-AQUE-004-A,21.7,5.1,
20220407-AQUE-004,20220407-AQUE-004-B,39.7,7.1,
20220407-AQUE-004,20220407-AQUE-004-C,75.6,6.8,
20220407-AQUE-004,20220407-AQUE-004-D,27.2,5.3,
20220407-AQUE-004,20220407-AQUE-004-E,119.3,10.2,
20220407-AQUE-004,20220407-AQUE-004-F,31.1,5.2,
20220407-AQUE-004,20220407-AQUE-004-G,47.6,6.5,
20220407-AQUE-004,20220407-AQUE-004-H,25.1,6,
20220407-AQUE-004,20220407-AQUE-004-I,26.1,0.6,
20220407-AQUE-004,20220407-AQUE-004-J,NA,7.2,
20220407-AQUE-005,20220407-AQUE-005-A,9.1,6.4,
20220407-AQUE-005,20220407-AQUE-005-B,23.5,5.6,
20220407-AQUE-005,20220407-AQUE-005-C,36.3,6.3,
20220407-AQUE-005,20220407-AQUE-005-D,54.8,6.4,
20220407-AQUE-005,20220407-AQUE-005-E,20.2,5.6,
20220407-AQUE-005,20220407-AQUE-005-F,21.5,73,
20220407-AQUE-005,20220407-AQUE-005-G,96.2,10.2,
20220407-AQUE-005,20220407-AQUE-005-H,33.1,6.5,
20220407-AQUE-005,20220407-AQUE-005-I,59.8,6.5,
20220407-AQUE-005,20220407-AQUE-005-J,39.8,8.2,
20220407-AQUE-005,20220407-AQUE-005-K,23.4,3.9,
20220407-AQUE-005,20220407-AQUE-005-L,24.9,6.5,
20220407-AQUE-005,20220407-AQUE-005-M,20.5,6.1,
20220407-AQUE-005,20220407-AQUE-005-N,NA,NA,
20220407-AQUE-005,20220407-AQUE-005-O,26.1,0.7,
20220407-AQUE-005,20220407-AQUE-005-P,NA,7.4,
20220407-AQUE-006,20220407-AQUE-006-A,46.6,8,
20220407-AQUE-006,20220407-AQUE-006-B,19.1,6.1,
20220407-AQUE-006,20220407-AQUE-006-C,33.5,8,
20220407-AQUE-006,20220407-AQUE-006-D,68.5,8.2,
20220407-AQUE-006,20220407-AQUE-006-E,27.3,5.6,
20220407-AQUE-006,20220407-AQUE-006-F,123,10.5,
20220407-AQUE-006,20220407-AQUE-006-G,6,5.2,
20220407-AQUE-006,20220407-AQUE-006-H,52.1,7.6,
20220407-AQUE-006,20220407-AQUE-006-I,42,5.6,
20220407-AQUE-006,20220407-AQUE-006-J,53.6,7.6,
20220407-AQUE-006,20220407-AQUE-006-K,NA,NA,
20220407-AQUE-006,20220407-AQUE-006-L,26.4,0.7,
20220407-AQUE-006,20220407-AQUE-006-M,NA,7,
20220407-AQUE-007,20220407-AQUE-007-A,38.6,7.5,
20220407-AQUE-007,20220407-AQUE-007-B,14.4,4.6,
20220407-AQUE-007,20220407-AQUE-007-C,13.7,4.2,
20220407-AQUE-007,20220407-AQUE-007-D,50.4,6.2,
20220407-AQUE-007,20220407-AQUE-007-E,43.8,6.5,
20220407-AQUE-007,20220407-AQUE-007-F,14.9,3.3,
20220407-AQUE-007,20220407-AQUE-007-G,64.7,11.7,
20220407-AQUE-007,20220407-AQUE-007-H,25,5.2,
20220407-AQUE-007,20220407-AQUE-007-I,44.4,6.3,
20220407-AQUE-007,20220407-AQUE-007-J,51,7.4,
20220407-AQUE-007,20220407-AQUE-007-K,33.6,9.2,
20220407-AQUE-007,20220407-AQUE-007-L,19,5.9,
20220407-AQUE-007,20220407-AQUE-007-M,10.4,3.3,
20220407-AQUE-007,20220407-AQUE-007-N,NA,NA,
20220407-AQUE-007,20220407-AQUE-007-O,24,0.7,
20220407-AQUE-007,20220407-AQUE-007-P,NA,10.5,
20220407-AQUE-008,20220407-AQUE-008-A,15.5,5.6,
20220407-AQUE-008,20220407-AQUE-008-B,15.3,5.9,
20220407-AQUE-008,20220407-AQUE-008-C,18.6,5.9,
20220407-AQUE-008,20220407-AQUE-008-D,27,6.1,
20220407-AQUE-008,20220407-AQUE-008-E,49.7,7,
20220407-AQUE-008,20220407-AQUE-008-F,81.1,6.9,
20220407-AQUE-008,20220407-AQUE-008-G,58.2,6.8,
20220407-AQUE-008,20220407-AQUE-008-H,25.8,5.2,
20220407-AQUE-008,20220407-AQUE-008-I,88.2,12.4,
20220407-AQUE-008,20220407-AQUE-008-J,14,2.8,
20220407-AQUE-008,20220407-AQUE-008-K,36.5,6.1,
20220407-AQUE-008,20220407-AQUE-008-L,82.9,7.9,
20220407-AQUE-008,20220407-AQUE-008-M,68.9,7.4,
20220407-AQUE-008,20220407-AQUE-008-N,19.1,7.9,
20220407-AQUE-008,20220407-AQUE-008-O,NA,NA,
20220407-AQUE-008,20220407-AQUE-008-P,28.5,0.8,
20220407-AQUE-008,20220407-AQUE-008-Q,NA,10.5,
20220407-AQUE-009,20220407-AQUE-009-A,9.5,5.1,
20220407-AQUE-009,20220407-AQUE-009-B,44.3,8.2,
20220407-AQUE-009,20220407-AQUE-009-C,61.7,12.7,
20220407-AQUE-009,20220407-AQUE-009-D,46,8.1,
20220407-AQUE-009,20220407-AQUE-009-E,28.5,8.9,
20220407-AQUE-009,20220407-AQUE-009-F,18.9,5.9,
20220407-AQUE-009,20220407-AQUE-009-G,NA,NA,
20220407-AQUE-009,20220407-AQUE-009-H,23,0.7,
20220407-AQUE-010,20220407-AQUE-010-A,22,3.4,
20220407-AQUE-010,20220407-AQUE-010-B,14,3.5,
20220407-AQUE-010,20220407-AQUE-010-C,30.9,7.5,
20220407-AQUE-010,20220407-AQUE-010-D,24.3,4.3,
20220407-AQUE-010,20220407-AQUE-010-E,4.9,3.2,
20220407-AQUE-010,20220407-AQUE-010-F,NA,NA,
20220407-AQUE-010,20220407-AQUE-010-G,17.4,0.4,
20220407-AQUE-010,20220407-AQUE-010-H,NA,5.3,
20220407-AQUE-011,20220407-AQUE-011-A,24.8,5.8,
20220407-AQUE-011,20220407-AQUE-011-B,25.4,10.4,
20220407-AQUE-011,20220407-AQUE-011-C,29.4,5.2,
20220407-AQUE-011,20220407-AQUE-011-D,22.1,4.9,
20220407-AQUE-011,20220407-AQUE-011-E,18.5,6,
20220407-AQUE-011,20220407-AQUE-011-F,NA,NA,
20220407-AQUE-011,20220407-AQUE-011-G,17.3,0.4,
20220407-AQUE-011,20220407-AQUE-011-H,NA,13.4,
20220407-AQUE-012,20220407-AQUE-012-A,2.9,3.6,
20220407-AQUE-012,20220407-AQUE-012-B,55.9,8.4,
20220407-AQUE-012,20220407-AQUE-012-C,22,5.5,
20220407-AQUE-012,20220407-AQUE-012-D,59.6,12.1,
20220407-AQUE-012,20220407-AQUE-012-E,35.1,6.5,
20220407-AQUE-012,20220407-AQUE-012-F,9.2,3.1,
20220407-AQUE-012,20220407-AQUE-012-G,12.8,4.9,
20220407-AQUE-012,20220407-AQUE-012-H,NA,NA,
20220407-AQUE-012,20220407-AQUE-012-I,15.5,0.6,
20220407-AQUE-012,20220407-AQUE-012-J,NA,4,
20220421-AQUE-001,20220421-AQUE-001-A,24.1,3.4,
20220421-AQUE-001,20220421-AQUE-001-B,42.7,1.6,
20220421-AQUE-001,20220421-AQUE-001-C,7.3,1.5,
20220421-AQUE-001,20220421-AQUE-001-D,20.5,2.2,
20220421-AQUE-001,20220421-AQUE-001-E,23.9,2.2,
20220421-AQUE-001,20220421-AQUE-001-F,20.4,1.1,
20220421-AQUE-001,20220421-AQUE-001-G,32.1,0.3,
20220421-AQUE-001,20220421-AQUE-001-H,48.1,0.3,
20220421-AQUE-001,20220421-AQUE-001-I,23.6,1.6,
20220421-AQUE-001,20220421-AQUE-001-J,4.8,0.8,
20220421-AQUE-001,20220421-AQUE-001-K,20.1,1.6,
20220421-AQUE-001,20220421-AQUE-001-L,4.9,2.1,
20220421-AQUE-001,20220421-AQUE-001-M,NA,NA,
20220421-AQUE-001,20220421-AQUE-001-N,9.2,0.7,
20220421-AQUE-002,20220421-AQUE-002-A,56.3,1.6,
20220421-AQUE-002,20220421-AQUE-002-B,109.7,0.3,
20220421-AQUE-002,20220421-AQUE-002-C,16.4,1.8,
20220421-AQUE-002,20220421-AQUE-002-D,28.6,1.8,
20220421-AQUE-002,20220421-AQUE-002-E,8.8,0.2,
20220421-AQUE-002,20220421-AQUE-002-F,57.4,2.2,
20220421-AQUE-002,20220421-AQUE-002-G,81.1,0.4,
20220421-AQUE-002,20220421-AQUE-002-H,18.9,2.9,
20220421-AQUE-002,20220421-AQUE-002-I,145.2,0.4,
20220421-AQUE-002,20220421-AQUE-002-J,37.1,1.1,
20220421-AQUE-002,20220421-AQUE-002-K,NA,NA,
20220421-AQUE-003,20220421-AQUE-003-A,20,1.9,
20220421-AQUE-003,20220421-AQUE-003-B,19.9,1.9,
20220421-AQUE-003,20220421-AQUE-003-C,30.3,2.2,
20220421-AQUE-003,20220421-AQUE-003-D,26.2,2,
20220421-AQUE-003,20220421-AQUE-003-E,51,1.9,
20220421-AQUE-003,20220421-AQUE-003-F,20.8,0.4,
20220421-AQUE-003,20220421-AQUE-003-G,25,1.9,
20220421-AQUE-003,20220421-AQUE-003-H,NA,NA,
20220421-AQUE-004,20220421-AQUE-004-A,21.6,1.9,
20220421-AQUE-004,20220421-AQUE-004-B,38.2,1.6,
20220421-AQUE-004,20220421-AQUE-004-C,20.5,0.2,
20220421-AQUE-004,20220421-AQUE-004-D,23.5,1.7,
20220421-AQUE-004,20220421-AQUE-004-E,35.8,0.2,
20220421-AQUE-004,20220421-AQUE-004-F,46.2,1.8,
20220421-AQUE-004,20220421-AQUE-004-G,36.3,0.2,
20220421-AQUE-004,20220421-AQUE-004-H,24.1,0.9,
20220421-AQUE-004,20220421-AQUE-004-I,21.4,0.2,
20220421-AQUE-004,20220421-AQUE-004-J,20.4,1.9,
20220421-AQUE-004,20220421-AQUE-004-K,33.1,1.3,
20220421-AQUE-004,20220421-AQUE-004-L,NA,NA,
20220421-AQUE-005,20220421-AQUE-005-A,31.1,2.1,
20220421-AQUE-005,20220421-AQUE-005-B,118.4,0.4,
20220421-AQUE-005,20220421-AQUE-005-C,32.5,2.1,
20220421-AQUE-005,20220421-AQUE-005-D,157.9,0.7,
20220421-AQUE-005,20220421-AQUE-005-E,42.3,1.8,
20220421-AQUE-005,20220421-AQUE-005-F,20.5,1.9,
20220421-AQUE-005,20220421-AQUE-005-G,28.5,2.5,
20220421-AQUE-005,20220421-AQUE-005-H,144,0.6,
20220421-AQUE-005,20220421-AQUE-005-I,42.4,2.1,
20220421-AQUE-005,20220421-AQUE-005-J,NA,NA,
20220428-AQUE-001,20220428-AQUE-001-A,38.9,7.1,
20220428-AQUE-001,20220428-AQUE-001-B,25.1,5.3,
20220428-AQUE-001,20220428-AQUE-001-C,41.2,5.7,
20220428-AQUE-001,20220428-AQUE-001-D,55.9,5.7,
20220428-AQUE-001,20220428-AQUE-001-E,27.2,4.8,
20220428-AQUE-001,20220428-AQUE-001-F,99,10.8,
20220428-AQUE-001,20220428-AQUE-001-G,21.8,4.5,
20220428-AQUE-001,20220428-AQUE-001-H,54,6.1,
20220428-AQUE-001,20220428-AQUE-001-I,51.2,6.1,
20220428-AQUE-001,20220428-AQUE-001-J,24.8,5.5,
20220428-AQUE-001,20220428-AQUE-001-K,36.3,7.6,
20220428-AQUE-001,20220428-AQUE-001-L,NA,NA,
20220428-AQUE-001,20220428-AQUE-001-M,22.3,0.7,
20220503-AQUE-001,20220503-AQUE-001-A,24.6,2.1,
20220503-AQUE-001,20220503-AQUE-001-B,17.5,1.8,
20220503-AQUE-001,20220503-AQUE-001-C,28.8,2,
20220503-AQUE-001,20220503-AQUE-001-D,12.4,1.9,
20220503-AQUE-001,20220503-AQUE-001-E,16.7,1.7,
20220503-AQUE-001,20220503-AQUE-001-F,17.4,2,
20220503-AQUE-001,20220503-AQUE-001-G,NA,NA,
20220503-AQUE-002,20220503-AQUE-002-A,37.7,1.9,
20220503-AQUE-002,20220503-AQUE-002-B,29.3,2.6,
20220503-AQUE-002,20220503-AQUE-002-C,21.2,2.4,
20220503-AQUE-002,20220503-AQUE-002-D,23.1,3.1,
20220503-AQUE-002,20220503-AQUE-002-E,18.1,2.8,
20220503-AQUE-002,20220503-AQUE-002-F,23.1,2.7,
20220503-AQUE-002,20220503-AQUE-002-G,24.6,2.6,
20220503-AQUE-002,20220503-AQUE-002-H,22.9,1.8,
20220503-AQUE-002,20220503-AQUE-002-I,NA,NA,
20220503-AQUE-003,20220503-AQUE-003-A,16.2,2.6,
20220503-AQUE-003,20220503-AQUE-003-B,32.1,2.4,
20220503-AQUE-003,20220503-AQUE-003-C,18.9,2.5,
20220503-AQUE-003,20220503-AQUE-003-D,25,2.7,
20220503-AQUE-003,20220503-AQUE-003-E,24.5,3.5,
20220503-AQUE-003,20220503-AQUE-003-F,12.9,1.8,
20220503-AQUE-003,20220503-AQUE-003-G,NA,NA,
20220503-AQUE-004,20220503-AQUE-004-A,22.3,3.1,
20220503-AQUE-004,20220503-AQUE-004-B,19.1,3.4,
20220503-AQUE-004,20220503-AQUE-004-C,26.7,3.4,
20220503-AQUE-004,20220503-AQUE-004-D,21.5,2.3,
20220503-AQUE-004,20220503-AQUE-004-E,18.3,2.1,
20220503-AQUE-004,20220503-AQUE-004-F,17.6,2.6,
20220503-AQUE-004,20220503-AQUE-004-G,NA,NA,
20220503-AQUE-005,20220503-AQUE-005-A,15.1,2.1,
20220503-AQUE-005,20220503-AQUE-005-B,10.4,1.7,
20220503-AQUE-005,20220503-AQUE-005-C,18.8,2.2,
20220503-AQUE-005,20220503-AQUE-005-D,14.8,2.2,
20220503-AQUE-005,20220503-AQUE-005-E,14.2,3.1,
20220503-AQUE-005,20220503-AQUE-005-F,17.8,1.8,
20220503-AQUE-005,20220503-AQUE-005-G,NA,NA,
20220503-AQUE-006,20220503-AQUE-006-A,12.8,2.3,
20220503-AQUE-006,20220503-AQUE-006-B,14.9,2.6,
20220503-AQUE-006,20220503-AQUE-006-C,12.9,2.7,
20220503-AQUE-006,20220503-AQUE-006-D,17.6,3.7,
20220503-AQUE-006,20220503-AQUE-006-E,15,2.1,
20220503-AQUE-006,20220503-AQUE-006-F,10.4,2.6,
20220503-AQUE-006,20220503-AQUE-006-G,NA,NA,
20220503-AQUE-007,20220503-AQUE-007-A,19,2.4,
20220503-AQUE-007,20220503-AQUE-007-B,10.8,1.9,
20220503-AQUE-007,20220503-AQUE-007-C,20.4,2.8,
20220503-AQUE-007,20220503-AQUE-007-D,17.3,2.8,
20220503-AQUE-007,20220503-AQUE-007-E,24.9,2.9,
20220503-AQUE-007,20220503-AQUE-007-F,NA,NA,
20220503-AQUE-008,20220503-AQUE-008-A,33.3,1.1,
20220503-AQUE-008,20220503-AQUE-008-B,NA,NA,
20220503-AQUE-008,20220503-AQUE-008-C,NA,NA,
20220503-AQUE-008,20220503-AQUE-008-D,NA,NA,
20220503-AQUE-008,20220503-AQUE-008-E,NA,NA,
20220503-AQUE-008,20220503-AQUE-008-F,NA,1.1,
20220503-AQUE-009,20220503-AQUE-009-A,29.6,0.8,
20220503-AQUE-009,20220503-AQUE-009-B,26.4,1.2,
20220503-AQUE-009,20220503-AQUE-009-C,85.3,1.4,
20220712-AQUE-001,20220712-AQUE-001-A,63.4,4.3,
20220712-AQUE-001,20220712-AQUE-001-B,156.7,4.2,
20220712-AQUE-001,20220712-AQUE-001-C,79,5.4,
20220712-AQUE-001,20220712-AQUE-001-D,217.4,4.9,
20220712-AQUE-001,20220712-AQUE-001-E,81.8,3.3,
20220712-AQUE-001,20220712-AQUE-001-F,61.6,5.5,
20220712-AQUE-001,20220712-AQUE-001-G,184,5.3,
20220719-NAPL-001,20220719-NAPL-001-A,11.3,5,
20220719-NAPL-001,20220719-NAPL-001-B,35.3,17.5,
20220719-NAPL-001,20220719-NAPL-001-C,23.8,23.4,
20220719-NAPL-001,20220719-NAPL-001-D,39,19.7,
20220719-NAPL-002,20220719-NAPL-002-A,13.7,0.7,
20220719-NAPL-002,20220719-NAPL-002-B,9,0.8,
20220719-NAPL-003,20220719-NAPL-003-A,10.6,16,
20220719-NAPL-003,20220719-NAPL-003-B,12.2,14.5,
20220719-NAPL-003,20220719-NAPL-003-C,11.2,15.6,
20220719-NAPL-003,20220719-NAPL-003-D,9.3,12.8,
20220719-NAPL-003,20220719-NAPL-003-E,9.7,14.4,
20220719-NAPL-003,20220719-NAPL-003-F,NA,NA,
20220719-NAPL-004,20220719-NAPL-004-A,14.9,4,
20220719-NAPL-004,20220719-NAPL-004-B,15,4,
20220719-NAPL-004,20220719-NAPL-004-C,10.9,4.4,
20220719-NAPL-004,20220719-NAPL-004-D,11.3,15.1,
20220719-NAPL-004,20220719-NAPL-004-E,14.5,18.5,
20220719-NAPL-004,20220719-NAPL-004-F,12.7,13.6,
20220719-NAPL-005,20220719-NAPL-005-A,6.3,9,
20220719-NAPL-005,20220719-NAPL-005-B,7.4,11.3,
20220719-NAPL-005,20220719-NAPL-005-C,5.5,7,
20220719-NAPL-005,20220719-NAPL-005-D,5.1,4.2,
20220719-NAPL-005,20220719-NAPL-005-E,7.1,11.5,
20220719-NAPL-005,20220719-NAPL-005-F,10.7,10.5,
20220719-NAPL-006,20220719-NAPL-006-A,13.5,13.7,
20220719-NAPL-006,20220719-NAPL-006-B,11.9,11.4,
20220719-NAPL-006,20220719-NAPL-006-C,13,14.5,
20220719-NAPL-007,20220719-NAPL-007-A,159.6,12.8,
20220719-NAPL-007,20220719-NAPL-007-B,82.3,8.3,
20220719-NAPL-007,20220719-NAPL-007-C,70.5,7.8,
20220719-NAPL-007,20220719-NAPL-007-D,107.5,7.8,
20220719-NAPL-007,20220719-NAPL-007-E,125,7,
20220719-NAPL-007,20220719-NAPL-007-F,79.5,7.4,
20220719-NAPL-007,20220719-NAPL-007-G,72,7,
20220719-NAPL-007,20220719-NAPL-007-H,27.4,5.5,
20220719-NAPL-007,20220719-NAPL-007-I,21.6,4.1,
20220719-NAPL-007,20220719-NAPL-007-J,32.6,0.9,
20220719-NAPL-007,20220719-NAPL-007-K,NA,12,
20220719-NAPL-008,20220719-NAPL-008-A,13.7,8.2,
20220719-NAPL-008,20220719-NAPL-008-B,42.45,13.9,
20220719-NAPL-008,20220719-NAPL-008-C,21.8,10.2,
20220719-NAPL-009,20220719-NAPL-009-A,17.2,13.5,
20220719-NAPL-010,20220719-NAPL-010-A,13.5,5.2,
20220719-NAPL-010,20220719-NAPL-010-B,17,9.3,
20220719-NAPL-011,20220719-NAPL-011-A,19,0.1,
20220719-NAPL-011,20220719-NAPL-011-B,19.5,0.1,
20220719-NAPL-011,20220719-NAPL-011-C,39.5,0.3,
20220719-NAPL-011,20220719-NAPL-011-D,27.5,0.1,
20220719-NAPL-011,20220719-NAPL-011-E,NA,NA,
20220719-NAPL-012,20220719-NAPL-012-A,11.8,0.8,
20220719-NAPL-012,20220719-NAPL-012-B,12.7,11,
20220719-NAPL-012,20220719-NAPL-012-C,7.4,7.6,
20220719-NAPL-012,20220719-NAPL-012-D,14.5,7.5,
20220719-NAPL-012,20220719-NAPL-012-E,12.1,5.6,
20220719-NAPL-012,20220719-NAPL-012-F,9.2,5.4,
20220719-NAPL-012,20220719-NAPL-012-G,NA,NA,
20220719-NAPL-013,20220719-NAPL-013-A,12.3,1.8,
20220719-NAPL-013,20220719-NAPL-013-B,22.5,3.5,
20220719-NAPL-013,20220719-NAPL-013-C,17.3,3.6,
20220719-NAPL-014,20220719-NAPL-014-A,18,10.3,
20220719-NAPL-014,20220719-NAPL-014-B,14.5,4.7,
20220719-NAPL-015,20220719-NAPL-014-C,53.5,17.5,
20220719-NAPL-015,20220719-NAPL-015-A,18.8,4.4,
20220719-NAPL-016,20220719-NAPL-016-A,46,0.2,
20220719-NAPL-016,20220719-NAPL-016-B,25.1,0.2,
20220719-NAPL-016,20220719-NAPL-016-C,34,0.2,
20220719-NAPL-016,20220719-NAPL-016-D,49.3,0.3,
20220719-NAPL-016,20220719-NAPL-016-E,34,0.2,
20220719-NAPL-016,20220719-NAPL-016-F,NA,NA,
20220719-NAPL-017,20220719-NAPL-017-A,9,3,
20220719-NAPL-017,20220719-NAPL-017-B,16.3,9.1,
20220719-NAPL-017,20220719-NAPL-017-C,13.9,6.4,
20220719-NAPL-017,20220719-NAPL-017-D,18.9,8,
20220719-NAPL-018,20220719-NAPL-018-A,12.6,8.9,
20220719-NAPL-018,20220719-NAPL-018-B,15.3,7.2,
20220719-NAPL-018,20220719-NAPL-018-C,14.7,3.3,
20220719-NAPL-018,20220719-NAPL-018-D,8.9,3.4,
20220719-NAPL-019,20220719-NAPL-019-A,50.2,7.2,
20220719-NAPL-019,20220719-NAPL-019-B,NA,4.7,
20220719-NAPL-020,20220719-NAPL-020-A,153,12.2,
20220719-NAPL-020,20220719-NAPL-020-B,93.8,7.2,
20220719-NAPL-020,20220719-NAPL-020-C,99,7,
20220719-NAPL-020,20220719-NAPL-020-D,105,7.1,
20220719-NAPL-020,20220719-NAPL-020-E,70.5,7.5,
20220719-NAPL-020,20220719-NAPL-020-F,43.7,6.4,
20220719-NAPL-020,20220719-NAPL-020-G,37.2,6,
20220719-NAPL-020,20220719-NAPL-020-H,75,8,
20220719-NAPL-020,20220719-NAPL-020-I,46.4,7.1,
20220719-NAPL-020,20220719-NAPL-020-J,75.2,7.3,
20220719-NAPL-020,20220719-NAPL-020-K,NA,NA,
20220719-NAPL-020,20220719-NAPL-020-L,44.7,1.4,
20220719-NAPL-020,20220719-NAPL-020-M,NA,11.4,
20220719-NAPL-020,20220719-NAPL-020-N,105.1,7.2,
20220719-NAPL-021,20220719-NAPL-021-A,248,16.3,
20220719-NAPL-021,20220719-NAPL-021-B,111,8.2,
20220719-NAPL-021,20220719-NAPL-021-C,174.9,8.8,
20220719-NAPL-021,20220719-NAPL-021-D,59.2,7.3,
20220719-NAPL-021,20220719-NAPL-021-E,138.3,8.8,
20220719-NAPL-021,20220719-NAPL-021-F,NA,NA,
20220719-NAPL-021,20220719-NAPL-021-G,39.8,1.5,
20220719-NAPL-021,20220719-NAPL-021-H,NA,11.5,
20220721-NAPL-001,20220721-NAPL-001-A,7.6,7.2,
20220721-NAPL-001,20220721-NAPL-001-B,9,9.4,
20220721-NAPL-001,20220721-NAPL-001-C,10.9,12.3,
20220721-NAPL-001,20220721-NAPL-001-D,9.9,6.6,
20220721-NAPL-001,20220721-NAPL-001-E,10.3,10.4,
20220721-NAPL-001,20220721-NAPL-001-F,NA,NA,
20220721-NAPL-002,20220721-NAPL-002-A,9,7.6,
20220721-NAPL-002,20220721-NAPL-002-B,9.5,13.1,
20220721-NAPL-002,20220721-NAPL-002-C,9.5,4,
20220721-NAPL-002,20220721-NAPL-002-D,9.8,6.5,
20220721-NAPL-002,20220721-NAPL-002-E,9.2,11.5,
20220721-NAPL-002,20220721-NAPL-002-F,NA,NA,
20220721-NAPL-003,20220721-NAPL-003-A,15.7,0.2,
20220721-NAPL-003,20220721-NAPL-003-B,12.1,0.2,
20220721-NAPL-003,20220721-NAPL-003-C,14.7,0.2,
20220721-NAPL-003,20220721-NAPL-003-D,19.1,0.2,
20220721-NAPL-003,20220721-NAPL-003-E,20.8,0.3,
20220721-NAPL-003,20220721-NAPL-003-F,NA,NA,
20220721-NAPL-004,20220721-NAPL-004-A,33,14.4,
20220721-NAPL-004,20220721-NAPL-004-B,2.3,0.8,
20220721-NAPL-004,20220721-NAPL-004-C,NA,6,
20220721-NAPL-005,20220721-NAPL-005-A,11,0.2,
20220721-NAPL-005,20220721-NAPL-005-B,24,0.3,
20220721-NAPL-005,20220721-NAPL-005-C,21.5,0.3,
20220721-NAPL-005,20220721-NAPL-005-D,20.6,0.3,
20220721-NAPL-005,20220721-NAPL-005-E,21.5,0.2,
20220721-NAPL-005,20220721-NAPL-005-F,NA,NA,
20220721-NAPL-006,20220721-NAPL-006-A,22.4,1.4,
20220721-NAPL-006,20220721-NAPL-006-B,20.2,2,
20220721-NAPL-006,20220721-NAPL-006-C,21.4,1.5,
20220721-NAPL-006,20220721-NAPL-006-D,24.9,1.4,
20220721-NAPL-006,20220721-NAPL-006-E,12.8,2,
20220721-NAPL-006,20220721-NAPL-006-F,NA,NA,
20220721-NAPL-007,20220721-NAPL-007-A,61,18.6,
20220721-NAPL-007,20220721-NAPL-007-B,3.3,0.8,
20220721-NAPL-007,20220721-NAPL-007-C,NA,7.8,
20220721-NAPL-008,20220721-NAPL-008-A,49.5,23.1,
20220721-NAPL-008,20220721-NAPL-008-B,3.6,0.8,
20220721-NAPL-008,20220721-NAPL-008-C,NA,7.8,
20220721-NAPL-009,20220721-NAPL-009-A,137,28,
20220721-NAPL-009,20220721-NAPL-009-B,2.8,0.7,
20220721-NAPL-009,20220721-NAPL-009-C,NA,5.4,
20220721-NAPL-010,20220721-NAPL-010-A,21.7,2.9,
20220721-NAPL-010,20220721-NAPL-010-B,15.6,2.4,
20220721-NAPL-010,20220721-NAPL-010-C,13.5,1.8,
20220721-NAPL-010,20220721-NAPL-010-D,16.6,2.6,
20220721-NAPL-010,20220721-NAPL-010-E,14.9,2.8,
20220721-NAPL-010,20220721-NAPL-010-F,NA,NA,
20220721-NAPL-011,20220721-NAPL-011-A,5.9,5.5,
20220721-NAPL-011,20220721-NAPL-011-B,NA,NA,
20220721-NAPL-012,20220721-NAPL-012-A,8.1,11.8,
20220721-NAPL-012,20220721-NAPL-012-B,6.6,9.4,
20220721-NAPL-012,20220721-NAPL-012-C,8.5,12,
20220721-NAPL-012,20220721-NAPL-012-D,8.2,10.8,
20220721-NAPL-012,20220721-NAPL-012-E,8.2,10.9,
20220721-NAPL-012,20220721-NAPL-012-F,NA,NA,
20220721-NAPL-013,20220721-NAPL-013-A,5.1,1,
20220721-NAPL-014,20220721-NAPL-014-A,2.8,0.9,
20220721-NAPL-014,20220721-NAPL-014-B,3.3,0.6,
20220721-NAPL-015,20220721-NAPL-015-A,24.1,1.6,
20220721-NAPL-015,20220721-NAPL-015-B,29.7,2.2,
20220721-NAPL-015,20220721-NAPL-015-C,2.7,2.2,
20220721-NAPL-015,20220721-NAPL-015-D,33.3,2.8,
20220721-NAPL-015,20220721-NAPL-015-E,25.2,2.3,
20220721-NAPL-015,20220721-NAPL-015-F,NA,NA,
20220721-NAPL-016,20220721-NAPL-016-A,13.6,8.8,
20220721-NAPL-016,20220721-NAPL-016-B,28.1,11.3,
20220721-NAPL-016,20220721-NAPL-016-C,18.5,6.8,
20220721-NAPL-016,20220721-NAPL-016-D,17.3,7.9,
20220721-NAPL-016,20220721-NAPL-016-E,17.5,9.6,
20220721-NAPL-016,20220721-NAPL-016-F,NA,NA,
20220721-NAPL-017,20220721-NAPL-017-A,17.5,9.4,
20220721-NAPL-017,20220721-NAPL-017-B,17.9,13.8,
20220721-NAPL-017,20220721-NAPL-017-C,24,9.4,
20220721-NAPL-017,20220721-NAPL-017-D,15.7,9.2,
20220721-NAPL-017,20220721-NAPL-017-E,19,7.2,
20220721-NAPL-017,20220721-NAPL-017-F,NA,NA,
20220721-NAPL-018,20220721-NAPL-018-A,4.5,6.9,
20220721-NAPL-018,20220721-NAPL-018-B,6,8.8,
20220721-NAPL-018,20220721-NAPL-018-C,5.4,8.2,
20220721-NAPL-018,20220721-NAPL-018-D,5.9,5.4,
20220721-NAPL-018,20220721-NAPL-018-E,7.6,10.9,
20220721-NAPL-018,20220721-NAPL-018-F,NA,NA,
20220721-NAPL-019,20220721-NAPL-019-A,23.3,0.2,
20220721-NAPL-019,20220721-NAPL-019-B,15,0.2,
20220721-NAPL-019,20220721-NAPL-019-C,25.7,0.3,
20220721-NAPL-019,20220721-NAPL-019-D,16,0.2,
20220721-NAPL-019,20220721-NAPL-019-E,24.4,0.3,
20220721-NAPL-019,20220721-NAPL-019-F,NA,NA,
20220726-BULL-001,20220726-BULL-001-A,8.9,11.9,
20220726-BULL-001,20220726-BULL-001-B,8.8,5.8,
20220726-BULL-001,20220726-BULL-001-C,6.8,7.1,
20220726-BULL-001,20220726-BULL-001-D,9.8,9.8,
20220726-BULL-001,20220726-BULL-001-E,12,11.7,
20220726-BULL-002,20220726-BULL-002-A,26.8,20.3,
20220726-BULL-002,20220726-BULL-002-B,25,17.2,
20220726-BULL-002,20220726-BULL-002-C,13.2,4.4,
20220726-BULL-002,20220726-BULL-002-D,NA,NA,
20220726-BULL-003,20220726-BULL-003-A,25,25.3,
20220726-BULL-003,20220726-BULL-003-B,17.6,5.9,
20220726-BULL-003,20220726-BULL-003-C,17.7,6.8,
20220726-BULL-003,20220726-BULL-003-D,22.1,14.6,
20220726-BULL-004,20220726-BULL-004-A,27.4,1,
20220726-BULL-004,20220726-BULL-004-B,48.2,1.5,
20220726-BULL-004,20220726-BULL-004-C,22.4,0.3,
20220726-BULL-004,20220726-BULL-004-D,34.5,0.8,
20220726-BULL-004,20220726-BULL-004-E,32.5,1.1,
20220726-BULL-004,20220726-BULL-004-F,49.8,2.2,crossed out?
20220726-BULL-005,20220726-BULL-005-A,19.4,1.1,
20220726-BULL-005,20220726-BULL-005-B,20.8,1,
20220726-BULL-005,20220726-BULL-005-C,28,2.8,
20220726-BULL-005,20220726-BULL-005-D,34.3,2.9,
20220726-BULL-005,20220726-BULL-005-E,41.2,2.5,
20220726-BULL-005,20220726-BULL-005-F,NA,NA,
20220726-BULL-006,20220726-BULL-006-A,13.5,9.2,
20220726-BULL-006,20220726-BULL-006-B,13.7,14.3,
20220726-BULL-006,20220726-BULL-006-C,NA,NA,
20220726-BULL-007,20220726-BULL-007-A,26.1,21.5,
20220726-BULL-007,20220726-BULL-007-B,15.6,12,
20220726-BULL-007,20220726-BULL-007-C,18.4,16,
20220726-BULL-007,20220726-BULL-007-D,19.5,13.2,
20220726-BULL-007,20220726-BULL-007-E,18.3,15.5,
20220726-BULL-007,20220726-BULL-007-F,44.8,9.8,
20220726-BULL-008,20220726-BULL-008-A,35.9,8.4,
20220726-BULL-008,20220726-BULL-008-B,31.6,10.2,
20220726-BULL-008,20220726-BULL-008-C,33.7,4.2,
20220726-BULL-008,20220726-BULL-008-D,20.2,3.8,
20220726-BULL-008,20220726-BULL-008-E,NA,NA,
20220726-BULL-008,20220726-BULL-008-F,NA,NA,
20220726-BULL-009,20220726-BULL-009-A,30.9,17.8,
20220726-BULL-010,20220726-BULL-010-A,24,10.1,
20220726-BULL-010,20220726-BULL-010-B,80.9,9,
20220726-BULL-010,20220726-BULL-010-C,69.3,8,
20220726-BULL-010,20220726-BULL-010-D,115.4,7.2,
20220726-BULL-010,20220726-BULL-010-E,108,7.3,
20220726-BULL-010,20220726-BULL-010-F,NA,NA,
20220726-BULL-010,20220726-BULL-010-G,33,1.4,
20220726-BULL-010,20220726-BULL-010-H,NA,NA,
20220726-BULL-011,20220726-BULL-011-A,13.3,10.3,
20220726-BULL-011,20220726-BULL-011-B,10,5,
20220726-BULL-011,20220726-BULL-011-C,NA,NA,
20220726-BULL-012,20220726-BULL-012-A,34.4,1,
20220726-BULL-012,20220726-BULL-012-B,39.5,1.8,
20220726-BULL-012,20220726-BULL-012-C,16,0.2,
20220726-BULL-012,20220726-BULL-012-D,41.2,1.1,
20220726-BULL-012,20220726-BULL-012-E,10.8,0.5,
20220726-BULL-012,20220726-BULL-012-F,NA,NA,
20220726-BULL-013,20220726-BULL-013-A,9,11,
20220726-BULL-014,20220726-BULL-014-A,25.5,0.4,
20220726-BULL-014,20220726-BULL-014-B,21.7,1.1,
20220726-BULL-014,20220726-BULL-014-C,35.3,0.6,
20220726-BULL-014,20220726-BULL-014-D,30.1,1,
20220726-BULL-014,20220726-BULL-014-E,51.9,1.8,
20220726-BULL-014,20220726-BULL-014-F,NA,NA,
20220726-BULL-015,20220726-BULL-015-A,11.4,6.7,
20220726-BULL-015,20220726-BULL-015-B,15,7.5,
20220726-BULL-015,20220726-BULL-015-C,13.7,3.9,
20220726-BULL-015,20220726-BULL-015-D,28.7,31.7,
20220726-BULL-015,20220726-BULL-015-E,24.3,22.2,
20220726-BULL-015,20220726-BULL-015-F,NA,NA,
20220726-BULL-016,20220726-BULL-016-A,25.6,3.5,with pneumatocyst: 28.8
20220726-BULL-016,20220726-BULL-016-B,31.4,3.4,
20220726-BULL-016,20220726-BULL-016-C,23,2.4,with pneumatocyst: 23.9
20220726-BULL-016,20220726-BULL-016-D,14.8,2.4,
20220726-BULL-016,20220726-BULL-016-E,28,2.5,
20220726-BULL-016,20220726-BULL-016-F,23.1,3.8,with pneumatocyst: 27.5
20220726-BULL-016,20220726-BULL-016-G,27.3,3.8,with pneumatocyst: 27.5
20220726-BULL-016,20220726-BULL-016-H,36,3,
20220726-BULL-016,20220726-BULL-016-I,26,2.9,
20220726-BULL-016,20220726-BULL-016-J,14,2.5,with pneumatocyst: 18.6
20220726-BULL-017,20220726-BULL-017-A,13.1,11.7,
20220726-BULL-017,20220726-BULL-017-B,13,6.3,
20220726-BULL-017,20220726-BULL-017-C,13.9,9.9,
20220726-BULL-017,20220726-BULL-017-D,NA,NA,
20220726-BULL-018,20220726-BULL-018-A,34.8,30,
20220726-BULL-018,20220726-BULL-018-B,29.1,19.4,
20220726-BULL-018,20220726-BULL-018-C,18.7,12.2,
20220726-BULL-018,20220726-BULL-018-D,21.5,7.4,
20220726-BULL-018,20220726-BULL-018-E,14.2,11.2,
20220726-BULL-018,20220726-BULL-018-F,NA,NA,
20220726-BULL-019,20220726-BULL-019-A,35,34,
20220726-BULL-019,20220726-BULL-019-B,27.5,22.5,
20220726-BULL-019,20220726-BULL-019-C,27,21,
20220726-BULL-019,20220726-BULL-019-D,NA,NA,
20220726-BULL-020,20220726-BULL-020-A,23.5,2.9,
20220726-BULL-020,20220726-BULL-020-B,29.8,11.1,
20220726-BULL-020,20220726-BULL-020-C,24.7,9,
20220726-BULL-020,20220726-BULL-020-D,33,14.4,
20220726-BULL-020,20220726-BULL-020-E,32.6,15.3,
20220726-BULL-020,20220726-BULL-020-F,NA,NA,
20220726-BULL-020,20220726-BULL-020-G,71.1,3.6,
20220726-BULL-021,20220726-BULL-021-A,9.8,10.4,
20220726-BULL-022,20220726-BULL-022-A,13,17.5,
20220726-BULL-023,20220726-BULL-023-A,14.8,16.7,
20220726-BULL-024,20220726-BULL-024-A,29.5,3.4,
20220726-BULL-024,20220726-BULL-024-B,28.2,3.4,with pneumatocyst: 32.6
20220726-BULL-024,20220726-BULL-024-C,21,4,
20220726-BULL-024,20220726-BULL-024-D,31.7,3.6,
20220726-BULL-024,20220726-BULL-024-E,27.8,4.3,
20220726-BULL-024,20220726-BULL-024-F,27.5,3.4,with pneumatocyst: 30.1
20220726-BULL-024,20220726-BULL-024-G,23.2,2.8,with pneumatocyst: 27.2
20220726-BULL-024,20220726-BULL-024-H,32.6,3.8,with pneumatocyst: 36.4
20220726-BULL-024,20220726-BULL-024-I,14.1,2.6,
20220726-BULL-024,20220726-BULL-024-J,15,3.9,
20220726-BULL-025,20220726-BULL-025-A,47.9,25.6,
20220726-BULL-026,20220726-BULL-026-A,9,13.5,
20220726-BULL-027,20220726-BULL-027-A,41.5,21,
20220726-BULL-028,20220726-BULL-028-A,15.5,14.5,
20220726-BULL-028,20220726-BULL-028-B,15.5,18,
20220726-BULL-028,20220726-BULL-028-C,11,14.5,
20220726-BULL-028,20220726-BULL-028-D,13.7,7.5,
20220726-BULL-028,20220726-BULL-028-E,21.7,17.4,
20220726-BULL-028,20220726-BULL-028-F,NA,NA,
20220726-BULL-029,20220726-BULL-029-A,16.1,6.5,
20220726-BULL-029,20220726-BULL-029-B,13.5,4.8,
20220726-BULL-029,20220726-BULL-029-C,30.3,18.6,
20220726-BULL-029,20220726-BULL-029-D,25.7,23,
20220726-BULL-029,20220726-BULL-029-E,28.9,18.5,
20220726-BULL-029,20220726-BULL-029-F,NA,NA,
20220726-BULL-030,20220726-BULL-030-A,21.6,7.5,
20220726-BULL-030,20220726-BULL-030-B,23,17,
20220726-BULL-030,20220726-BULL-030-C,23.5,13.5,
20220726-BULL-030,20220726-BULL-030-D,33.5,28.5,
20220726-BULL-030,20220726-BULL-030-E,25.5,20,
20220726-BULL-030,20220726-BULL-030-F,NA,NA,
20220726-BULL-031,20220726-BULL-031-A,16.4,16,
20220726-BULL-031,20220726-BULL-031-B,13.4,11.5,
20220726-BULL-031,20220726-BULL-031-C,19,15.5,
20220726-BULL-031,20220726-BULL-031-D,16.7,13.1,
20220726-BULL-031,20220726-BULL-031-E,25,26.5,
20220726-BULL-031,20220726-BULL-031-F,NA,NA,
20220726-BULL-032,20220726-BULL-032-A,25.8,11.4,
20220726-BULL-032,20220726-BULL-032-B,25.2,4.9,
20220726-BULL-032,20220726-BULL-032-C,33.1,11.3,
20220726-BULL-032,20220726-BULL-032-D,18.7,3.5,
20220726-BULL-032,20220726-BULL-032-E,26.5,12.5,
20220726-BULL-032,20220726-BULL-032-F,NA,NA,
20220726-BULL-032,20220726-BULL-032-G,10.6,53.5,
20220726-BULL-033,20220726-BULL-033-A,137.9,10.2,
20220726-BULL-033,20220726-BULL-033-B,102.1,7.9,
20220726-BULL-033,20220726-BULL-033-C,44.7,6.6,
20220726-BULL-033,20220726-BULL-033-D,26.8,4.5,
20220726-BULL-033,20220726-BULL-033-E,54.7,NA,bad scan of datasheet
20220726-BULL-033,20220726-BULL-033-F,NA,NA,
20220726-BULL-033,20220726-BULL-033-G,28.8,0.8,
20220726-BULL-033,20220726-BULL-033-H,NA,7.2,
20220726-BULL-034,20220726-BULL-034-A,182.4,12.5,
20220726-BULL-034,20220726-BULL-034-B,99.7,7.2,
20220726-BULL-034,20220726-BULL-034-C,106.4,6.2,
20220726-BULL-034,20220726-BULL-034-D,117.9,5.7,
20220726-BULL-034,20220726-BULL-034-E,107.4,5.4,
20220726-BULL-034,20220726-BULL-034-F,NA,NA,
20220726-BULL-034,20220726-BULL-034-G,37.3,1.6,
20220726-BULL-034,20220726-BULL-034-H,NA,NA,
20220726-BULL-035,20220726-BULL-035-A,75,20.5,
20220726-BULL-036,20220726-BULL-036-A,99,27,
20220811-AQUE-001,20220811-AQUE-001-A,31,8.2,
20220811-AQUE-001,20220811-AQUE-001-B,22.5,5.7,
20220811-AQUE-001,20220811-AQUE-001-C,19.5,5.7,
20220811-AQUE-002,20220811-AQUE-002-A,45.5,18.3,
20220811-AQUE-002,20220811-AQUE-002-B,NA,NA,
20220811-AQUE-003,20220811-AQUE-003-A,42.2,14.2,
20220811-AQUE-004,20220811-AQUE-004-A,44.5,17.7,
20220811-AQUE-004,20220811-AQUE-004-B,12.9,4.4,
20220811-AQUE-004,20220811-AQUE-004-C,NA,NA,
20220811-AQUE-005,20220811-AQUE-005-A,135.5,53,
20220811-AQUE-005,20220811-AQUE-005-B,NA,NA,
20220812-AQUE-001,20220812-AQUE-001-A,10.5,8.3,
20220812-AQUE-002,20220812-AQUE-002-A,17.5,14.7,
20220812-AQUE-002,20220812-AQUE-002-B,18.3,20.2,
20220812-AQUE-003,20220812-AQUE-003-A,20,21,
20220812-AQUE-004,20220812-AQUE-004-A,350,18,
20220812-AQUE-005,20220812-AQUE-005-A,135,27,
20220815-MOHK-001,20220815-MOHK-001-A,6.8,8,
20220815-MOHK-001,20220815-MOHK-001-B,9.4,8.5,
20220815-MOHK-001,20220815-MOHK-001-C,9,12.9,
20220815-MOHK-001,20220815-MOHK-001-D,5,5.4,
20220815-MOHK-001,20220815-MOHK-001-E,7.3,4,
20220815-MOHK-001,20220815-MOHK-001-F,5.4,6.1,
20220815-MOHK-001,20220815-MOHK-001-G,NA,NA,
20220815-MOHK-002,20220815-MOHK-002-A,15.5,21.5,
20220815-MOHK-003,20220815-MOHK-003-A,23.9,5.3,
20220815-MOHK-003,20220815-MOHK-003-B,5.8,2.4,
20220815-MOHK-004,20220815-MOHK-004-A,5.5,6.5,
20220815-MOHK-004,20220815-MOHK-004-B,6.1,7.3,
20220815-MOHK-004,20220815-MOHK-004-C,6.5,6.5,
20220815-MOHK-004,20220815-MOHK-004-D,9.1,9.3,
20220815-MOHK-004,20220815-MOHK-004-E,NA,NA,
20220815-MOHK-005,20220815-MOHK-005-A,7.1,3.7,
20220815-MOHK-005,20220815-MOHK-005-B,8.9,7.3,
20220815-MOHK-005,20220815-MOHK-005-C,9.2,7,
20220815-MOHK-005,20220815-MOHK-005-D,NA,NA,
20220815-MOHK-006,20220815-MOHK-006-A,7.3,8.2,
20220815-MOHK-006,20220815-MOHK-006-B,11.7,6.4,
20220815-MOHK-006,20220815-MOHK-006-C,9.7,3.2,
20220815-MOHK-006,20220815-MOHK-006-D,5.9,4.5,
20220815-MOHK-007,20220815-MOHK-007-A,9.8,7.9,
20220815-MOHK-007,20220815-MOHK-007-B,9.5,6.8,
20220815-MOHK-007,20220815-MOHK-007-C,8.9,11.3,
20220815-MOHK-007,20220815-MOHK-007-D,NA,NA,
20220815-MOHK-008,20220815-MOHK-008-A,8.2,4.5,
20220815-MOHK-008,20220815-MOHK-008-B,5.3,3.7,
20220815-MOHK-008,20220815-MOHK-008-C,8.3,4.8,
20220815-MOHK-008,20220815-MOHK-008-D,NA,NA,
20220815-MOHK-009,20220815-MOHK-009-A,15.9,9.9,
20220815-MOHK-009,20220815-MOHK-009-B,18.8,7.7,
20220815-MOHK-009,20220815-MOHK-009-C,26.2,9,
20220815-MOHK-009,20220815-MOHK-009-D,NA,NA,
20220815-MOHK-010,20220815-MOHK-010-A,23.6,12.5,
20220815-MOHK-010,20220815-MOHK-010-B,20.4,23.5,
20220815-MOHK-011,20220815-MOHK-011-A,7.4,4.8,
20220815-MOHK-011,20220815-MOHK-011-B,6.8,5,
20220815-MOHK-011,20220815-MOHK-011-C,6.6,3.9,
20220815-MOHK-011,20220815-MOHK-011-D,NA,NA,
20220815-MOHK-012,20220815-MOHK-012-A,22.3,13,
20220815-MOHK-012,20220815-MOHK-012-B,26.2,10.5,
20220815-MOHK-012,20220815-MOHK-012-C,22.8,11.8,
20220815-MOHK-012,20220815-MOHK-012-D,NA,NA,
20220815-MOHK-013,20220815-MOHK-013-A,184.4,13.7,
20220815-MOHK-013,20220815-MOHK-013-B,129.2,10.6,
20220815-MOHK-013,20220815-MOHK-013-C,114.2,8.3,
20220815-MOHK-013,20220815-MOHK-013-D,86.5,10,
20220815-MOHK-013,20220815-MOHK-013-E,NA,NA,
20220815-MOHK-013,20220815-MOHK-013-F,14.3,1,
20220815-MOHK-013,20220815-MOHK-013-G,NA,13,
20220815-MOHK-014,20220815-MOHK-014-A,228,27.3,
20220815-MOHK-014,20220815-MOHK-014-B,4.2,1,
20220815-MOHK-014,20220815-MOHK-014-C,NA,7,
20220815-MOHK-015,20220815-MOHK-015-A,22.6,9.3,
20220815-MOHK-015,20220815-MOHK-015-B,28,11,
20220815-MOHK-015,20220815-MOHK-015-C,25.5,12.8,
20220815-MOHK-015,20220815-MOHK-015-D,NA,NA,
20220815-MOHK-016,20220815-MOHK-016-A,96.5,12.1,
20220815-MOHK-016,20220815-MOHK-016-B,24,8.4,
20220815-MOHK-016,20220815-MOHK-016-C,50.3,7.6,
20220815-MOHK-016,20220815-MOHK-016-D,57.7,7.9,
20220815-MOHK-016,20220815-MOHK-016-E,NA,NA,
20220815-MOHK-016,20220815-MOHK-016-F,29.8,1,
20220815-MOHK-016,20220815-MOHK-016-G,NA,10,
20220815-MOHK-017,20220815-MOHK-017-A,152.7,15,
20220815-MOHK-017,20220815-MOHK-017-B,111.8,8.9,
20220815-MOHK-017,20220815-MOHK-017-C,152.7,13,
20220815-MOHK-017,20220815-MOHK-017-D,86.3,12.1,
20220815-MOHK-017,20220815-MOHK-017-E,NA,NA,
20220815-MOHK-017,20220815-MOHK-017-F,18,1,
20220815-MOHK-017,20220815-MOHK-017-G,NA,9.5,
20220815-MOHK-018,20220815-MOHK-018-A,312,23,
20220815-MOHK-018,20220815-MOHK-018-B,5,0.5,
20220815-MOHK-018,20220815-MOHK-018-C,NA,10.6,
20220815-MOHK-019,20220815-MOHK-019-A,5,4.8,
20220815-MOHK-019,20220815-MOHK-019-B,3.9,5.6,
20220815-MOHK-019,20220815-MOHK-019-C,4.7,5.3,
20220815-MOHK-019,20220815-MOHK-019-D,NA,NA,
20220818-AQUE-001,20220818-AQUE-001-A,6.1,6.2,
20220818-AQUE-001,20220818-AQUE-001-B,7,8.4,
20220818-AQUE-001,20220818-AQUE-001-C,6.7,7.7,
20220818-AQUE-001,20220818-AQUE-001-D,NA,NA,
20220818-AQUE-002,20220818-AQUE-002-A,4.9,5.9,
20220818-AQUE-002,20220818-AQUE-002-B,3.9,5.4,
20220818-AQUE-002,20220818-AQUE-002-C,6.3,8.1,
20220818-AQUE-002,20220818-AQUE-002-D,NA,NA,
20220824-CARP-001,20220824-CARP-001-A,15.6,11.2,
20220824-CARP-001,20220824-CARP-001-B,12.4,9.6,
20220824-CARP-002,20220824-CARP-002-A,6,7.8,
20220824-CARP-002,20220824-CARP-002-B,8.3,10,
20220824-CARP-002,20220824-CARP-002-C,5.2,5.9,
20220824-CARP-002,20220824-CARP-002-D,NA,NA,
20220824-CARP-003,20220824-CARP-003-A,12.2,6.5,
20220824-CARP-003,20220824-CARP-003-B,15,14.8,
20220824-CARP-003,20220824-CARP-003-C,10.3,10.5,
20220824-CARP-003,20220824-CARP-003-D,NA,NA,
20220824-CARP-004,20220824-CARP-004-A,29.8,10.4,
20220824-CARP-004,20220824-CARP-004-B,33.4,9.9,
20220824-CARP-004,20220824-CARP-004-C,29.8,9.4,
20220824-CARP-004,20220824-CARP-004-D,NA,NA,
20220824-CARP-005,20220824-CARP-005-A,6.8,5.6,
20220824-CARP-005,20220824-CARP-005-B,5,4,
20220824-CARP-005,20220824-CARP-005-C,6.1,7,
20220824-CARP-005,20220824-CARP-005-D,NA,NA,
20220824-CARP-006,20220824-CARP-006-A,11.5,6.5,
20220824-CARP-006,20220824-CARP-006-B,15.3,13.1,
20220824-CARP-006,20220824-CARP-006-C,15.1,13.5,
20220824-CARP-006,20220824-CARP-006-D,NA,NA,
20220824-CARP-007,20220824-CARP-007-A,30,10.7,
20220824-CARP-007,20220824-CARP-007-B,25,7.3,
20220824-CARP-007,20220824-CARP-007-C,28.3,6.6,
20220824-CARP-007,20220824-CARP-007-D,NA,NA,
20220824-CARP-008,20220824-CARP-008-A,5.7,8.2,
20220824-CARP-008,20220824-CARP-008-B,8.9,10.7,
20220824-CARP-008,20220824-CARP-008-C,7.3,11.4,
20220824-CARP-008,20220824-CARP-008-D,NA,NA,
20220824-CARP-009,20220824-CARP-009-A,11.7,10.5,
20220824-CARP-009,20220824-CARP-009-B,9.5,7.2,
20220824-CARP-009,20220824-CARP-009-C,10,6.3,
20220824-CARP-009,20220824-CARP-009-D,NA,NA,
20220824-CARP-010,20220824-CARP-010-A,19.6,17.8,
20220824-CARP-010,20220824-CARP-010-B,21.3,18,
20220824-CARP-010,20220824-CARP-010-C,16.8,13.1,
20220824-CARP-010,20220824-CARP-010-D,NA,NA,
20220824-CARP-011,20220824-CARP-011-A,6.2,14.5,
20220824-CARP-011,20220824-CARP-011-B,22.5,14,
20220824-CARP-011,20220824-CARP-011-C,15.1,7.6,
20220824-CARP-011,20220824-CARP-011-D,NA,NA,
20220824-CARP-012,20220824-CARP-012-A,27.9,10.8,
20220824-CARP-012,20220824-CARP-012-B,35.1,8.9,
20220824-CARP-012,20220824-CARP-012-C,23.5,9.5,
20220824-CARP-012,20220824-CARP-012-D,NA,NA,
20220824-CARP-013,20220824-CARP-013-A,16.3,14,
20220824-CARP-013,20220824-CARP-013-B,14,11,
20220824-CARP-013,20220824-CARP-013-C,15.3,15,
20220824-CARP-013,20220824-CARP-013-D,NA,NA,
20220824-CARP-014,20220824-CARP-014-A,14.2,15.5,
20220824-CARP-015,20220824-CARP-015-A,8,5.1,
20220824-CARP-015,20220824-CARP-015-B,10,7.5,
20220824-CARP-015,20220824-CARP-015-C,11.4,14,
20220824-CARP-015,20220824-CARP-015-D,NA,NA,
20220824-CARP-016,20220824-CARP-016-A,11.7,5.1,
20220824-CARP-016,20220824-CARP-016-B,15.4,14.3,
20220824-CARP-016,20220824-CARP-016-C,8.5,6.5,
20220824-CARP-016,20220824-CARP-016-D,NA,NA,
20220824-CARP-017,20220824-CARP-017-A,9.3,11.2,
20220824-CARP-017,20220824-CARP-017-B,16.7,8.5,
20220824-CARP-017,20220824-CARP-017-C,9.9,8,
20220824-CARP-017,20220824-CARP-017-D,NA,NA,
20220824-CARP-018,20220824-CARP-018-A,13,14.5,
20220824-CARP-018,20220824-CARP-018-B,7,10,
20220824-CARP-018,20220824-CARP-018-C,14.1,19,
20220824-CARP-018,20220824-CARP-018-D,NA,NA,
20220824-CARP-019,20220824-CARP-019-A,7.4,5.2,
20220824-CARP-019,20220824-CARP-019-B,11.6,16.5,
20220824-CARP-019,20220824-CARP-019-C,10.8,11,
20220824-CARP-019,20220824-CARP-019-D,NA,NA,
20220824-CARP-020,20220824-CARP-020-A,5.8,7.3,
20220824-CARP-020,20220824-CARP-020-B,5.5,5.9,
20220824-CARP-020,20220824-CARP-020-C,5.7,9,
20220824-CARP-020,20220824-CARP-020-D,NA,NA,
20220824-CARP-021,20220824-CARP-021-A,12,13.5,
20220824-CARP-021,20220824-CARP-021-B,9,13.4,
20220824-CARP-021,20220824-CARP-021-C,12.4,10,
20220824-CARP-021,20220824-CARP-021-D,NA,NA,
20220824-MOHK-001,20220824-MOHK-001-A,199,25.6,
20220824-MOHK-001,20220824-MOHK-001-B,3.2,1,
20220824-MOHK-001,20220824-MOHK-001-C,NA,8.2,
20220824-MOHK-002,20220824-MOHK-002-A,130,24,
20220824-MOHK-002,20220824-MOHK-002-B,3.2,0.8,
20220824-MOHK-002,20220824-MOHK-002-C,NA,NA,
20220824-MOHK-003,20220824-MOHK-003-A,114,21.5,
20220824-MOHK-003,20220824-MOHK-003-B,4.5,0.8,
20220824-MOHK-003,20220824-MOHK-003-C,NA,7,
20220824-MOHK-004,20220824-MOHK-004-A,111.5,22.5,
20220824-MOHK-004,20220824-MOHK-004-B,3.6,0.9,
20220824-MOHK-004,20220824-MOHK-004-C,NA,7.5,
20220824-MOHK-005,20220824-MOHK-005-A,248,23.4,
20220824-MOHK-005,20220824-MOHK-005-B,3.8,0.8,
20220824-MOHK-006,20220824-MOHK-006-A,32.3,7.1,
20220824-MOHK-006,20220824-MOHK-006-B,32.5,12.3,
20220824-MOHK-006,20220824-MOHK-006-C,30.7,19.3,
20220824-MOHK-006,20220824-MOHK-006-D,NA,NA,
20220824-MOHK-007,20220824-MOHK-007-A,31.4,7.4,
20220824-MOHK-007,20220824-MOHK-007-B,24.9,5.3,
20220824-MOHK-007,20220824-MOHK-007-C,20.1,5.2,
20220824-MOHK-007,20220824-MOHK-007-D,NA,NA,
20220824-MOHK-008,20220824-MOHK-008-A,41.5,16,
20220824-MOHK-008,20220824-MOHK-008-B,34.8,14,
20220824-MOHK-008,20220824-MOHK-008-C,29,8.9,
20220824-MOHK-008,20220824-MOHK-008-D,NA,NA,
20220824-MOHK-009,20220824-MOHK-009-A,146.5,22.1,
20220824-MOHK-009,20220824-MOHK-009-B,3.8,0.9,
20220824-MOHK-009,20220824-MOHK-009-C,NA,7,
20220824-MOHK-010,20220824-MOHK-010-A,28.6,10.4,
20220824-MOHK-010,20220824-MOHK-010-B,24.1,9.4,
20220824-MOHK-010,20220824-MOHK-010-C,28,6.7,
20220824-MOHK-010,20220824-MOHK-010-D,NA,NA,
