specimen_ID,subsample_ID,volume_start_mL,volume_end_mL,volume_total_mL,notes
20210621-MOHK-001,20210621-MOHK-001-A,220,232,12,
20210621-MOHK-002,20210621-MOHK-002-A,222,230,8,
20210621-MOHK-003,20210621-MOHK-003-A,221,227,6,
20210621-MOHK-004,20210621-MOHK-004-A,425,433,8,
20210621-MOHK-005,20210621-MOHK-005-A,221,222,1,
20210621-MOHK-005,20210621-MOHK-005-B,221,223,2,
20210621-MOHK-005,20210621-MOHK-005-C,221,234,13,
20210621-MOHK-006,20210621-MOHK-006-A,221,226,5,
20210621-MOHK-007,20210621-MOHK-007-A,222,228,6,
20210621-MOHK-008,20210621-MOHK-008-A,232,241,9,
20210621-MOHK-009,20210621-MOHK-009-A,427,445,18,
20210621-MOHK-010,20210621-MOHK-010-A,233,241,8,
20210621-MOHK-010,20210621-MOHK-010-B,430,442,12,
20210621-MOHK-011,20210621-MOHK-011-A,398,408,10,whole measurement only
20210621-MOHK-011,20210621-MOHK-011-B,398,408,10,whole measurement only
20210621-MOHK-012,20210621-MOHK-012-A,415,445,30,whole measurement only
20210621-MOHK-012,20210621-MOHK-012-B,415,445,30,whole measurement only
20210621-MOHK-013,20210621-MOHK-013-A,390,415,25,whole measurement only
20210621-MOHK-013,20210621-MOHK-013-B,390,415,25,whole measurement only
20210621-MOHK-014,20210621-MOHK-014-A,380,405,25,whole measurement only
20210621-MOHK-014,20210621-MOHK-014-B,380,405,25,whole measurement only
20210621-MOHK-015,20210621-MOHK-015-A,385,402,17,whole measurement only
20210621-MOHK-015,20210621-MOHK-015-B,385,402,17,whole measurement only
20210621-MOHK-016,20210621-MOHK-016-A,395,425,30,whole measurement only
20210621-MOHK-016,20210621-MOHK-016-B,395,425,30,whole measurement only
20210621-MOHK-017,20210621-MOHK-017-A,405,420,15,whole measurement only
20210621-MOHK-017,20210621-MOHK-017-B,405,420,15,whole measurement only
20210621-MOHK-018,20210621-MOHK-018-A,380,400,20,whole measurement only
20210621-MOHK-018,20210621-MOHK-018-B,380,400,20,whole measurement only
20210621-MOHK-019,20210621-MOHK-019-A,390,405,15,whole measurement only
20210621-MOHK-019,20210621-MOHK-019-B,390,405,15,whole measurement only
20210621-MOHK-020,20210621-MOHK-020-A,400,420,20,whole measurement only
20210621-MOHK-020,20210621-MOHK-020-B,400,420,20,whole measurement only
20210621-MOHK-021,20210621-MOHK-021-A,233,234,1,
20210621-MOHK-022,20210621-MOHK-022-A,239,245,6,
20210621-MOHK-023,20210621-MOHK-023-A,240,241,1,
20210623-CAPT-001,,225,236,11,
20210623-CAPT-002,,218,223,5,
20210623-CAPT-003,,220,228,8,
20210623-CAPT-004,,216,222,6,
20210623-CAPT-005,,222,224,2,
20210623-CAPT-006,,227,237,10,
20210623-CAPT-007,,87,92,5,
20210623-CAPT-008,,76,89,13,
20210623-CAPT-009,,85,91,6,
20210623-CAPT-010,,84,88,4,
20210630-MOHK-001,20210630-MOHK-001-A,218,232,14,
20210630-MOHK-001,20210630-MOHK-001-B,232,233,1,
20210630-MOHK-001,20210630-MOHK-001-C,NA,NA,NA,
20210630-MOHK-002,20210630-MOHK-002-A,212,218,6,
20210630-MOHK-002,20210630-MOHK-002-B,218,219,1,
20210630-MOHK-002,20210630-MOHK-002-C,NA,NA,NA,
20210630-MOHK-003,20210630-MOHK-003-A,210,216,6,
20210630-MOHK-003,20210630-MOHK-003-B,216,218,2,
20210630-MOHK-003,20210630-MOHK-003-C,NA,NA,NA,
20210630-MOHK-004,20210630-MOHK-004-A,207,216,9,
20210630-MOHK-004,20210630-MOHK-004-B,216,218,2,
20210630-MOHK-004,20210630-MOHK-004-C,NA,NA,NA,
20210630-MOHK-005,20210630-MOHK-005-A,108,224,116,
20210630-MOHK-005,20210630-MOHK-005-B,224,228,4,
20210630-MOHK-005,20210630-MOHK-005-C,NA,NA,NA,
20210630-MOHK-006,20210630-MOHK-006-A,214,230,16,
20210630-MOHK-006,20210630-MOHK-006-B,230,234,4,
20210630-MOHK-006,20210630-MOHK-006-C,NA,NA,NA,
20210630-MOHK-007,20210630-MOHK-007-A,208,230,22,
20210630-MOHK-007,20210630-MOHK-007-B,230,233,3,
20210630-MOHK-007,20210630-MOHK-007-C,NA,NA,NA,
20210630-MOHK-008,20210630-MOHK-008-A,212,228,16,
20210630-MOHK-008,20210630-MOHK-008-B,228,232,4,
20210630-MOHK-008,20210630-MOHK-008-C,NA,NA,NA,
20210630-MOHK-009,20210630-MOHK-009-A,208,230,22,
20210630-MOHK-009,20210630-MOHK-009-B,230,233,3,
20210630-MOHK-009,20210630-MOHK-009-C,NA,NA,NA,
20210630-MOHK-010,20210630-MOHK-010-A,204,214,10,
20210630-MOHK-010,20210630-MOHK-010-B,214,215,1,
20210630-MOHK-010,20210630-MOHK-010-C,NA,NA,NA,
20210630-MOHK-011,20210630-MOHK-011-A,201,209,8,
20210630-MOHK-011,20210630-MOHK-011-B,NA,NA,0.5,
20210630-MOHK-011,20210630-MOHK-011-C,NA,NA,NA,
20210630-MOHK-012,20210630-MOHK-012-A,880,950,70,
20210630-MOHK-012,20210630-MOHK-012-B,NA,NA,5,
20210630-MOHK-012,20210630-MOHK-012-C,NA,NA,NA,
20210630-MOHK-013,20210630-MOHK-013-A,880,930,50,
20210630-MOHK-013,20210630-MOHK-013-B,NA,NA,2,
20210630-MOHK-013,20210630-MOHK-013-C,NA,NA,NA,
20210630-MOHK-014,20210630-MOHK-014-A,800,875,75,
20210630-MOHK-014,20210630-MOHK-014-B,NA,NA,4,
20210630-MOHK-014,20210630-MOHK-014-C,NA,NA,NA,
20210630-MOHK-015,20210630-MOHK-015-A,840,885,45,
20210630-MOHK-015,20210630-MOHK-015-B,NA,NA,2,
20210630-MOHK-015,20210630-MOHK-015-C,NA,NA,NA,
20210630-MOHK-016,20210630-MOHK-016-A,850,950,100,
20210630-MOHK-016,20210630-MOHK-016-B,NA,NA,1,
20210630-MOHK-016,20210630-MOHK-016-C,NA,NA,NA,
20210630-MOHK-017,20210630-MOHK-017-A,870,950,80,
20210630-MOHK-017,20210630-MOHK-017-B,NA,NA,1,
20210630-MOHK-017,20210630-MOHK-017-C,NA,NA,NA,
20210630-MOHK-018,20210630-MOHK-018-A,194,218,24,
20210630-MOHK-018,20210630-MOHK-018-B,218,219,1,
20210630-MOHK-019,20210630-MOHK-019-A,490,570,80,
20210630-MOHK-019,20210630-MOHK-019-B,NA,NA,1,
20210630-MOHK-020,20210630-MOHK-020-A,770,810,40,
20210630-MOHK-020,20210630-MOHK-020-B,NA,NA,1,
20210630-MOHK-021,20210630-MOHK-021-A,208,234,26,
20210630-MOHK-021,20210630-MOHK-021-B,NA,NA,0.5,
20210630-MOHK-022,20210630-MOHK-022-A,204,208,4,
20210630-MOHK-023,20210630-MOHK-023-A,195,198,3,
20210630-MOHK-024,20210630-MOHK-024-A,194,197,3,
20210630-MOHK-024,20210630-MOHK-024-B,194,195,1,
20210630-MOHK-025,20210630-MOHK-025-A,79,80,1,
20210630-MOHK-026,20210630-MOHK-026-A,78,84,6,
20210630-MOHK-027,20210630-MOHK-027-A,200,206,6,
20210630-MOHK-028,20210630-MOHK-028-A,203,215,12,
20210630-MOHK-028,20210630-MOHK-028-B,215,219,4,
20210630-MOHK-028,20210630-MOHK-028-C,NA,NA,NA,
20210630-MOHK-029,20210630-MOHK-029-A,198,227,29,
20210630-MOHK-029,20210630-MOHK-029-B,227,230,3,
20210630-MOHK-029,20210630-MOHK-029-C,NA,NA,NA,
20210630-MOHK-030,20210630-MOHK-030-A,182,190,8,
20210630-MOHK-030,20210630-MOHK-030-B,190,192,2,
20210630-MOHK-030,20210630-MOHK-030-C,NA,NA,NA,
20210630-MOHK-031,20210630-MOHK-031-A,81,88,7,
20210630-MOHK-031,20210630-MOHK-031-B,88,88.5,0.5,
20210630-MOHK-031,20210630-MOHK-031-C,NA,NA,NA,
20210630-MOHK-032,20210630-MOHK-032-A,85,91,6,
20210630-MOHK-033,20210630-MOHK-033-A,85,92,7,
20210630-MOHK-034,20210630-MOHK-034-A,180,194,14,
20210630-MOHK-035,20210630-MOHK-035-A,85,91,6,
20210630-MOHK-035,20210630-MOHK-035-B,91,94,3,
20210630-MOHK-035,20210630-MOHK-035-C,NA,NA,NA,
20210630-MOHK-036,20210630-MOHK-036-A,212,227,15,
20210630-MOHK-036,20210630-MOHK-036-B,227,229,2,
20210630-MOHK-036,20210630-MOHK-036-C,NA,NA,NA,
20210630-MOHK-037,20210630-MOHK-037-A,202,211,9,
20210630-MOHK-037,20210630-MOHK-037-B,211,214,3,
20210630-MOHK-037,20210630-MOHK-037-C,NA,NA,NA,
20210630-MOHK-038,20210630-MOHK-038-A,221,232,11,
20210630-MOHK-038,20210630-MOHK-038-B,232,235,3,
20210630-MOHK-038,20210630-MOHK-038-C,NA,NA,NA,
20210630-MOHK-039,20210630-MOHK-039-A,216,222,6,
20210630-MOHK-039,20210630-MOHK-039-B,222,224,2,
20210630-MOHK-039,20210630-MOHK-039-C,NA,NA,NA,
20210630-MOHK-040,20210630-MOHK-040-A,214,220,6,
20210630-MOHK-040,20210630-MOHK-040-B,220,222,2,
20210630-MOHK-040,20210630-MOHK-040-C,NA,NA,NA,
20210630-MOHK-041,20210630-MOHK-041-A,81,82,1,
20210630-MOHK-042,20210630-MOHK-042-A,80,81,1,
20210630-MOHK-043,20210630-MOHK-043-A,80,82,2,
20210630-MOHK-044,20210630-MOHK-044-A,80,81,1,
20210630-MOHK-045,20210630-MOHK-045-A,80,82,2,
20210630-MOHK-046,20210630-MOHK-046-A,214,219,5,
20210630-MOHK-047,20210630-MOHK-047-A,213,222,9,
20210630-MOHK-047,20210630-MOHK-047-B,222,224,2,
20210630-MOHK-047,20210630-MOHK-047-C,NA,NA,NA,
20210709-MOHK-001,20210709-MOHK-001-A,216,224,8,
20210709-MOHK-002,20210709-MOHK-002-A,78,81,3,
20210709-MOHK-003,20210709-MOHK-003-A,78,85,7,
20210709-MOHK-004,20210709-MOHK-004-A,76,76.5,0.5,
20210709-MOHK-004,20210709-MOHK-004-B,76.5,77,0.5,
20210709-MOHK-004,20210709-MOHK-004-C,NA,NA,NA,
20210709-MOHK-005,20210709-MOHK-005-A,86,89,3,
20210709-MOHK-005,20210709-MOHK-005-B,89,89.5,0.5,
20210709-MOHK-005,20210709-MOHK-005-C,NA,NA,NA,
20210709-MOHK-006,20210709-MOHK-006-A,85,89,4,
20210709-MOHK-006,20210709-MOHK-006-B,89,90,1,
20210709-MOHK-006,20210709-MOHK-006-C,NA,NA,NA,
20210709-MOHK-007,20210709-MOHK-007-A,83.5,85,1.5,
20210709-MOHK-007,20210709-MOHK-007-B,85,85.5,0.5,
20210709-MOHK-007,20210709-MOHK-007-C,NA,NA,NA,
20210709-MOHK-008,20210709-MOHK-008-A,82,83,1,
20210709-MOHK-008,20210709-MOHK-008-B,83,83.5,0.5,
20210709-MOHK-008,20210709-MOHK-008-C,NA,NA,NA,
20210709-MOHK-009,20210709-MOHK-009-A,220,235,15,
20210709-MOHK-010,20210709-MOHK-010-A,82,83,1,
20210709-MOHK-010,20210709-MOHK-010-B,83,83.5,0.5,
20210709-MOHK-010,20210709-MOHK-010-C,NA,NA,NA,
20210719-IVEE-001,20210719-IVEE-001-A,91,92,1,
20210719-IVEE-001,20210719-IVEE-001-B,92,92.5,0.5,
20210719-IVEE-002,20210719-IVEE-002-A,91,91.5,0.5,
20210719-IVEE-002,20210719-IVEE-002-B,NA,NA,NA,
20210719-IVEE-003,20210719-IVEE-003-A,91,91.5,0.5,
20210719-IVEE-003,20210719-IVEE-003-B,NA,NA,NA,
20210719-IVEE-003,20210719-IVEE-003-C,NA,NA,NA,
20210719-IVEE-004,20210719-IVEE-004-A,90,94,4,
20210719-IVEE-005,20210719-IVEE-005-A,88,89,1,
20210719-IVEE-006,20210719-IVEE-006-A,87,89,2,
20210719-IVEE-007,20210719-IVEE-007-A,86,88,2,
20210719-IVEE-008,20210719-IVEE-008-A,85,86,1,
20210719-IVEE-009,20210719-IVEE-009-A,85,85,0,
20210719-IVEE-010,20210719-IVEE-010-A,92,92,0,
20210719-IVEE-011,20210719-IVEE-011-A,92,92.5,0.5,
20210719-IVEE-012,20210719-IVEE-012-A,85,90,5,
20210719-IVEE-013,20210719-IVEE-013-A,82.5,95,12.5,
20210719-IVEE-014,20210719-IVEE-014-A,74,85,11,
20210719-IVEE-015,20210719-IVEE-015-A,71.5,80,8.5,
20210719-IVEE-016,20210719-IVEE-016-A,74,84,10,
20210719-IVEE-017,20210719-IVEE-017-A,71.5,82,10.5,
20210719-IVEE-018,20210719-IVEE-018-A,67,84,17,
20210719-IVEE-019,20210719-IVEE-019-A,76.5,78.5,2,
20210719-IVEE-020,20210719-IVEE-020-A,84,84.5,0.5,
20210719-IVEE-021,20210719-IVEE-021-A,84,86,2,
20210719-IVEE-022,20210719-IVEE-022-A,83,84,1,
20210719-IVEE-023,20210719-IVEE-023-A,82,84,2,
20210719-IVEE-024,20210719-IVEE-024-A,80,81,1,
20210719-IVEE-025,20210719-IVEE-025-A,79,86,7,
20210719-IVEE-026,20210719-IVEE-026-A,83,86,3,
20210719-IVEE-026,20210719-IVEE-026-B,82,85,3,
20210719-IVEE-026,20210719-IVEE-026-C,80,83,3,
20210719-IVEE-026,20210719-IVEE-026-D,NA,NA,NA,
20210720-CARP-001,20210720-CARP-001-A,85,95,10,
20210720-CARP-001,20210720-CARP-001-B,77,93,16,
20210720-CARP-001,20210720-CARP-001-C,NA,NA,NA,
20210720-CARP-002,20210720-CARP-002-A,77,90,13,
20210720-CARP-002,20210720-CARP-002-B,86,90,4,
20210720-CARP-002,20210720-CARP-002-C,86,89,3,
20210720-CARP-002,20210720-CARP-002-D,84,87,3,
20210720-CARP-002,20210720-CARP-002-E,77,92,15,
20210720-CARP-002,20210720-CARP-002-F,NA,NA,NA,
20210721-BULL-001,20210721-BULL-001-A,190,218,28,
20210721-BULL-002,20210721-BULL-002-A,193,244,51,
20210721-BULL-003,20210721-BULL-003-A,210,220,10,
20210721-BULL-004,20210721-BULL-004-A,205,243,38,
20210721-BULL-004,20210721-BULL-004-B,194,202,8,
20210721-BULL-004,20210721-BULL-004-C,NA,NA,NA,
20210721-BULL-005,20210721-BULL-005-A,190,224,34,
20210721-BULL-005,20210721-BULL-005-B,185,230,45,
20210721-BULL-005,20210721-BULL-005-C,178,187,9,
20210721-BULL-006,20210721-BULL-006-A,178,188,10,
20210721-BULL-006,20210721-BULL-006-B,188,190,2,
20210721-BULL-006,20210721-BULL-006-C,NA,NA,NA,
20210721-BULL-007,20210721-BULL-007-A,175,191,16,
20210721-BULL-007,20210721-BULL-007-B,191,194,3,
20210721-BULL-007,20210721-BULL-007-C,NA,NA,NA,
20210721-BULL-008,20210721-BULL-008-A,222,240,18,
20210721-BULL-009,20210721-BULL-009-A,210,214,4,
20210721-BULL-010,20210721-BULL-010-A,208,217,9,
20210721-BULL-011,20210721-BULL-011-A,204,211,7,
20210721-BULL-012,20210721-BULL-012-A,199,207,8,
20210721-BULL-013,20210721-BULL-013-A,186,221,35,
20210721-BULL-014,20210721-BULL-014-A,175,183,8,
20210721-BULL-015,20210721-BULL-015-A,198,240,42,
20210721-BULL-016,20210721-BULL-016-A,90.5,91,0.5,
20210721-BULL-017,20210721-BULL-017-A,90,91,1,
20210721-BULL-018,20210721-BULL-018-A,90,90.5,0.5,
20210721-BULL-019,20210721-BULL-019-A,166,175,9,
20210721-BULL-020,20210721-BULL-020-A,174,195,21,
20210721-BULL-021,20210721-BULL-021-A,229,248,19,
20210721-BULL-022,20210721-BULL-022-A,86,89,3,
20210721-BULL-023,20210721-BULL-023-A,87,91,4,
20210721-BULL-024,20210721-BULL-024-A,172,244,72,
20210721-BULL-025,20210721-BULL-025-A,230,241,11,
20210721-BULL-026,20210721-BULL-026-A,222,243,21,
20210721-BULL-027,20210721-BULL-027-A,85,90,5,
20210721-BULL-028,20210721-BULL-028-A,83,89,6,
20210721-BULL-029,20210721-BULL-029-A,80,90,10,
20210722-AQUE-001,20210722-AQUE-001-A,77,82,5,
20210722-AQUE-001,20210722-AQUE-001-B,82,83,1,
20210722-AQUE-001,20210722-AQUE-001-C,NA,NA,NA,
20210722-AQUE-002,20210722-AQUE-002-A,76,85,9,
20210722-AQUE-002,20210722-AQUE-002-B,85,87,2,
20210722-AQUE-002,20210722-AQUE-002-C,NA,NA,NA,
20210722-AQUE-003,20210722-AQUE-003-A,72,75,3,
20210722-AQUE-003,20210722-AQUE-003-B,75,76,1,
20210722-AQUE-003,20210722-AQUE-003-C,NA,NA,NA,
20210722-AQUE-004,20210722-AQUE-004-A,72,77,5,
20210722-AQUE-004,20210722-AQUE-004-B,71,73,2,
20210722-AQUE-004,20210722-AQUE-004-C,70,74,4,
20210722-AQUE-004,20210722-AQUE-004-D,69,75,6,
20210722-AQUE-004,20210722-AQUE-004-E,77,84,7,
20210722-AQUE-004,20210722-AQUE-004-F,NA,NA,NA,
20210722-AQUE-005,20210722-AQUE-005-A,69,74,5,
20210722-AQUE-005,20210722-AQUE-005-B,74,85,11,
20210722-AQUE-005,20210722-AQUE-005-C,73,79,6,
20210722-AQUE-005,20210722-AQUE-005-D,71,75,4,
20210722-AQUE-005,20210722-AQUE-005-E,NA,NA,NA,
20220405-MOHK-001,20220405-MOHK-001-A,78,99,21,
20220405-MOHK-001,20220405-MOHK-001-B,188,236,48,
20220405-MOHK-001,20220405-MOHK-001-C,73,88,15,
20220405-MOHK-001,20220405-MOHK-001-D,71,79,8,
20220405-MOHK-001,20220405-MOHK-001-E,84,88,4,
20220405-MOHK-001,20220405-MOHK-001-F,83,91,8,
20220405-MOHK-001,20220405-MOHK-001-G,83,84,1,
20220405-MOHK-001,20220405-MOHK-001-H,82,91,9,
20220405-MOHK-001,20220405-MOHK-001-I,NA,NA,NA,
20220405-MOHK-002,20220405-MOHK-002-A,81,91,10,
20220405-MOHK-002,20220405-MOHK-002-B,192,217,30,
20220405-MOHK-002,20220405-MOHK-002-C,78,85,7,
20220405-MOHK-002,20220405-MOHK-002-D,85,86,1,
20220405-MOHK-002,20220405-MOHK-002-E,75,80,5,
20220405-MOHK-003,20220405-MOHK-003-A,79,87,8,
20220405-MOHK-003,20220405-MOHK-003-B,78,86,8,
20220405-MOHK-003,20220405-MOHK-003-C,77,92,15,
20220405-MOHK-003,20220405-MOHK-003-D,71,83,12,
20220405-MOHK-003,20220405-MOHK-003-E,73,82,9,
20220405-MOHK-003,20220405-MOHK-003-F,79,96,17,
20220405-MOHK-003,20220405-MOHK-003-G,77,84,7,
20220405-MOHK-003,20220405-MOHK-003-H,76,77,1,
20220405-MOHK-003,20220405-MOHK-003-I,76,80,4,
20220405-MOHK-003,20220405-MOHK-003-J,75,77,2,
20220405-MOHK-003,20220405-MOHK-003-K,79,96,17,
20220407-AQUE-001,20220407-AQUE-001-A,87,91,4,
20220407-AQUE-001,20220407-AQUE-001-B,87,97,10,
20220407-AQUE-001,20220407-AQUE-001-C,86,91,5,
20220407-AQUE-001,20220407-AQUE-001-D,85,97,12,
20220407-AQUE-001,20220407-AQUE-001-E,82,96,14,
20220407-AQUE-001,20220407-AQUE-001-F,198,230,32,
20220407-AQUE-001,20220407-AQUE-001-G,84,98,14,
20220407-AQUE-001,20220407-AQUE-001-H,83,99,16,
20220407-AQUE-001,20220407-AQUE-001-I,81,91,10,
20220407-AQUE-001,20220407-AQUE-001-J,81,83,2,
20220407-AQUE-001,20220407-AQUE-001-K,80,84,4,
20220407-AQUE-001,20220407-AQUE-001-L,78,85,7,
20220407-AQUE-001,20220407-AQUE-001-M,78,91,13,
20220407-AQUE-002,20220407-AQUE-002-A,89,92,3,
20220407-AQUE-002,20220407-AQUE-002-B,88,93,5,
20220407-AQUE-002,20220407-AQUE-002-C,88,98,10,
20220407-AQUE-002,20220407-AQUE-002-D,230,248,18,
20220407-AQUE-002,20220407-AQUE-002-E,226,242,16,
20220407-AQUE-002,20220407-AQUE-002-F,84,89,5,
20220407-AQUE-002,20220407-AQUE-002-G,200,232,32,
20220407-AQUE-002,20220407-AQUE-002-H,83,97,14,
20220407-AQUE-002,20220407-AQUE-002-I,85,90,5,
20220407-AQUE-002,20220407-AQUE-002-J,82,87,5,
20220407-AQUE-002,20220407-AQUE-002-K,81,85,4,
20220407-AQUE-002,20220407-AQUE-002-L,81,95,14,
20220407-AQUE-003,20220407-AQUE-003-A,85,93,8,
20220407-AQUE-003,20220407-AQUE-003-B,84,92,8,
20220407-AQUE-003,20220407-AQUE-003-C,84,91,7,
20220407-AQUE-003,20220407-AQUE-003-D,82,99,17,
20220407-AQUE-003,20220407-AQUE-003-E,80,93,13,
20220407-AQUE-003,20220407-AQUE-003-F,77,87,10,
20220407-AQUE-003,20220407-AQUE-003-G,79,83,4,
20220407-AQUE-003,20220407-AQUE-003-H,192,259,67,
20220407-AQUE-003,20220407-AQUE-003-I,78,84,6,
20220407-AQUE-003,20220407-AQUE-003-J,75,92,17,
20220407-AQUE-003,20220407-AQUE-003-K,79,98,19,
20220407-AQUE-003,20220407-AQUE-003-L,76,92,16,
20220407-AQUE-003,20220407-AQUE-003-M,73,87,14,
20220407-AQUE-003,20220407-AQUE-003-N,75,76,1,
20220407-AQUE-003,20220407-AQUE-003-O,182,200,18,
20220407-AQUE-004,20220407-AQUE-004-A,85,91,6,
20220407-AQUE-004,20220407-AQUE-004-B,84,92,8,
20220407-AQUE-004,20220407-AQUE-004-C,79,96,17,
20220407-AQUE-004,20220407-AQUE-004-D,76,80,4,
20220407-AQUE-004,20220407-AQUE-004-E,186,225,39,
20220407-AQUE-004,20220407-AQUE-004-F,74,78,4,
20220407-AQUE-004,20220407-AQUE-004-G,74,84,10,
20220407-AQUE-004,20220407-AQUE-004-H,72,80,8,
20220407-AQUE-004,20220407-AQUE-004-I,214,225,11,
20220407-AQUE-004,20220407-AQUE-004-J,NA,NA,NA,
20220407-AQUE-005,20220407-AQUE-005-A,86,92,6,
20220407-AQUE-005,20220407-AQUE-005-B,85,89,4,
20220407-AQUE-005,20220407-AQUE-005-C,84,90,6,
20220407-AQUE-005,20220407-AQUE-005-D,83,95,12,
20220407-AQUE-005,20220407-AQUE-005-E,83,89,6,
20220407-AQUE-005,20220407-AQUE-005-F,81,88,7,
20220407-AQUE-005,20220407-AQUE-005-G,200,232,32,
20220407-AQUE-005,20220407-AQUE-005-H,87,93,6,
20220407-AQUE-005,20220407-AQUE-005-I,86,98,12,
20220407-AQUE-005,20220407-AQUE-005-J,85,94,9,
20220407-AQUE-005,20220407-AQUE-005-K,84,88,4,
20220407-AQUE-005,20220407-AQUE-005-L,83,91,8,
20220407-AQUE-005,20220407-AQUE-005-M,83,88,5,
20220407-AQUE-005,20220407-AQUE-005-N,81,82,1,
20220407-AQUE-005,20220407-AQUE-005-O,212,224,12,
20220407-AQUE-005,20220407-AQUE-005-P,NA,NA,NA,
20220407-AQUE-006,20220407-AQUE-006-A,79,89,10,
20220407-AQUE-006,20220407-AQUE-006-B,72,82,10,
20220407-AQUE-006,20220407-AQUE-006-C,76,85,9,
20220407-AQUE-006,20220407-AQUE-006-D,73,88,15,
20220407-AQUE-006,20220407-AQUE-006-E,91,93,2,
20220407-AQUE-006,20220407-AQUE-006-F,192,234,42,
20220407-AQUE-006,20220407-AQUE-006-G,87,90,3,
20220407-AQUE-006,20220407-AQUE-006-H,76,96,20,
20220407-AQUE-006,20220407-AQUE-006-I,72,91,19,
20220407-AQUE-006,20220407-AQUE-006-J,72,94,22,
20220407-AQUE-006,20220407-AQUE-006-K,79,84,5,
20220407-AQUE-006,20220407-AQUE-006-L,226,238,12,
20220407-AQUE-006,20220407-AQUE-006-M,NA,NA,NA,
20220407-AQUE-007,20220407-AQUE-007-A,73,80,7,
20220407-AQUE-007,20220407-AQUE-007-B,71,74,3,
20220407-AQUE-007,20220407-AQUE-007-C,71,74,3,
20220407-AQUE-007,20220407-AQUE-007-D,71,83,12,
20220407-AQUE-007,20220407-AQUE-007-E,69,77,8,
20220407-AQUE-007,20220407-AQUE-007-F,67,69,2,
20220407-AQUE-007,20220407-AQUE-007-G,216,238,22,
20220407-AQUE-007,20220407-AQUE-007-H,67,72,5,
20220407-AQUE-007,20220407-AQUE-007-I,67,75,8,
20220407-AQUE-007,20220407-AQUE-007-J,65,76,11,
20220407-AQUE-007,20220407-AQUE-007-K,72,78,6,
20220407-AQUE-007,20220407-AQUE-007-L,64,70,6,
20220407-AQUE-007,20220407-AQUE-007-M,63,64,1,
20220407-AQUE-007,20220407-AQUE-007-N,70,71,1,
20220407-AQUE-007,20220407-AQUE-007-O,76,87,11,
20220407-AQUE-007,20220407-AQUE-007-P,NA,NA,NA,
20220407-AQUE-008,20220407-AQUE-008-A,70,74,4,
20220407-AQUE-008,20220407-AQUE-008-B,70,74,4,
20220407-AQUE-008,20220407-AQUE-008-C,69,74,5,
20220407-AQUE-008,20220407-AQUE-008-D,69,77,8,
20220407-AQUE-008,20220407-AQUE-008-E,68,82,14,
20220407-AQUE-008,20220407-AQUE-008-F,66,88,22,
20220407-AQUE-008,20220407-AQUE-008-G,77,90,13,
20220407-AQUE-008,20220407-AQUE-008-H,75,79,4,
20220407-AQUE-008,20220407-AQUE-008-I,198,242,44,
20220407-AQUE-008,20220407-AQUE-008-J,74,75,1,
20220407-AQUE-008,20220407-AQUE-008-K,74,81,7,
20220407-AQUE-008,20220407-AQUE-008-L,71,94,23,
20220407-AQUE-008,20220407-AQUE-008-M,74,91,17,
20220407-AQUE-008,20220407-AQUE-008-N,68,74,6,
20220407-AQUE-008,20220407-AQUE-008-O,77,78,1,
20220407-AQUE-008,20220407-AQUE-008-P,88,95,7,
20220407-AQUE-008,20220407-AQUE-008-Q,NA,NA,NA,
20220407-AQUE-009,20220407-AQUE-009-A,71,76,5,
20220407-AQUE-009,20220407-AQUE-009-B,71,80,9,
20220407-AQUE-009,20220407-AQUE-009-C,196,224,28,
20220407-AQUE-009,20220407-AQUE-009-D,68,78,10,
20220407-AQUE-009,20220407-AQUE-009-E,61,73,12,
20220407-AQUE-009,20220407-AQUE-009-F,71,76,5,
20220407-AQUE-009,20220407-AQUE-009-G,71,75,4,
20220407-AQUE-009,20220407-AQUE-009-H,82,90,8,
20220407-AQUE-010,20220407-AQUE-010-A,72,73,1,
20220407-AQUE-010,20220407-AQUE-010-B,78,79,1,
20220407-AQUE-010,20220407-AQUE-010-C,77,83,6,
20220407-AQUE-010,20220407-AQUE-010-D,75,78,3,
20220407-AQUE-010,20220407-AQUE-010-E,75,76,1,
20220407-AQUE-010,20220407-AQUE-010-F,75,75,0,
20220407-AQUE-010,20220407-AQUE-010-G,74,77,3,
20220407-AQUE-010,20220407-AQUE-010-H,NA,NA,NA,
20220407-AQUE-011,20220407-AQUE-011-A,75,78,3,
20220407-AQUE-011,20220407-AQUE-011-B,74,81,7,
20220407-AQUE-011,20220407-AQUE-011-C,72,74,2,
20220407-AQUE-011,20220407-AQUE-011-D,71,74,3,
20220407-AQUE-011,20220407-AQUE-011-E,70,73,3,
20220407-AQUE-011,20220407-AQUE-011-F,70,71,1,
20220407-AQUE-011,20220407-AQUE-011-G,73,76,3,
20220407-AQUE-011,20220407-AQUE-011-H,NA,NA,NA,
20220407-AQUE-012,20220407-AQUE-012-A,79,81,2,
20220407-AQUE-012,20220407-AQUE-012-B,78,90,12,
20220407-AQUE-012,20220407-AQUE-012-C,75,78,3,
20220407-AQUE-012,20220407-AQUE-012-D,202,224,22,
20220407-AQUE-012,20220407-AQUE-012-E,74,81,7,
20220407-AQUE-012,20220407-AQUE-012-F,72,73,1,
20220407-AQUE-012,20220407-AQUE-012-G,72,75,3,
20220407-AQUE-012,20220407-AQUE-012-H,72,73,1,
20220407-AQUE-012,20220407-AQUE-012-I,87,92,5,
20220407-AQUE-012,20220407-AQUE-012-J,NA,NA,NA,
20220421-AQUE-001,20220421-AQUE-001-A,83,87,4,
20220421-AQUE-001,20220421-AQUE-001-B,82,88,6,
20220421-AQUE-001,20220421-AQUE-001-C,82,86,4,
20220421-AQUE-001,20220421-AQUE-001-D,81,84,3,
20220421-AQUE-001,20220421-AQUE-001-E,81,84,3,
20220421-AQUE-001,20220421-AQUE-001-F,80,83,3,
20220421-AQUE-001,20220421-AQUE-001-G,80,84,4,
20220421-AQUE-001,20220421-AQUE-001-H,78,83,5,
20220421-AQUE-001,20220421-AQUE-001-I,78,82,4,
20220421-AQUE-001,20220421-AQUE-001-J,77,80,3,
20220421-AQUE-001,20220421-AQUE-001-K,77,79,2,
20220421-AQUE-001,20220421-AQUE-001-L,76,79,3,
20220421-AQUE-001,20220421-AQUE-001-M,76,79,3,
20220421-AQUE-001,20220421-AQUE-001-N,77,80,3,
20220421-AQUE-002,20220421-AQUE-002-A,77,84,7,
20220421-AQUE-002,20220421-AQUE-002-B,76,92,16,
20220421-AQUE-002,20220421-AQUE-002-C,84,85,1,
20220421-AQUE-002,20220421-AQUE-002-D,84,89,5,
20220421-AQUE-002,20220421-AQUE-002-E,84,85,1,
20220421-AQUE-002,20220421-AQUE-002-F,82,93,11,
20220421-AQUE-002,20220421-AQUE-002-G,55,67,12,
20220421-AQUE-002,20220421-AQUE-002-H,76,80,4,
20220421-AQUE-002,20220421-AQUE-002-I,76,80,4,
20220421-AQUE-002,20220421-AQUE-002-J,75,91,16,
20220421-AQUE-002,20220421-AQUE-002-K,265,410,145,
20220421-AQUE-003,20220421-AQUE-003-A,85,87,2,
20220421-AQUE-003,20220421-AQUE-003-B,85,88,3,
20220421-AQUE-003,20220421-AQUE-003-C,85,92,7,
20220421-AQUE-003,20220421-AQUE-003-D,84,89,5,
20220421-AQUE-003,20220421-AQUE-003-E,82,91,9,
20220421-AQUE-003,20220421-AQUE-003-F,81,84,3,
20220421-AQUE-003,20220421-AQUE-003-G,81,84,3,
20220421-AQUE-003,20220421-AQUE-003-H,204,232,28,
20220421-AQUE-004,20220421-AQUE-004-A,83,85,2,
20220421-AQUE-004,20220421-AQUE-004-B,83,89,6,
20220421-AQUE-004,20220421-AQUE-004-C,81,83,2,
20220421-AQUE-004,20220421-AQUE-004-D,80,83,3,
20220421-AQUE-004,20220421-AQUE-004-E,80,85,5,
20220421-AQUE-004,20220421-AQUE-004-F,79,84,5,
20220421-AQUE-004,20220421-AQUE-004-G,78,82,4,
20220421-AQUE-004,20220421-AQUE-004-H,78,83,5,
20220421-AQUE-004,20220421-AQUE-004-I,77,79,2,
20220421-AQUE-004,20220421-AQUE-004-J,77,79,2,
20220421-AQUE-004,20220421-AQUE-004-K,76,89,13,
20220421-AQUE-004,20220421-AQUE-004-L,325,470,145,
20220421-AQUE-005,20220421-AQUE-005-A,77,84,7,
20220421-AQUE-005,20220421-AQUE-005-B,76,89,13,
20220421-AQUE-005,20220421-AQUE-005-C,74,81,7,
20220421-AQUE-005,20220421-AQUE-005-D,73,92,19,
20220421-AQUE-005,20220421-AQUE-005-E,70,75,5,
20220421-AQUE-005,20220421-AQUE-005-F,69,73,4,
20220421-AQUE-005,20220421-AQUE-005-G,68,75,7,
20220421-AQUE-005,20220421-AQUE-005-H,68,84,16,
20220421-AQUE-005,20220421-AQUE-005-I,68,74,6,
20220421-AQUE-005,20220421-AQUE-005-J,310,475,165,
20220428-AQUE-001,20220428-AQUE-001-A,82,92,10,
20220428-AQUE-001,20220428-AQUE-001-B,84,90,6,
20220428-AQUE-001,20220428-AQUE-001-C,84,89,5,
20220428-AQUE-001,20220428-AQUE-001-D,80,88,8,
20220428-AQUE-001,20220428-AQUE-001-E,78,80,2,
20220428-AQUE-001,20220428-AQUE-001-F,218,244,26,
20220428-AQUE-001,20220428-AQUE-001-G,84,86,2,
20220428-AQUE-001,20220428-AQUE-001-H,78,84,6,
20220428-AQUE-001,20220428-AQUE-001-I,84,92,8,
20220428-AQUE-001,20220428-AQUE-001-J,79,85,6,
20220428-AQUE-001,20220428-AQUE-001-K,75,84,9,
20220428-AQUE-001,20220428-AQUE-001-L,73,74,1,
20220428-AQUE-001,20220428-AQUE-001-M,85,93,8,
20220503-AQUE-001,20220503-AQUE-001-A,76,80,4,
20220503-AQUE-001,20220503-AQUE-001-B,76,78,2,
20220503-AQUE-001,20220503-AQUE-001-C,75,79,4,
20220503-AQUE-001,20220503-AQUE-001-D,75,78,3,
20220503-AQUE-001,20220503-AQUE-001-E,74,76,2,
20220503-AQUE-001,20220503-AQUE-001-F,74,75,1,
20220503-AQUE-001,20220503-AQUE-001-G,176,220,44,
20220503-AQUE-002,20220503-AQUE-002-A,81,89,8,
20220503-AQUE-002,20220503-AQUE-002-B,79,84,5,
20220503-AQUE-002,20220503-AQUE-002-C,79,87,8,
20220503-AQUE-002,20220503-AQUE-002-D,77,82,5,
20220503-AQUE-002,20220503-AQUE-002-E,77,81,4,
20220503-AQUE-002,20220503-AQUE-002-F,76,81,5,
20220503-AQUE-002,20220503-AQUE-002-G,75,81,6,
20220503-AQUE-002,20220503-AQUE-002-H,75,78,3,
20220503-AQUE-002,20220503-AQUE-002-I,174,232,58,
20220503-AQUE-003,20220503-AQUE-003-A,81,83,2,
20220503-AQUE-003,20220503-AQUE-003-B,80,87,7,
20220503-AQUE-003,20220503-AQUE-003-C,79,83,4,
20220503-AQUE-003,20220503-AQUE-003-D,78,84,6,
20220503-AQUE-003,20220503-AQUE-003-E,78,85,7,
20220503-AQUE-003,20220503-AQUE-003-F,78,79,1,
20220503-AQUE-003,20220503-AQUE-003-G,78,81,3,
20220503-AQUE-004,20220503-AQUE-004-A,81,86,5,
20220503-AQUE-004,20220503-AQUE-004-B,80,84,4,
20220503-AQUE-004,20220503-AQUE-004-C,79,86,7,
20220503-AQUE-004,20220503-AQUE-004-D,78,82,4,
20220503-AQUE-004,20220503-AQUE-004-E,87,90,3,
20220503-AQUE-004,20220503-AQUE-004-F,87,89,2,
20220503-AQUE-004,20220503-AQUE-004-G,200,240,40,
20220503-AQUE-005,20220503-AQUE-005-A,86,88,2,
20220503-AQUE-005,20220503-AQUE-005-B,86,87,1,
20220503-AQUE-005,20220503-AQUE-005-C,86,89,3,
20220503-AQUE-005,20220503-AQUE-005-D,86,87,1,
20220503-AQUE-005,20220503-AQUE-005-E,85,87,2,
20220503-AQUE-005,20220503-AQUE-005-F,84,87,3,
20220503-AQUE-005,20220503-AQUE-005-G,204,226,22,
20220503-AQUE-006,20220503-AQUE-006-A,85,87,2,
20220503-AQUE-006,20220503-AQUE-006-B,85,86,1,
20220503-AQUE-006,20220503-AQUE-006-C,84,87,3,
20220503-AQUE-006,20220503-AQUE-006-D,84,87,3,
20220503-AQUE-006,20220503-AQUE-006-E,84,86,2,
20220503-AQUE-006,20220503-AQUE-006-F,84,85,1,
20220503-AQUE-006,20220503-AQUE-006-G,200,212,12,
20220503-AQUE-007,20220503-AQUE-007-A,88,93,5,
20220503-AQUE-007,20220503-AQUE-007-B,83,85,2,
20220503-AQUE-007,20220503-AQUE-007-C,84,89,5,
20220503-AQUE-007,20220503-AQUE-007-D,86,89,3,
20220503-AQUE-007,20220503-AQUE-007-E,86,90,4,
20220503-AQUE-007,20220503-AQUE-007-F,83,96,13,
20220503-AQUE-008,20220503-AQUE-008-A,85,90,5,
20220503-AQUE-008,20220503-AQUE-008-B,8.1,8.3,0.20000000000000107,
20220503-AQUE-008,20220503-AQUE-008-C,8,8.1,0.09999999999999964,
20220503-AQUE-008,20220503-AQUE-008-D,8,8.3,0.3000000000000007,
20220503-AQUE-008,20220503-AQUE-008-E,8.1,8.2,0.09999999999999964,
20220503-AQUE-008,20220503-AQUE-008-F,8,8.2,0.1999999999999993,
20220503-AQUE-009,20220503-AQUE-009-A,8,8.9,0.9000000000000004,
20220503-AQUE-009,20220503-AQUE-009-B,7.7,8.9,1.2000000000000002,
20220503-AQUE-009,20220503-AQUE-009-C,81,89,8,
20220712-AQUE-001,20220712-AQUE-001-A,172,186,14,
20220712-AQUE-001,20220712-AQUE-001-B,166,188,22,
20220712-AQUE-001,20220712-AQUE-001-C,152,174,22,
20220712-AQUE-001,20220712-AQUE-001-D,420,480,60,
20220712-AQUE-001,20220712-AQUE-001-E,196,208,12,
20220712-AQUE-001,20220712-AQUE-001-F,188,194,6,
20220712-AQUE-001,20220712-AQUE-001-G,360,450,90,
20220719-NAPL-001,20220719-NAPL-001-A,83,84,1,
20220719-NAPL-001,20220719-NAPL-001-B,208,232,24,
20220719-NAPL-001,20220719-NAPL-001-C,200,220,20,
20220719-NAPL-001,20220719-NAPL-001-D,196,228,32,
20220719-NAPL-002,20220719-NAPL-002-A,82,84,2,
20220719-NAPL-002,20220719-NAPL-002-B,82,84,2,
20220719-NAPL-003,20220719-NAPL-003-A,70,71,1,
20220719-NAPL-003,20220719-NAPL-003-B,69,71,2,
20220719-NAPL-003,20220719-NAPL-003-C,69,71,2,
20220719-NAPL-003,20220719-NAPL-003-D,69,70,1,
20220719-NAPL-003,20220719-NAPL-003-E,69,70,1,
20220719-NAPL-003,20220719-NAPL-003-F,170,186,16,
20220719-NAPL-004,20220719-NAPL-004-A,81,91,10,
20220719-NAPL-004,20220719-NAPL-004-B,78,92,14,
20220719-NAPL-004,20220719-NAPL-004-C,75,80,5,
20220719-NAPL-004,20220719-NAPL-004-D,75,80,5,
20220719-NAPL-004,20220719-NAPL-004-E,74,89,15,
20220719-NAPL-004,20220719-NAPL-004-F,70,77,7,
20220719-NAPL-005,20220719-NAPL-005-A,85,86,1,
20220719-NAPL-005,20220719-NAPL-005-B,83,84,1,
20220719-NAPL-005,20220719-NAPL-005-C,83,84,1,
20220719-NAPL-005,20220719-NAPL-005-D,83,85,2,
20220719-NAPL-005,20220719-NAPL-005-E,83,85,2,
20220719-NAPL-005,20220719-NAPL-005-F,81,88,7,
20220719-NAPL-006,20220719-NAPL-006-A,82,88,6,
20220719-NAPL-006,20220719-NAPL-006-B,81,83,2,
20220719-NAPL-006,20220719-NAPL-006-C,79,85,6,
20220719-NAPL-007,20220719-NAPL-007-A,355,475,120,
20220719-NAPL-007,20220719-NAPL-007-B,172,200,28,
20220719-NAPL-007,20220719-NAPL-007-C,170,190,20,
20220719-NAPL-007,20220719-NAPL-007-D,330,375,45,
20220719-NAPL-007,20220719-NAPL-007-E,325,365,40,
20220719-NAPL-007,20220719-NAPL-007-F,395,430,35,
20220719-NAPL-007,20220719-NAPL-007-G,200,230,30,
20220719-NAPL-007,20220719-NAPL-007-H,156,162,6,
20220719-NAPL-007,20220719-NAPL-007-I,156,162,6,
20220719-NAPL-007,20220719-NAPL-007-J,156,178,22,
20220719-NAPL-007,20220719-NAPL-007-K,NA,NA,NA,
20220719-NAPL-008,20220719-NAPL-008-A,83,88,5,
20220719-NAPL-008,20220719-NAPL-008-B,188,199,11,
20220719-NAPL-008,20220719-NAPL-008-C,82,88,6,
20220719-NAPL-009,20220719-NAPL-009-A,79,86,7,
20220719-NAPL-010,20220719-NAPL-010-A,84,86,2,
20220719-NAPL-010,20220719-NAPL-010-B,84,92,8,
20220719-NAPL-011,20220719-NAPL-011-A,6.9,7.6,0.6999999999999993,
20220719-NAPL-011,20220719-NAPL-011-B,6.8,8,1.2000000000000002,
20220719-NAPL-011,20220719-NAPL-011-C,86,96,10,
20220719-NAPL-011,20220719-NAPL-011-D,92,94,2,
20220719-NAPL-011,20220719-NAPL-011-E,192,234,42,
20220719-NAPL-012,20220719-NAPL-012-A,8.2,8.8,0.6000000000000014,
20220719-NAPL-012,20220719-NAPL-012-B,69,71,2,
20220719-NAPL-012,20220719-NAPL-012-C,8.1,8.4,0.3000000000000007,
20220719-NAPL-012,20220719-NAPL-012-D,8,9.1,1.0999999999999996,
20220719-NAPL-012,20220719-NAPL-012-E,8.5,8.9,0.40000000000000036,
20220719-NAPL-012,20220719-NAPL-012-F,7.4,7.9,0.5,
20220719-NAPL-012,20220719-NAPL-012-G,192,204,12,
20220719-NAPL-013,20220719-NAPL-013-A,NA,NA,0,
20220719-NAPL-013,20220719-NAPL-013-B,NA,NA,0,
20220719-NAPL-013,20220719-NAPL-013-C,NA,NA,0,
20220719-NAPL-014,20220719-NAPL-014-A,NA,NA,0,
20220719-NAPL-015,20220719-NAPL-015-A,NA,NA,0,
20220719-NAPL-016,20220719-NAPL-016-A,73,83,10,
20220719-NAPL-016,20220719-NAPL-016-B,73,75,2,
20220719-NAPL-016,20220719-NAPL-016-C,72,77,5,
20220719-NAPL-016,20220719-NAPL-016-D,71,82,11,
20220719-NAPL-016,20220719-NAPL-016-E,71,82,11,
20220719-NAPL-016,20220719-NAPL-016-F,NA,NA,169,measured in three pieces
20220719-NAPL-017,20220719-NAPL-017-A,NA,NA,0,
20220719-NAPL-017,20220719-NAPL-017-B,NA,NA,0,
20220719-NAPL-017,20220719-NAPL-017-C,NA,NA,0,
20220719-NAPL-017,20220719-NAPL-017-D,NA,NA,0,
20220719-NAPL-018,20220719-NAPL-018-A,NA,NA,0,
20220719-NAPL-018,20220719-NAPL-018-B,NA,NA,0,
20220719-NAPL-018,20220719-NAPL-018-C,NA,NA,0,
20220719-NAPL-018,20220719-NAPL-018-D,NA,NA,0,
20220719-NAPL-019,20220719-NAPL-019-A,345,395,50,
20220719-NAPL-019,20220719-NAPL-019-B,NA,NA,NA,
20220719-NAPL-020,20220719-NAPL-020-A,340,465,125,
20220719-NAPL-020,20220719-NAPL-020-B,NA,NA,0,
20220719-NAPL-020,20220719-NAPL-020-C,NA,NA,0,
20220719-NAPL-020,20220719-NAPL-020-D,NA,NA,0,
20220719-NAPL-020,20220719-NAPL-020-E,NA,NA,0,
20220719-NAPL-020,20220719-NAPL-020-F,NA,NA,0,
20220719-NAPL-020,20220719-NAPL-020-G,NA,NA,0,
20220719-NAPL-020,20220719-NAPL-020-H,NA,NA,0,
20220719-NAPL-020,20220719-NAPL-020-I,NA,NA,0,
20220719-NAPL-020,20220719-NAPL-020-J,NA,NA,0,
20220719-NAPL-020,20220719-NAPL-020-K,NA,NA,0,
20220719-NAPL-020,20220719-NAPL-020-L,NA,NA,0,
20220719-NAPL-020,20220719-NAPL-020-M,NA,NA,0,
20220719-NAPL-020,20220719-NAPL-020-N,NA,NA,0,
20220719-NAPL-021,20220719-NAPL-021-A,NA,NA,195,thallus measured in two separate pieces
20220719-NAPL-021,20220719-NAPL-021-B,204,238,34,
20220719-NAPL-021,20220719-NAPL-021-C,320,405,85,
20220719-NAPL-021,20220719-NAPL-021-D,86,100,14,
20220719-NAPL-021,20220719-NAPL-021-E,350,440,90,
20220719-NAPL-021,20220719-NAPL-021-F,NA,NA,570,thalli measured separately
20220719-NAPL-021,20220719-NAPL-021-G,194,224,30,
20220719-NAPL-021,20220719-NAPL-021-H,NA,NA,0,
20220721-NAPL-001,20220721-NAPL-001-A,75,76,1,
20220721-NAPL-001,20220721-NAPL-001-B,70,71,1,
20220721-NAPL-001,20220721-NAPL-001-C,92,95,3,
20220721-NAPL-001,20220721-NAPL-001-D,7.8,9,1.2000000000000002,
20220721-NAPL-001,20220721-NAPL-001-E,83,86,3,
20220721-NAPL-001,20220721-NAPL-001-F,188,206,18,
20220721-NAPL-002,20220721-NAPL-002-A,7.4,7.9,0.5,
20220721-NAPL-002,20220721-NAPL-002-B,75,77,2,
20220721-NAPL-002,20220721-NAPL-002-C,7.5,8.1,0.5999999999999996,
20220721-NAPL-002,20220721-NAPL-002-D,7.5,8,0.5,
20220721-NAPL-002,20220721-NAPL-002-E,75,76,1,
20220721-NAPL-002,20220721-NAPL-002-F,208,214,6,
20220721-NAPL-003,20220721-NAPL-003-A,82,84,2,
20220721-NAPL-003,20220721-NAPL-003-B,82,83,1,
20220721-NAPL-003,20220721-NAPL-003-C,82,83,1,
20220721-NAPL-003,20220721-NAPL-003-D,81,83,2,
20220721-NAPL-003,20220721-NAPL-003-E,81,82,1,
20220721-NAPL-003,20220721-NAPL-003-F,160,180,20,
20220721-NAPL-004,20220721-NAPL-004-A,206,228,22,
20220721-NAPL-004,20220721-NAPL-004-B,7.3,7.6,0.2999999999999998,
20220721-NAPL-004,20220721-NAPL-004-C,62,65,3,
20220721-NAPL-005,20220721-NAPL-005-A,81,82,1,
20220721-NAPL-005,20220721-NAPL-005-B,80,84,4,
20220721-NAPL-005,20220721-NAPL-005-C,80,84,4,
20220721-NAPL-005,20220721-NAPL-005-D,79,81,2,
20220721-NAPL-005,20220721-NAPL-005-E,79,82,3,
20220721-NAPL-005,20220721-NAPL-005-F,192,210,18,
20220721-NAPL-006,20220721-NAPL-006-A,176,182,6,
20220721-NAPL-006,20220721-NAPL-006-B,176,180,4,
20220721-NAPL-006,20220721-NAPL-006-C,76,82,6,
20220721-NAPL-006,20220721-NAPL-006-D,75,82,7,
20220721-NAPL-006,20220721-NAPL-006-E,74,76,2,
20220721-NAPL-006,20220721-NAPL-006-F,360,480,120,
20220721-NAPL-007,20220721-NAPL-007-A,285,345,60,
20220721-NAPL-007,20220721-NAPL-007-B,8.2,8.6,0.40000000000000036,
20220721-NAPL-007,20220721-NAPL-007-C,61,65,4,
20220721-NAPL-008,20220721-NAPL-008-A,295,425,130,
20220721-NAPL-008,20220721-NAPL-008-B,6.5,7.1,0.5999999999999996,
20220721-NAPL-008,20220721-NAPL-008-C,61,66,5,
20220721-NAPL-009,20220721-NAPL-009-A,NA,NA,215,measured in two separate pieces
20220721-NAPL-009,20220721-NAPL-009-B,7.2,7.8,0.5999999999999996,
20220721-NAPL-009,20220721-NAPL-009-C,61,63,2,
20220721-NAPL-010,20220721-NAPL-010-A,82,90,8,
20220721-NAPL-010,20220721-NAPL-010-B,81,86,5,
20220721-NAPL-010,20220721-NAPL-010-C,80,83,3,
20220721-NAPL-010,20220721-NAPL-010-D,80,84,4,
20220721-NAPL-010,20220721-NAPL-010-E,79,83,4,
20220721-NAPL-010,20220721-NAPL-010-F,350,410,60,
20220721-NAPL-011,20220721-NAPL-011-A,7.6,8,0.40000000000000036,
20220721-NAPL-011,20220721-NAPL-011-B,NA,NA,0,
20220721-NAPL-012,20220721-NAPL-012-A,75,76,1,
20220721-NAPL-012,20220721-NAPL-012-B,75,76,1,
20220721-NAPL-012,20220721-NAPL-012-C,82,85,3,
20220721-NAPL-012,20220721-NAPL-012-D,82,84,2,
20220721-NAPL-012,20220721-NAPL-012-E,88,89,1,
20220721-NAPL-012,20220721-NAPL-012-F,208,214,6,
20220721-NAPL-013,20220721-NAPL-013-A,79,80,1,
20220721-NAPL-014,20220721-NAPL-014-A,7.5,7.6,0.09999999999999964,
20220721-NAPL-014,20220721-NAPL-014-B,7.5,7.6,0.09999999999999964,
20220721-NAPL-015,20220721-NAPL-015-A,85,91,6,
20220721-NAPL-015,20220721-NAPL-015-B,84,88,4,
20220721-NAPL-015,20220721-NAPL-015-C,83,87,4,
20220721-NAPL-015,20220721-NAPL-015-D,83,92,9,
20220721-NAPL-015,20220721-NAPL-015-E,82,86,4,
20220721-NAPL-015,20220721-NAPL-015-F,320,380,60,
20220721-NAPL-016,20220721-NAPL-016-A,80,82,2,
20220721-NAPL-016,20220721-NAPL-016-B,79,89,10,
20220721-NAPL-016,20220721-NAPL-016-C,71,75,4,
20220721-NAPL-016,20220721-NAPL-016-D,70,74,4,
20220721-NAPL-016,20220721-NAPL-016-E,70,74,4,
20220721-NAPL-016,20220721-NAPL-016-F,345,460,115,
20220721-NAPL-017,20220721-NAPL-017-A,69,75,6,
20220721-NAPL-017,20220721-NAPL-017-B,69,74,5,
20220721-NAPL-017,20220721-NAPL-017-C,68,72,4,
20220721-NAPL-017,20220721-NAPL-017-D,67,71,4,
20220721-NAPL-017,20220721-NAPL-017-E,66,71,5,
20220721-NAPL-017,20220721-NAPL-017-F,360,410,50,
20220721-NAPL-018,20220721-NAPL-018-A,7.7,8.1,0.39999999999999947,
20220721-NAPL-018,20220721-NAPL-018-B,77,78,1,
20220721-NAPL-018,20220721-NAPL-018-C,7.3,8.3,1.0000000000000009,
20220721-NAPL-018,20220721-NAPL-018-D,8.6,8.9,0.3000000000000007,
20220721-NAPL-018,20220721-NAPL-018-E,77,79,2,
20220721-NAPL-018,20220721-NAPL-018-F,84,85,1,
20220721-NAPL-019,20220721-NAPL-019-A,77,80,3,
20220721-NAPL-019,20220721-NAPL-019-B,77,78,1,
20220721-NAPL-019,20220721-NAPL-019-C,77,79,2,
20220721-NAPL-019,20220721-NAPL-019-D,76,78,2,
20220721-NAPL-019,20220721-NAPL-019-E,76,79,3,
20220721-NAPL-019,20220721-NAPL-019-F,75,84,9,
20220726-BULL-001,20220726-BULL-001-A,73,74,1,
20220726-BULL-001,20220726-BULL-001-B,7.6,8,0.40000000000000036,
20220726-BULL-001,20220726-BULL-001-C,7.4,7.9,0.5,
20220726-BULL-001,20220726-BULL-001-D,7.3,8.1,0.7999999999999998,
20220726-BULL-001,20220726-BULL-001-E,7.4,8.4,1,
20220726-BULL-002,20220726-BULL-002-A,73,77,4,
20220726-BULL-002,20220726-BULL-002-B,70,75,5,
20220726-BULL-002,20220726-BULL-002-C,67,68,1,
20220726-BULL-002,20220726-BULL-002-D,66,69,3,
20220726-BULL-003,20220726-BULL-003-A,66,85,19,
20220726-BULL-003,20220726-BULL-003-B,61,64,3,
20220726-BULL-003,20220726-BULL-003-C,60,66,6,
20220726-BULL-003,20220726-BULL-003-D,59,70,11,
20220726-BULL-004,20220726-BULL-004-A,88,90,2,
20220726-BULL-004,20220726-BULL-004-B,87,95,8,
20220726-BULL-004,20220726-BULL-004-C,7.2,7.6,0.39999999999999947,
20220726-BULL-004,20220726-BULL-004-D,85,86,1,
20220726-BULL-004,20220726-BULL-004-E,84,86,2,
20220726-BULL-004,20220726-BULL-004-F,83,92,9,
20220726-BULL-005,20220726-BULL-005-A,74,75,1,
20220726-BULL-005,20220726-BULL-005-B,7.2,8.1,0.8999999999999995,
20220726-BULL-005,20220726-BULL-005-C,73,78,5,
20220726-BULL-005,20220726-BULL-005-D,72,74,2,
20220726-BULL-005,20220726-BULL-005-E,71,78,7,
20220726-BULL-005,20220726-BULL-005-F,198,216,18,
20220726-BULL-006,20220726-BULL-006-A,7.2,8.2,0.9999999999999991,
20220726-BULL-006,20220726-BULL-006-B,69,72,3,
20220726-BULL-006,20220726-BULL-006-C,66,68,2,
20220726-BULL-007,20220726-BULL-007-A,60,67,7,
20220726-BULL-007,20220726-BULL-007-B,6.7,8.1,1.3999999999999995,
20220726-BULL-007,20220726-BULL-007-C,56,59,3,
20220726-BULL-007,20220726-BULL-007-D,55,58,3,
20220726-BULL-007,20220726-BULL-007-E,53,57,4,
20220726-BULL-007,20220726-BULL-007-F,NA,NA,264,measured in three pieces
20220726-BULL-008,20220726-BULL-008-A,78,88,10,
20220726-BULL-008,20220726-BULL-008-B,76,82,6,
20220726-BULL-008,20220726-BULL-008-C,75,82,7,
20220726-BULL-008,20220726-BULL-008-D,73,78,5,
20220726-BULL-008,20220726-BULL-008-E,73,75,2,
20220726-BULL-008,20220726-BULL-008-F,360,450,90,
20220726-BULL-009,20220726-BULL-009-A,66,85,19,
20220726-BULL-010,20220726-BULL-010-A,380,435,55,
20220726-BULL-010,20220726-BULL-010-B,208,238,30,
20220726-BULL-010,20220726-BULL-010-C,202,232,30,
20220726-BULL-010,20220726-BULL-010-D,198,242,44,
20220726-BULL-010,20220726-BULL-010-E,190,232,42,
20220726-BULL-010,20220726-BULL-010-F,NA,NA,230,measured in two pieces
20220726-BULL-010,20220726-BULL-010-G,182,222,40,
20220726-BULL-010,20220726-BULL-010-H,NA,NA,NA,
20220726-BULL-011,20220726-BULL-011-A,84,85,1,
20220726-BULL-011,20220726-BULL-011-B,7.4,7.8,0.39999999999999947,
20220726-BULL-011,20220726-BULL-011-C,83,86,3,
20220726-BULL-012,20220726-BULL-012-A,82,84,2,
20220726-BULL-012,20220726-BULL-012-B,82,89,7,
20220726-BULL-012,20220726-BULL-012-C,7.3,7.5,0.20000000000000018,
20220726-BULL-012,20220726-BULL-012-D,80,83,3,
20220726-BULL-012,20220726-BULL-012-E,7.3,7.7,0.40000000000000036,
20220726-BULL-012,20220726-BULL-012-F,395,445,50,
20220726-BULL-013,20220726-BULL-013-A,79,81,2,
20220726-BULL-014,20220726-BULL-014-A,7.3,7.8,0.5,
20220726-BULL-014,20220726-BULL-014-B,7.1,8.2,1.0999999999999996,
20220726-BULL-014,20220726-BULL-014-C,6.8,8.1,1.2999999999999998,
20220726-BULL-014,20220726-BULL-014-D,66,76,10,
20220726-BULL-014,20220726-BULL-014-E,68,77,9,
20220726-BULL-014,20220726-BULL-014-F,270,350,80,
20220726-BULL-015,20220726-BULL-015-A,79,80,1,
20220726-BULL-015,20220726-BULL-015-B,83,84,1,
20220726-BULL-015,20220726-BULL-015-C,83,84,1,
20220726-BULL-015,20220726-BULL-015-D,88,94,6,
20220726-BULL-015,20220726-BULL-015-E,72,79,7,
20220726-BULL-015,20220726-BULL-015-F,71,75,4,
20220726-BULL-016,20220726-BULL-016-A,82,84,2,pneumatocyst volume: 1 mL
20220726-BULL-016,20220726-BULL-016-B,81,86,5,
20220726-BULL-016,20220726-BULL-016-C,81,83,2,pneumatocyst: 0.1 mL
20220726-BULL-016,20220726-BULL-016-D,80,81,1,
20220726-BULL-016,20220726-BULL-016-E,80,83,3,
20220726-BULL-016,20220726-BULL-016-F,81,84,3,pneumatocyst: 1 mL
20220726-BULL-016,20220726-BULL-016-G,80,83,3,pneumatocyst: 1 mL
20220726-BULL-016,20220726-BULL-016-H,79,84,5,
20220726-BULL-016,20220726-BULL-016-I,78,81,3,
20220726-BULL-016,20220726-BULL-016-J,78,79,1,pneumatocyst: 0.4 mL
20220726-BULL-017,20220726-BULL-017-A,85,86,1,
20220726-BULL-017,20220726-BULL-017-B,84,85,1,
20220726-BULL-017,20220726-BULL-017-C,84,88,4,
20220726-BULL-017,20220726-BULL-017-D,212,218,6,
20220726-BULL-018,20220726-BULL-018-A,72,87,15,
20220726-BULL-018,20220726-BULL-018-B,60,68,8,
20220726-BULL-018,20220726-BULL-018-C,58,NA,-58,bad scan
20220726-BULL-018,20220726-BULL-018-D,57,59,2,
20220726-BULL-018,20220726-BULL-018-E,74,75,1,
20220726-BULL-018,20220726-BULL-018-F,180,196,16,"mislabelled on data sheet as ""D"""
20220726-BULL-019,20220726-BULL-019-A,73,97,24,
20220726-BULL-019,20220726-BULL-019-B,61,66,5,
20220726-BULL-019,20220726-BULL-019-C,77,83,6,
20220726-BULL-019,20220726-BULL-019-D,73,77,4,
20220726-BULL-020,20220726-BULL-020-A,85,89,4,
20220726-BULL-020,20220726-BULL-020-B,85,95,10,
20220726-BULL-020,20220726-BULL-020-C,83,90,7,
20220726-BULL-020,20220726-BULL-020-D,82,95,13,
20220726-BULL-020,20220726-BULL-020-E,81,94,13,
20220726-BULL-020,20220726-BULL-020-F,166,194,28,
20220726-BULL-020,20220726-BULL-020-G,78,90,12,
20220726-BULL-021,20220726-BULL-021-A,73,74,1,
20220726-BULL-022,20220726-BULL-022-A,88,92,4,
20220726-BULL-023,20220726-BULL-023-A,85,88,3,
20220726-BULL-024,20220726-BULL-024-A,84,86,2,
20220726-BULL-024,20220726-BULL-024-B,83,85,2,pneumatocyst: 1 mL
20220726-BULL-024,20220726-BULL-024-C,81,84,3,
20220726-BULL-024,20220726-BULL-024-D,81,84,3,
20220726-BULL-024,20220726-BULL-024-E,80,83,3,
20220726-BULL-024,20220726-BULL-024-F,78,82,4,
20220726-BULL-024,20220726-BULL-024-G,78,81,3,pneumatocyst: 1 mL
20220726-BULL-024,20220726-BULL-024-H,77,81,4,pneumatocyst: 1 mL
20220726-BULL-024,20220726-BULL-024-I,76,78,2,
20220726-BULL-024,20220726-BULL-024-J,76,78,2,
20220726-BULL-025,20220726-BULL-025-A,180,232,52,
20220726-BULL-026,20220726-BULL-026-A,62,65,3,
20220726-BULL-027,20220726-BULL-027-A,186,218,32,
20220726-BULL-028,20220726-BULL-028-A,74,76,2,
20220726-BULL-028,20220726-BULL-028-B,73,74,1,
20220726-BULL-028,20220726-BULL-028-C,8,9,1,
20220726-BULL-028,20220726-BULL-028-D,7.7,8.1,0.39999999999999947,
20220726-BULL-028,20220726-BULL-028-E,73,78,5,
20220726-BULL-028,20220726-BULL-028-F,NA,NA,0,
20220726-BULL-029,20220726-BULL-029-A,7.4,7.8,0.39999999999999947,
20220726-BULL-029,20220726-BULL-029-B,7.2,7.7,0.5,
20220726-BULL-029,20220726-BULL-029-C,69,78,9,
20220726-BULL-029,20220726-BULL-029-D,60,68,8,
20220726-BULL-029,20220726-BULL-029-E,52,62,10,
20220726-BULL-029,20220726-BULL-029-F,NA,NA,0,
20220726-BULL-030,20220726-BULL-030-A,85,92,7,
20220726-BULL-030,20220726-BULL-030-B,76,82,6,
20220726-BULL-030,20220726-BULL-030-C,72,75,3,
20220726-BULL-030,20220726-BULL-030-D,68,84,16,
20220726-BULL-030,20220726-BULL-030-E,60,66,6,
20220726-BULL-030,20220726-BULL-030-F,NA,NA,0,
20220726-BULL-031,20220726-BULL-031-A,79,84,5,
20220726-BULL-031,20220726-BULL-031-B,75,77,2,
20220726-BULL-031,20220726-BULL-031-C,74,78,4,
20220726-BULL-031,20220726-BULL-031-D,74,76,2,
20220726-BULL-031,20220726-BULL-031-E,73,85,12,
20220726-BULL-031,20220726-BULL-031-F,NA,NA,0,
20220726-BULL-032,20220726-BULL-032-A,62,74,12,
20220726-BULL-032,20220726-BULL-032-B,65,69,4,
20220726-BULL-032,20220726-BULL-032-C,65,72,7,
20220726-BULL-032,20220726-BULL-032-D,82,84,2,
20220726-BULL-032,20220726-BULL-032-E,82,88,6,
20220726-BULL-032,20220726-BULL-032-F,80,92,12,
20220726-BULL-032,20220726-BULL-032-G,68,76,8,
20220726-BULL-033,20220726-BULL-033-A,194,234,40,
20220726-BULL-033,20220726-BULL-033-B,168,196,28,
20220726-BULL-033,20220726-BULL-033-C,164,178,14,
20220726-BULL-033,20220726-BULL-033-D,162,168,6,
20220726-BULL-033,20220726-BULL-033-E,160,176,16,
20220726-BULL-033,20220726-BULL-033-F,335,430,95,
20220726-BULL-033,20220726-BULL-033-G,160,170,10,
20220726-BULL-033,20220726-BULL-033-H,169,180,11,
20220726-BULL-034,20220726-BULL-034-A,325,295,-30,
20220726-BULL-034,20220726-BULL-034-B,204,234,30,
20220726-BULL-034,20220726-BULL-034-C,198,230,32,
20220726-BULL-034,20220726-BULL-034-D,194,228,34,
20220726-BULL-034,20220726-BULL-034-E,192,222,30,
20220726-BULL-034,20220726-BULL-034-F,NA,NA,410,measured in four pieces
20220726-BULL-034,20220726-BULL-034-G,188,234,46,
20220726-BULL-034,20220726-BULL-034-H,315,400,85,
20220726-BULL-035,20220726-BULL-035-A,79,94,15,
20220726-BULL-036,20220726-BULL-036-A,182,246,64,
20220811-AQUE-001,20220811-AQUE-001-A,76,82,6,
20220811-AQUE-001,20220811-AQUE-001-B,74,76,2,
20220811-AQUE-001,20220811-AQUE-001-C,73,75,2,
20220811-AQUE-002,20220811-AQUE-002-A,72,199,127,
20220811-AQUE-002,20220811-AQUE-002-B,82,83,1,
20220811-AQUE-003,20220811-AQUE-003-A,81,100,19,
20220811-AQUE-004,20220811-AQUE-004-A,184,220,36,
20220811-AQUE-004,20220811-AQUE-004-B,5.8,7,1.2000000000000002,
20220811-AQUE-004,20220811-AQUE-004-C,5.8,6,0.20000000000000018,
20220811-AQUE-005,20220811-AQUE-005-A,190,202,12,
20220811-AQUE-005,20220811-AQUE-005-B,5.8,6,0.20000000000000018,
20220812-AQUE-001,20220812-AQUE-001-A,72,73,1,
20220812-AQUE-002,20220812-AQUE-002-A,72,77,5,
20220812-AQUE-002,20220812-AQUE-002-B,69,81,12,
20220812-AQUE-003,20220812-AQUE-003-A,65,68,3,
20220812-AQUE-004,20220812-AQUE-004-A,NA,NA,106,measured in two pieces
20220812-AQUE-005,20220812-AQUE-005-A,350,420,70,
20220815-MOHK-001,20220815-MOHK-001-A,85,86,1,
20220815-MOHK-001,20220815-MOHK-001-B,85,86,1,
20220815-MOHK-001,20220815-MOHK-001-C,85,86,1,
20220815-MOHK-001,20220815-MOHK-001-D,6.8,7.2,0.40000000000000036,
20220815-MOHK-001,20220815-MOHK-001-E,6.7,6.9,0.20000000000000018,
20220815-MOHK-001,20220815-MOHK-001-F,5.3,5.7,0.40000000000000036,
20220815-MOHK-001,20220815-MOHK-001-G,84,86,2,
20220815-MOHK-002,20220815-MOHK-002-A,83,94,11,
20220815-MOHK-003,20220815-MOHK-003-A,79,84,5,
20220815-MOHK-003,20220815-MOHK-003-B,5.3,5.5,0.20000000000000018,
20220815-MOHK-004,20220815-MOHK-004-A,5.2,5.7,0.5,
20220815-MOHK-004,20220815-MOHK-004-B,5.2,5.7,0.5,
20220815-MOHK-004,20220815-MOHK-004-C,5.2,5.7,0.5,
20220815-MOHK-004,20220815-MOHK-004-D,5.2,6.2,1,
20220815-MOHK-004,20220815-MOHK-004-E,5.1,6.1,1,
20220815-MOHK-005,20220815-MOHK-005-A,7.3,7.5,0.20000000000000018,
20220815-MOHK-005,20220815-MOHK-005-B,7,7.6,0.5999999999999996,
20220815-MOHK-005,20220815-MOHK-005-C,6.8,7.9,1.1000000000000005,
20220815-MOHK-005,20220815-MOHK-005-D,79,88,9,
20220815-MOHK-006,20220815-MOHK-006-A,77,81,4,
20220815-MOHK-006,20220815-MOHK-006-B,76,77,1,
20220815-MOHK-006,20220815-MOHK-006-C,8.4,9.2,0.7999999999999989,
20220815-MOHK-006,20220815-MOHK-006-D,8,8.8,0.8000000000000007,
20220815-MOHK-007,20220815-MOHK-007-A,7.7,8.2,0.4999999999999991,
20220815-MOHK-007,20220815-MOHK-007-B,7.5,8,0.5,
20220815-MOHK-007,20220815-MOHK-007-C,76,77,1,
20220815-MOHK-007,20220815-MOHK-007-D,76,78,2,
20220815-MOHK-008,20220815-MOHK-008-A,6.7,7.1,0.39999999999999947,
20220815-MOHK-008,20220815-MOHK-008-B,6.6,6.8,0.20000000000000018,
20220815-MOHK-008,20220815-MOHK-008-C,6.5,7,0.5,
20220815-MOHK-008,20220815-MOHK-008-D,6.4,7.4,1,
20220815-MOHK-009,20220815-MOHK-009-A,75,77,2,
20220815-MOHK-009,20220815-MOHK-009-B,74,78,4,
20220815-MOHK-009,20220815-MOHK-009-C,74,79,5,
20220815-MOHK-009,20220815-MOHK-009-D,73,88,15,
20220815-MOHK-010,20220815-MOHK-010-A,72,83,11,
20220815-MOHK-010,20220815-MOHK-010-B,69,86,17,
20220815-MOHK-011,20220815-MOHK-011-A,6.8,7.2,0.40000000000000036,
20220815-MOHK-011,20220815-MOHK-011-B,7,7.3,0.2999999999999998,
20220815-MOHK-011,20220815-MOHK-011-C,6.8,7,0.20000000000000018,
20220815-MOHK-011,20220815-MOHK-011-D,76,83,7,
20220815-MOHK-012,20220815-MOHK-012-A,NA,NA,0,
20220815-MOHK-012,20220815-MOHK-012-B,NA,NA,0,
20220815-MOHK-012,20220815-MOHK-012-C,NA,NA,0,
20220815-MOHK-012,20220815-MOHK-012-D,NA,NA,0,
20220815-MOHK-013,20220815-MOHK-013-A,NA,NA,0,
20220815-MOHK-013,20220815-MOHK-013-B,NA,NA,0,
20220815-MOHK-013,20220815-MOHK-013-C,NA,NA,0,
20220815-MOHK-013,20220815-MOHK-013-D,NA,NA,0,
20220815-MOHK-013,20220815-MOHK-013-E,NA,NA,0,
20220815-MOHK-013,20220815-MOHK-013-F,NA,NA,0,
20220815-MOHK-013,20220815-MOHK-013-G,NA,NA,0,
20220815-MOHK-014,20220815-MOHK-014-A,NA,NA,0,
20220815-MOHK-014,20220815-MOHK-014-B,NA,NA,0,
20220815-MOHK-014,20220815-MOHK-014-C,NA,NA,0,
20220815-MOHK-015,20220815-MOHK-015-A,NA,NA,0,
20220815-MOHK-015,20220815-MOHK-015-B,NA,NA,0,
20220815-MOHK-015,20220815-MOHK-015-C,NA,NA,0,
20220815-MOHK-015,20220815-MOHK-015-D,NA,NA,0,
20220815-MOHK-016,20220815-MOHK-016-A,NA,NA,0,
20220815-MOHK-016,20220815-MOHK-016-B,NA,NA,0,
20220815-MOHK-016,20220815-MOHK-016-C,NA,NA,0,
20220815-MOHK-016,20220815-MOHK-016-D,NA,NA,0,
20220815-MOHK-016,20220815-MOHK-016-E,NA,NA,0,
20220815-MOHK-016,20220815-MOHK-016-F,NA,NA,0,
20220815-MOHK-016,20220815-MOHK-016-G,NA,NA,0,
20220815-MOHK-017,20220815-MOHK-017-A,NA,NA,0,
20220815-MOHK-017,20220815-MOHK-017-B,NA,NA,0,
20220815-MOHK-017,20220815-MOHK-017-C,NA,NA,0,
20220815-MOHK-017,20220815-MOHK-017-D,NA,NA,0,
20220815-MOHK-017,20220815-MOHK-017-E,NA,NA,0,
20220815-MOHK-017,20220815-MOHK-017-F,NA,NA,0,
20220815-MOHK-017,20220815-MOHK-017-G,NA,NA,0,
20220815-MOHK-018,20220815-MOHK-018-A,NA,NA,0,
20220815-MOHK-018,20220815-MOHK-018-B,NA,NA,0,
20220815-MOHK-018,20220815-MOHK-018-C,NA,NA,0,
20220815-MOHK-019,20220815-MOHK-019-A,NA,NA,0,
20220815-MOHK-019,20220815-MOHK-019-B,NA,NA,0,
20220815-MOHK-019,20220815-MOHK-019-C,NA,NA,0,
20220815-MOHK-019,20220815-MOHK-019-D,NA,NA,0,
20220818-AQUE-001,20220818-AQUE-001-A,7.8,8.3,0.5000000000000009,
20220818-AQUE-001,20220818-AQUE-001-B,7.7,8.3,0.6000000000000005,
20220818-AQUE-001,20220818-AQUE-001-C,NA,NA,0.39999999999999947,measured in two pieces
20220818-AQUE-001,20220818-AQUE-001-D,79,81,2,
20220818-AQUE-002,20220818-AQUE-002-A,7.4,7.7,0.2999999999999998,
20220818-AQUE-002,20220818-AQUE-002-B,7.4,7.5,0.09999999999999964,
20220818-AQUE-002,20220818-AQUE-002-C,8,8.9,0.9000000000000004,
20220818-AQUE-002,20220818-AQUE-002-D,79,80,1,
20220824-CARP-001,20220824-CARP-001-A,88,91,3,
20220824-CARP-001,20220824-CARP-001-B,86,89,3,
20220824-CARP-002,20220824-CARP-002-A,9,9.4,0.40000000000000036,
20220824-CARP-002,20220824-CARP-002-B,9,9.8,0.8000000000000007,
20220824-CARP-002,20220824-CARP-002-C,8.8,9,0.1999999999999993,
20220824-CARP-002,20220824-CARP-002-D,85,93,8,
20220824-CARP-003,20220824-CARP-003-A,84,85,1,
20220824-CARP-003,20220824-CARP-003-B,83,86,3,
20220824-CARP-003,20220824-CARP-003-C,80,81,1,
20220824-CARP-003,20220824-CARP-003-D,180,194,14,
20220824-CARP-004,20220824-CARP-004-A,79,95,16,
20220824-CARP-004,20220824-CARP-004-B,80,86,6,
20220824-CARP-004,20220824-CARP-004-C,82,88,6,
20220824-CARP-004,20220824-CARP-004-D,360,425,65,
20220824-CARP-005,20220824-CARP-005-A,6.5,6.9,0.40000000000000036,
20220824-CARP-005,20220824-CARP-005-B,6.5,6.7,0.20000000000000018,
20220824-CARP-005,20220824-CARP-005-C,6.5,7.1,0.5999999999999996,
20220824-CARP-005,20220824-CARP-005-D,6.4,7.2,0.7999999999999998,
20220824-CARP-006,20220824-CARP-006-A,6.5,7.4,0.9000000000000004,
20220824-CARP-006,20220824-CARP-006-B,81,83,2,
20220824-CARP-006,20220824-CARP-006-C,80,82,2,
20220824-CARP-006,20220824-CARP-006-D,192,198,6,
20220824-CARP-007,20220824-CARP-007-A,78,87,9,
20220824-CARP-007,20220824-CARP-007-B,77,84,7,
20220824-CARP-007,20220824-CARP-007-C,77,83,6,
20220824-CARP-007,20220824-CARP-007-D,325,400,75,
20220824-CARP-008,20220824-CARP-008-A,8.8,9.1,0.29999999999999893,
20220824-CARP-008,20220824-CARP-008-B,86,88,2,
20220824-CARP-008,20220824-CARP-008-C,86,87,1,
20220824-CARP-008,20220824-CARP-008-D,85,92,7,
20220824-CARP-009,20220824-CARP-009-A,8.8,9.4,0.5999999999999996,
20220824-CARP-009,20220824-CARP-009-B,8.8,9.3,0.5,
20220824-CARP-009,20220824-CARP-009-C,8.8,9.3,0.5,
20220824-CARP-009,20220824-CARP-009-D,196,214,18,
20220824-CARP-010,20220824-CARP-010-A,73,88,15,
20220824-CARP-010,20220824-CARP-010-B,70,76,6,
20220824-CARP-010,20220824-CARP-010-C,65,67,2,
20220824-CARP-010,20220824-CARP-010-D,68,69,1,
20220824-CARP-011,20220824-CARP-011-A,82,86,4,
20220824-CARP-011,20220824-CARP-011-B,77,80,3,
20220824-CARP-011,20220824-CARP-011-C,71,73,2,
20220824-CARP-011,20220824-CARP-011-D,196,218,22,
20220824-CARP-012,20220824-CARP-012-A,70,76,6,
20220824-CARP-012,20220824-CARP-012-B,69,76,7,
20220824-CARP-012,20220824-CARP-012-C,69,75,6,
20220824-CARP-012,20220824-CARP-012-D,375,455,80,
20220824-CARP-013,20220824-CARP-013-A,69,73,4,
20220824-CARP-013,20220824-CARP-013-B,67,70,3,
20220824-CARP-013,20220824-CARP-013-C,64,66,2,
20220824-CARP-013,20220824-CARP-013-D,62,66,4,
20220824-CARP-014,20220824-CARP-014-A,59,61,2,
20220824-CARP-015,20220824-CARP-015-A,4.7,5.3,0.5999999999999996,
20220824-CARP-015,20220824-CARP-015-B,58,59,1,
20220824-CARP-015,20220824-CARP-015-C,58,60,2,
20220824-CARP-015,20220824-CARP-015-D,57,62,5,
20220824-CARP-016,20220824-CARP-016-A,4.8,5.4,0.6000000000000005,
20220824-CARP-016,20220824-CARP-016-B,54,57,3,
20220824-CARP-016,20220824-CARP-016-C,4.6,5.3,0.7000000000000002,
20220824-CARP-016,20220824-CARP-016-D,375,420,45,
20220824-CARP-017,20220824-CARP-017-A,88,90,2,
20220824-CARP-017,20220824-CARP-017-B,6,6.8,0.7999999999999998,
20220824-CARP-017,20220824-CARP-017-C,7.6,9,1.4000000000000004,
20220824-CARP-017,20220824-CARP-017-D,83,90,7,
20220824-CARP-018,20220824-CARP-018-A,87,89,2,
20220824-CARP-018,20220824-CARP-018-B,86,87,1,
20220824-CARP-018,20220824-CARP-018-C,85,90,5,
20220824-CARP-018,20220824-CARP-018-D,78,84,6,
20220824-CARP-019,20220824-CARP-019-A,6.8,8.3,1.5000000000000009,
20220824-CARP-019,20220824-CARP-019-B,79,81,2,
20220824-CARP-019,20220824-CARP-019-C,77,79,2,
20220824-CARP-019,20220824-CARP-019-D,72,78,6,
20220824-CARP-020,20220824-CARP-020-A,8.8,9,0.1999999999999993,
20220824-CARP-020,20220824-CARP-020-B,8.8,8.9,0.09999999999999964,
20220824-CARP-020,20220824-CARP-020-C,8.8,9.5,0.6999999999999993,
20220824-CARP-020,20220824-CARP-020-D,196,214,18,
20220824-CARP-021,20220824-CARP-021-A,78,81,3,
20220824-CARP-021,20220824-CARP-021-B,74,76,2,
20220824-CARP-021,20220824-CARP-021-C,73,74,1,
20220824-CARP-021,20220824-CARP-021-D,80,86,6,
20220824-MOHK-001,20220824-MOHK-001-A,NA,NA,1740,measured in three pieces
20220824-MOHK-001,20220824-MOHK-001-B,6,6.8,0.7999999999999998,
20220824-MOHK-001,20220824-MOHK-001-C,190,200,10,
20220824-MOHK-002,20220824-MOHK-002-A,770,890,120,
20220824-MOHK-002,20220824-MOHK-002-B,7.8,8.2,0.39999999999999947,
20220824-MOHK-002,20220824-MOHK-002-C,NA,NA,0,
20220824-MOHK-003,20220824-MOHK-003-A,700,860,160,
20220824-MOHK-003,20220824-MOHK-003-B,6.4,7,0.5999999999999996,
20220824-MOHK-003,20220824-MOHK-003-C,192,196,4,
20220824-MOHK-004,20220824-MOHK-004-A,680,830,150,
20220824-MOHK-004,20220824-MOHK-004-B,6.3,6.8,0.5,
20220824-MOHK-004,20220824-MOHK-004-C,190,196,6,
20220824-MOHK-005,20220824-MOHK-005-A,NA,NA,390,measured in two pieces
20220824-MOHK-005,20220824-MOHK-005-B,8.9,9.4,0.5,
20220824-MOHK-006,20220824-MOHK-006-A,76,83,7,
20220824-MOHK-006,20220824-MOHK-006-B,76,86,10,
20220824-MOHK-006,20220824-MOHK-006-C,75,87,12,
20220824-MOHK-006,20220824-MOHK-006-D,NA,NA,215,
20220824-MOHK-007,20220824-MOHK-007-A,75,81,6,
20220824-MOHK-007,20220824-MOHK-007-B,74,78,4,
20220824-MOHK-007,20220824-MOHK-007-C,75,77,2,
20220824-MOHK-007,20220824-MOHK-007-D,305,380,75,
20220824-MOHK-008,20220824-MOHK-008-A,74,88,14,
20220824-MOHK-008,20220824-MOHK-008-B,78,90,12,
20220824-MOHK-008,20220824-MOHK-008-C,77,82,5,
20220824-MOHK-008,20220824-MOHK-008-D,NA,NA,150,measured in two pieces
20220824-MOHK-009,20220824-MOHK-009-A,670,800,130,
20220824-MOHK-009,20220824-MOHK-009-B,8.1,8.7,0.5999999999999996,
20220824-MOHK-009,20220824-MOHK-009-C,188,194,6,
20220824-MOHK-010,20220824-MOHK-010-A,76,83,7,
20220824-MOHK-010,20220824-MOHK-010-B,76,81,5,
20220824-MOHK-010,20220824-MOHK-010-C,76,81,5,
20220824-MOHK-010,20220824-MOHK-010-D,NA,NA,125,measured in two pieces
