Datetime,Time (abs/ms),Time (rel/ms),Date,Time,Type,No.,1:F,1:Fm',1:PAR,1:Temp,1:Y (II),1:Fo',1:ETR-F.,1:qP,1:qN,1:qL,1:NPQ,1:Y (NO),1:Y (NPQ),1:Fo,1:Fm,1:Fv/Fm,1:AHum,1:Oxyg.,1:X1,1:X2,specimen_ID,subsample_ID
7/25/23 16:35,1.69E+12,43942,7/25/23,16:35:40,FO,1,9,9,0,-,-,-,0.84,-,-,-,-,-,-,9,9,-,-,-,-,-,NA,NA
7/25/23 16:35,1.69E+12,48405,7/25/23,16:35:45,FO,2,5,5,0,-,-,-,0.84,-,-,-,-,-,-,5,5,-,-,-,-,-,NA,NA
7/25/23 16:38,1.69E+12,187569,7/25/23,16:38:04,FO,3,101,195,0,-,0.482,-,0.84,-,-,-,-,-,-,101,195,0.482,-,-,-,-,20230725-BULL-001,20230725-BULL-001-A
7/25/23 16:38,1.69E+12,194374,7/25/23,16:38:11,FO,4,96,161,0,-,0.404,-,0.84,-,-,-,-,-,-,96,161,0.404,-,-,-,-,20230725-BULL-001,20230725-BULL-001-A
7/25/23 16:38,1.69E+12,203831,7/25/23,16:38:20,FO,5,141,264,0,-,0.466,-,0.84,-,-,-,-,-,-,141,264,0.466,-,-,-,-,20230725-BULL-001,20230725-BULL-001-A
7/25/23 16:38,1.69E+12,213473,7/25/23,16:38:30,FO,6,162,292,0,-,0.445,-,0.84,-,-,-,-,-,-,162,292,0.445,-,-,-,-,20230725-BULL-001,20230725-BULL-001-A
7/25/23 16:38,1.69E+12,221451,7/25/23,16:38:38,FO,7,117,238,0,-,0.508,-,0.84,-,-,-,-,-,-,117,238,0.508,-,-,-,-,20230725-BULL-001,20230725-BULL-001-A
7/25/23 16:38,1.69E+12,229489,7/25/23,16:38:46,FO,8,64,123,0,-,0.48,-,0.84,-,-,-,-,-,-,64,123,0.48,-,-,-,-,20230725-BULL-001,20230725-BULL-001-A
7/25/23 16:38,1.69E+12,239481,7/25/23,16:38:56,FO,9,163,283,0,-,0.424,-,0.84,-,-,-,-,-,-,163,283,0.424,-,-,-,-,20230725-BULL-001,20230725-BULL-001-A
7/25/23 16:39,1.69E+12,246506,7/25/23,16:39:03,FO,10,84,160,0,-,0.475,-,0.84,-,-,-,-,-,-,84,160,0.475,-,-,-,-,20230725-BULL-001,20230725-BULL-001-A
7/25/23 16:39,1.69E+12,254935,7/25/23,16:39:11,FO,11,75,150,0,-,0.5,-,0.84,-,-,-,-,-,-,75,150,0.5,-,-,-,-,20230725-BULL-001,20230725-BULL-001-A
7/25/23 16:39,1.69E+12,262482,7/25/23,16:39:19,FO,12,119,245,0,-,0.514,-,0.84,-,-,-,-,-,-,119,245,0.514,-,-,-,-,20230725-BULL-001,20230725-BULL-001-A
7/25/23 16:39,1.69E+12,272156,7/25/23,16:39:29,FO,13,6,15,0,-,-,-,0.84,-,-,-,-,-,-,6,15,-,-,-,-,-,NA,NA
7/25/23 16:39,1.69E+12,276060,7/25/23,16:39:33,FO,14,1,16,0,-,-,-,0.84,-,-,-,-,-,-,1,16,-,-,-,-,-,NA,NA
7/25/23 16:47,1.69E+12,761040,7/25/23,16:47:38,FO,15,107,206,0,-,0.481,-,0.84,-,-,-,-,-,-,107,206,0.481,-,-,-,-,20230725-BULL-002,20230725-BULL-002-A
7/25/23 16:47,1.69E+12,772851,7/25/23,16:47:49,FO,16,123,225,0,-,0.453,-,0.84,-,-,-,-,-,-,123,225,0.453,-,-,-,-,20230725-BULL-002,20230725-BULL-002-A
7/25/23 16:48,1.69E+12,786826,7/25/23,16:48:03,FO,17,131,219,0,-,0.402,-,0.84,-,-,-,-,-,-,131,219,0.402,-,-,-,-,20230725-BULL-002,20230725-BULL-002-A
7/25/23 16:48,1.69E+12,796164,7/25/23,16:48:13,FO,18,110,212,0,-,0.481,-,0.84,-,-,-,-,-,-,110,212,0.481,-,-,-,-,20230725-BULL-002,20230725-BULL-002-A
7/25/23 16:48,1.69E+12,812564,7/25/23,16:48:29,FO,19,112,193,0,-,0.42,-,0.84,-,-,-,-,-,-,112,193,0.42,-,-,-,-,20230725-BULL-002,20230725-BULL-002-A
7/25/23 16:48,1.69E+12,823633,7/25/23,16:48:40,FO,20,84,175,0,-,0.52,-,0.84,-,-,-,-,-,-,84,175,0.52,-,-,-,-,20230725-BULL-002,20230725-BULL-002-A
7/25/23 16:48,1.69E+12,834902,7/25/23,16:48:51,FO,21,107,196,0,-,0.454,-,0.84,-,-,-,-,-,-,107,196,0.454,-,-,-,-,20230725-BULL-002,20230725-BULL-002-A
7/25/23 16:49,1.69E+12,849553,7/25/23,16:49:06,FO,22,145,232,0,-,0.375,-,0.84,-,-,-,-,-,-,145,232,0.375,-,-,-,-,20230725-BULL-002,20230725-BULL-002-A
7/25/23 16:49,1.69E+12,865628,7/25/23,16:49:22,FO,23,77,137,0,-,0.438,-,0.84,-,-,-,-,-,-,77,137,0.438,-,-,-,-,20230725-BULL-002,20230725-BULL-002-A
7/25/23 16:49,1.69E+12,874872,7/25/23,16:49:31,FO,24,109,200,0,-,0.455,-,0.84,-,-,-,-,-,-,109,200,0.455,-,-,-,-,20230725-BULL-002,20230725-BULL-002-A
7/25/23 16:49,1.69E+12,881373,7/25/23,16:49:38,FO,25,3,14,0,-,-,-,0.84,-,-,-,-,-,-,3,14,-,-,-,-,-,NA,NA
7/25/23 16:49,1.69E+12,885599,7/25/23,16:49:42,FO,26,4,11,0,-,-,-,0.84,-,-,-,-,-,-,4,11,-,-,-,-,-,NA,NA
7/25/23 16:50,1.69E+12,931020,7/25/23,16:50:27,FO,27,168,288,0,-,0.417,-,0.84,-,-,-,-,-,-,168,288,0.417,-,-,-,-,20230725-BULL-002,20230725-BULL-002-B
7/25/23 16:50,1.69E+12,941174,7/25/23,16:50:38,FO,28,142,236,0,-,0.398,-,0.84,-,-,-,-,-,-,142,236,0.398,-,-,-,-,20230725-BULL-002,20230725-BULL-002-B
7/25/23 16:50,1.69E+12,953603,7/25/23,16:50:50,FO,29,116,172,0,-,0.326,-,0.84,-,-,-,-,-,-,116,172,0.326,-,-,-,-,20230725-BULL-002,20230725-BULL-002-B
7/25/23 16:51,1.69E+12,965487,7/25/23,16:51:02,FO,30,101,191,0,-,0.471,-,0.84,-,-,-,-,-,-,101,191,0.471,-,-,-,-,20230725-BULL-002,20230725-BULL-002-B
7/25/23 16:51,1.69E+12,975411,7/25/23,16:51:12,FO,31,98,182,0,-,0.462,-,0.84,-,-,-,-,-,-,98,182,0.462,-,-,-,-,20230725-BULL-002,20230725-BULL-002-B
7/25/23 16:51,1.69E+12,1000047,7/25/23,16:51:37,FO,32,90,169,0,-,0.467,-,0.84,-,-,-,-,-,-,90,169,0.467,-,-,-,-,20230725-BULL-002,20230725-BULL-002-B
7/25/23 16:51,1.69E+12,1015807,7/25/23,16:51:52,FO,33,89,176,0,-,0.494,-,0.84,-,-,-,-,-,-,89,176,0.494,-,-,-,-,20230725-BULL-002,20230725-BULL-002-B
7/25/23 16:52,1.69E+12,1027775,7/25/23,16:52:04,FO,34,105,195,0,-,0.462,-,0.84,-,-,-,-,-,-,105,195,0.462,-,-,-,-,20230725-BULL-002,20230725-BULL-002-B
7/25/23 16:52,1.69E+12,1036839,7/25/23,16:52:13,FO,35,103,201,0,-,0.488,-,0.84,-,-,-,-,-,-,103,201,0.488,-,-,-,-,20230725-BULL-002,20230725-BULL-002-B
7/25/23 16:52,1.69E+12,1048928,7/25/23,16:52:25,FO,36,78,162,0,-,0.519,-,0.84,-,-,-,-,-,-,78,162,0.519,-,-,-,-,20230725-BULL-002,20230725-BULL-002-B
7/25/23 16:52,1.69E+12,1056075,7/25/23,16:52:33,FO,37,5,13,0,-,-,-,0.84,-,-,-,-,-,-,5,13,-,-,-,-,-,NA,NA
7/25/23 16:52,1.69E+12,1059970,7/25/23,16:52:36,FO,38,9,13,0,-,-,-,0.84,-,-,-,-,-,-,9,13,-,-,-,-,-,NA,NA
7/25/23 16:53,1.69E+12,1100724,7/25/23,16:53:17,FO,39,111,206,0,-,0.461,-,0.84,-,-,-,-,-,-,111,206,0.461,-,-,-,-,20230725-BULL-002,20230725-BULL-002-C
7/25/23 16:53,1.69E+12,1109829,7/25/23,16:53:26,FO,40,110,205,0,-,0.463,-,0.84,-,-,-,-,-,-,110,205,0.463,-,-,-,-,20230725-BULL-002,20230725-BULL-002-C
7/25/23 16:53,1.69E+12,1120276,7/25/23,16:53:37,FO,41,83,153,0,-,0.458,-,0.84,-,-,-,-,-,-,83,153,0.458,-,-,-,-,20230725-BULL-002,20230725-BULL-002-C
7/25/23 16:53,1.69E+12,1129060,7/25/23,16:53:46,FO,42,92,168,0,-,0.452,-,0.84,-,-,-,-,-,-,92,168,0.452,-,-,-,-,20230725-BULL-002,20230725-BULL-002-C
7/25/23 16:53,1.69E+12,1137280,7/25/23,16:53:54,FO,43,98,195,0,-,0.497,-,0.84,-,-,-,-,-,-,98,195,0.497,-,-,-,-,20230725-BULL-002,20230725-BULL-002-C
7/25/23 16:54,1.69E+12,1146392,7/25/23,16:54:03,FO,44,92,167,0,-,0.449,-,0.84,-,-,-,-,-,-,92,167,0.449,-,-,-,-,20230725-BULL-002,20230725-BULL-002-C
7/25/23 16:54,1.69E+12,1154732,7/25/23,16:54:11,FO,45,79,165,0,-,0.521,-,0.84,-,-,-,-,-,-,79,165,0.521,-,-,-,-,20230725-BULL-002,20230725-BULL-002-C
7/25/23 16:54,1.69E+12,1163055,7/25/23,16:54:20,FO,46,120,225,0,-,0.467,-,0.84,-,-,-,-,-,-,120,225,0.467,-,-,-,-,20230725-BULL-002,20230725-BULL-002-C
7/25/23 16:54,1.69E+12,1171549,7/25/23,16:54:28,FO,47,154,239,0,-,0.356,-,0.84,-,-,-,-,-,-,154,239,0.356,-,-,-,-,20230725-BULL-002,20230725-BULL-002-C
7/25/23 16:54,1.69E+12,1179555,7/25/23,16:54:36,FO,48,74,149,0,-,0.503,-,0.84,-,-,-,-,-,-,74,149,0.503,-,-,-,-,20230725-BULL-002,20230725-BULL-002-C
7/25/23 16:54,1.69E+12,1183787,7/25/23,16:54:40,FO,49,3,8,0,-,-,-,0.84,-,-,-,-,-,-,3,8,-,-,-,-,-,NA,NA
7/25/23 16:54,1.69E+12,1187540,7/25/23,16:54:44,FO,50,1,9,0,-,-,-,0.84,-,-,-,-,-,-,1,9,-,-,-,-,-,NA,NA
7/25/23 17:02,1.69E+12,1650082,7/25/23,17:02:27,FO,51,133,224,0,-,0.406,-,0.84,-,-,-,-,-,-,133,224,0.406,-,-,-,-,20230725-BULL-003,20230725-BULL-003-A
7/25/23 17:02,1.69E+12,1655849,7/25/23,17:02:32,FO,52,88,164,0,-,0.463,-,0.84,-,-,-,-,-,-,88,164,0.463,-,-,-,-,20230725-BULL-003,20230725-BULL-003-A
7/25/23 17:02,1.69E+12,1661878,7/25/23,17:02:38,FO,53,82,148,0,-,0.446,-,0.84,-,-,-,-,-,-,82,148,0.446,-,-,-,-,20230725-BULL-003,20230725-BULL-003-A
7/25/23 17:02,1.69E+12,1667300,7/25/23,17:02:44,FO,54,81,145,0,-,0.441,-,0.84,-,-,-,-,-,-,81,145,0.441,-,-,-,-,20230725-BULL-003,20230725-BULL-003-A
7/25/23 17:02,1.69E+12,1676615,7/25/23,17:02:53,FO,55,70,132,0,-,0.47,-,0.84,-,-,-,-,-,-,70,132,0.47,-,-,-,-,20230725-BULL-003,20230725-BULL-003-A
7/25/23 17:03,1.69E+12,1684145,7/25/23,17:03:01,FO,56,71,130,0,-,0.454,-,0.84,-,-,-,-,-,-,71,130,0.454,-,-,-,-,20230725-BULL-003,20230725-BULL-003-A
7/25/23 17:03,1.69E+12,1693801,7/25/23,17:03:10,FO,57,66,119,0,-,0.445,-,0.84,-,-,-,-,-,-,66,119,0.445,-,-,-,-,20230725-BULL-003,20230725-BULL-003-A
7/25/23 17:03,1.69E+12,1699714,7/25/23,17:03:16,FO,58,197,245,0,-,0.196,-,0.84,-,-,-,-,-,-,197,245,0.196,-,-,-,-,20230725-BULL-003,20230725-BULL-003-A
7/25/23 17:03,1.69E+12,1707443,7/25/23,17:03:24,FO,59,81,152,0,-,0.467,-,0.84,-,-,-,-,-,-,81,152,0.467,-,-,-,-,20230725-BULL-003,20230725-BULL-003-A
7/25/23 17:03,1.69E+12,1714659,7/25/23,17:03:31,FO,60,99,181,0,-,0.453,-,0.84,-,-,-,-,-,-,99,181,0.453,-,-,-,-,20230725-BULL-003,20230725-BULL-003-A
7/25/23 17:03,1.69E+12,1725482,7/25/23,17:03:42,FO,61,2,11,0,-,-,-,0.84,-,-,-,-,-,-,2,11,-,-,-,-,-,NA,NA
7/25/23 17:03,1.69E+12,1729194,7/25/23,17:03:46,FO,62,2,10,0,-,-,-,0.84,-,-,-,-,-,-,2,10,-,-,-,-,-,NA,NA
7/25/23 17:13,1.69E+12,2339753,7/25/23,17:13:56,FO,63,81,172,0,-,0.529,-,0.84,-,-,-,-,-,-,81,172,0.529,-,-,-,-,20230725-BULL-004,20230725-BULL-004-A
7/25/23 17:14,1.69E+12,2345638,7/25/23,17:14:02,FO,64,89,169,0,-,0.473,-,0.84,-,-,-,-,-,-,89,169,0.473,-,-,-,-,20230725-BULL-004,20230725-BULL-004-A
7/25/23 17:14,1.69E+12,2351958,7/25/23,17:14:08,FO,65,94,183,0,-,0.486,-,0.84,-,-,-,-,-,-,94,183,0.486,-,-,-,-,20230725-BULL-004,20230725-BULL-004-A
7/25/23 17:14,1.69E+12,2360552,7/25/23,17:14:17,FO,66,87,161,0,-,0.46,-,0.84,-,-,-,-,-,-,87,161,0.46,-,-,-,-,20230725-BULL-004,20230725-BULL-004-A
7/25/23 17:14,1.69E+12,2370467,7/25/23,17:14:27,FO,67,105,206,0,-,0.49,-,0.84,-,-,-,-,-,-,105,206,0.49,-,-,-,-,20230725-BULL-004,20230725-BULL-004-A
7/25/23 17:14,1.69E+12,2379967,7/25/23,17:14:36,FO,68,127,207,0,-,0.386,-,0.84,-,-,-,-,-,-,127,207,0.386,-,-,-,-,20230725-BULL-004,20230725-BULL-004-A
7/25/23 17:14,1.69E+12,2393586,7/25/23,17:14:50,FO,69,22,47,0,-,-,-,0.84,-,-,-,-,-,-,22,47,0.532,-,-,-,-,NA,NA
7/25/23 17:15,1.69E+12,2402618,7/25/23,17:14:59,FO,70,121,234,0,-,0.483,-,0.84,-,-,-,-,-,-,121,234,0.483,-,-,-,-,20230725-BULL-004,20230725-BULL-004-A
7/25/23 17:15,1.69E+12,2414561,7/25/23,17:15:11,FO,71,86,166,0,-,0.482,-,0.84,-,-,-,-,-,-,86,166,0.482,-,-,-,-,20230725-BULL-004,20230725-BULL-004-A
7/25/23 17:15,1.69E+12,2426395,7/25/23,17:15:23,FO,72,93,179,0,-,0.48,-,0.84,-,-,-,-,-,-,93,179,0.48,-,-,-,-,20230725-BULL-004,20230725-BULL-004-A
7/25/23 17:15,1.69E+12,2437910,7/25/23,17:15:34,FO,73,3,16,0,-,-,-,0.84,-,-,-,-,-,-,3,16,-,-,-,-,-,NA,NA
7/25/23 17:15,1.69E+12,2442158,7/25/23,17:15:39,FO,74,3,15,0,-,-,-,0.84,-,-,-,-,-,-,3,15,-,-,-,-,-,NA,NA
7/25/23 17:15,1.69E+12,2461579,7/25/23,17:15:58,FO,75,91,182,0,-,0.5,-,0.84,-,-,-,-,-,-,91,182,0.5,-,-,-,-,20230725-BULL-004,20230725-BULL-004-B
7/25/23 17:16,1.69E+12,2471735,7/25/23,17:16:08,FO,76,88,173,0,-,0.491,-,0.84,-,-,-,-,-,-,88,173,0.491,-,-,-,-,20230725-BULL-004,20230725-BULL-004-B
7/25/23 17:16,1.69E+12,2480717,7/25/23,17:16:17,FO,77,77,151,0,-,0.49,-,0.84,-,-,-,-,-,-,77,151,0.49,-,-,-,-,20230725-BULL-004,20230725-BULL-004-B
7/25/23 17:16,1.69E+12,2488383,7/25/23,17:16:25,FO,78,88,166,0,-,0.47,-,0.84,-,-,-,-,-,-,88,166,0.47,-,-,-,-,20230725-BULL-004,20230725-BULL-004-B
7/25/23 17:16,1.69E+12,2500615,7/25/23,17:16:37,FO,79,51,105,0,-,0.514,-,0.84,-,-,-,-,-,-,51,105,0.514,-,-,-,-,20230725-BULL-004,20230725-BULL-004-B
7/25/23 17:16,1.69E+12,2509134,7/25/23,17:16:46,FO,80,115,231,0,-,0.502,-,0.84,-,-,-,-,-,-,115,231,0.502,-,-,-,-,20230725-BULL-004,20230725-BULL-004-B
7/25/23 17:16,1.69E+12,2518166,7/25/23,17:16:55,FO,81,82,163,0,-,0.497,-,0.84,-,-,-,-,-,-,82,163,0.497,-,-,-,-,20230725-BULL-004,20230725-BULL-004-B
7/25/23 17:17,1.69E+12,2525304,7/25/23,17:17:02,FO,82,84,170,0,-,0.506,-,0.84,-,-,-,-,-,-,84,170,0.506,-,-,-,-,20230725-BULL-004,20230725-BULL-004-B
7/25/23 17:17,1.69E+12,2533631,7/25/23,17:17:10,FO,83,107,219,0,-,0.511,-,0.84,-,-,-,-,-,-,107,219,0.511,-,-,-,-,20230725-BULL-004,20230725-BULL-004-B
7/25/23 17:17,1.69E+12,2541239,7/25/23,17:17:18,FO,84,82,157,0,-,0.478,-,0.84,-,-,-,-,-,-,82,157,0.478,-,-,-,-,20230725-BULL-004,20230725-BULL-004-B
7/25/23 17:17,1.69E+12,2545280,7/25/23,17:17:22,FO,85,1,7,0,-,-,-,0.84,-,-,-,-,-,-,1,7,-,-,-,-,-,NA,NA
7/25/23 17:17,1.69E+12,2549115,7/25/23,17:17:26,FO,86,4,17,0,-,-,-,0.84,-,-,-,-,-,-,4,17,-,-,-,-,-,NA,NA
7/25/23 17:17,1.69E+12,2577533,7/25/23,17:17:54,FO,87,124,270,0,-,0.541,-,0.84,-,-,-,-,-,-,124,270,0.541,-,-,-,-,20230725-BULL-004,20230725-BULL-004-C
7/25/23 17:18,1.69E+12,2585123,7/25/23,17:18:02,FO,88,87,189,0,-,0.54,-,0.84,-,-,-,-,-,-,87,189,0.54,-,-,-,-,20230725-BULL-004,20230725-BULL-004-C
7/25/23 17:18,1.69E+12,2596059,7/25/23,17:18:13,FO,89,105,217,0,-,0.516,-,0.84,-,-,-,-,-,-,105,217,0.516,-,-,-,-,20230725-BULL-004,20230725-BULL-004-C
7/25/23 17:18,1.69E+12,2605269,7/25/23,17:18:22,FO,90,94,188,0,-,0.5,-,0.84,-,-,-,-,-,-,94,188,0.5,-,-,-,-,20230725-BULL-004,20230725-BULL-004-C
7/25/23 17:18,1.69E+12,2616361,7/25/23,17:18:33,FO,91,122,251,0,-,0.514,-,0.84,-,-,-,-,-,-,122,251,0.514,-,-,-,-,20230725-BULL-004,20230725-BULL-004-C
7/25/23 17:18,1.69E+12,2626142,7/25/23,17:18:43,FO,92,122,224,0,-,0.455,-,0.84,-,-,-,-,-,-,122,224,0.455,-,-,-,-,20230725-BULL-004,20230725-BULL-004-C
7/25/23 17:18,1.69E+12,2634204,7/25/23,17:18:51,FO,93,73,141,0,-,0.482,-,0.84,-,-,-,-,-,-,73,141,0.482,-,-,-,-,20230725-BULL-004,20230725-BULL-004-C
7/25/23 17:19,1.69E+12,2643953,7/25/23,17:19:00,FO,94,87,176,0,-,0.506,-,0.84,-,-,-,-,-,-,87,176,0.506,-,-,-,-,20230725-BULL-004,20230725-BULL-004-C
7/25/23 17:19,1.69E+12,2654020,7/25/23,17:19:10,FO,95,118,235,0,-,0.498,-,0.84,-,-,-,-,-,-,118,235,0.498,-,-,-,-,20230725-BULL-004,20230725-BULL-004-C
7/25/23 17:19,1.69E+12,2662890,7/25/23,17:19:19,FO,96,143,271,0,-,0.472,-,0.84,-,-,-,-,-,-,143,271,0.472,-,-,-,-,20230725-BULL-004,20230725-BULL-004-C
7/25/23 17:19,1.69E+12,2667659,7/25/23,17:19:24,FO,97,2,9,0,-,-,-,0.84,-,-,-,-,-,-,2,9,-,-,-,-,-,NA,NA
7/25/23 17:19,1.69E+12,2671751,7/25/23,17:19:28,FO,98,1,1,0,-,-,-,0.84,-,-,-,-,-,-,1,1,-,-,-,-,-,NA,NA
7/25/23 17:29,1.69E+12,3254582,7/25/23,17:29:11,FO,99,161,243,0,-,0.337,-,0.84,-,-,-,-,-,-,161,243,0.337,-,-,-,-,20230725-BULL-005,20230725-BULL-005-A
7/25/23 17:29,1.69E+12,3266292,7/25/23,17:29:23,FO,100,104,158,0,-,0.342,-,0.84,-,-,-,-,-,-,104,158,0.342,-,-,-,-,20230725-BULL-005,20230725-BULL-005-A
7/25/23 17:29,1.69E+12,3277830,7/25/23,17:29:34,FO,101,84,178,0,-,0.528,-,0.84,-,-,-,-,-,-,84,178,0.528,-,-,-,-,20230725-BULL-005,20230725-BULL-005-A
7/25/23 17:29,1.69E+12,3293223,7/25/23,17:29:50,FO,102,143,298,0,-,0.52,-,0.84,-,-,-,-,-,-,143,298,0.52,-,-,-,-,20230725-BULL-005,20230725-BULL-005-A
7/25/23 17:29,1.69E+12,3299905,7/25/23,17:29:56,FO,103,110,196,0,-,0.439,-,0.84,-,-,-,-,-,-,110,196,0.439,-,-,-,-,20230725-BULL-005,20230725-BULL-005-A
7/25/23 17:30,1.69E+12,3307290,7/25/23,17:30:04,FO,104,136,285,0,-,0.523,-,0.84,-,-,-,-,-,-,136,285,0.523,-,-,-,-,20230725-BULL-005,20230725-BULL-005-A
7/25/23 17:30,1.69E+12,3314644,7/25/23,17:30:11,FO,105,164,278,0,-,0.41,-,0.84,-,-,-,-,-,-,164,278,0.41,-,-,-,-,20230725-BULL-005,20230725-BULL-005-A
7/25/23 17:30,1.69E+12,3321629,7/25/23,17:30:18,FO,106,170,286,0,-,0.406,-,0.84,-,-,-,-,-,-,170,286,0.406,-,-,-,-,20230725-BULL-005,20230725-BULL-005-A
7/25/23 17:30,1.69E+12,3335470,7/25/23,17:30:32,FO,107,89,162,0,-,0.451,-,0.84,-,-,-,-,-,-,89,162,0.451,-,-,-,-,20230725-BULL-005,20230725-BULL-005-A
7/25/23 17:30,1.69E+12,3345983,7/25/23,17:30:42,FO,108,140,208,0,-,0.327,-,0.84,-,-,-,-,-,-,140,208,0.327,-,-,-,-,20230725-BULL-005,20230725-BULL-005-A
7/25/23 17:30,1.69E+12,3350189,7/25/23,17:30:47,FO,109,1,18,0,-,-,-,0.84,-,-,-,-,-,-,1,18,-,-,-,-,-,NA,NA
7/25/23 17:30,1.69E+12,3353907,7/25/23,17:30:50,FO,110,3,16,0,-,-,-,0.84,-,-,-,-,-,-,3,16,-,-,-,-,-,NA,NA
7/25/23 17:31,1.69E+12,3381280,7/25/23,17:31:18,FO,111,120,241,0,-,0.502,-,0.84,-,-,-,-,-,-,120,241,0.502,-,-,-,-,20230725-BULL-005,20230725-BULL-005-B
7/25/23 17:31,1.69E+12,3389636,7/25/23,17:31:26,FO,112,147,251,0,-,0.414,-,0.84,-,-,-,-,-,-,147,251,0.414,-,-,-,-,20230725-BULL-005,20230725-BULL-005-B
7/25/23 17:31,1.69E+12,3410364,7/25/23,17:31:47,FO,113,95,150,0,-,0.367,-,0.84,-,-,-,-,-,-,95,150,0.367,-,-,-,-,20230725-BULL-005,20230725-BULL-005-B
7/25/23 17:31,1.69E+12,3417902,7/25/23,17:31:54,FO,114,153,240,0,-,0.363,-,0.84,-,-,-,-,-,-,153,240,0.363,-,-,-,-,20230725-BULL-005,20230725-BULL-005-B
7/25/23 17:32,1.69E+12,3426542,7/25/23,17:32:03,FO,115,110,192,0,-,0.427,-,0.84,-,-,-,-,-,-,110,192,0.427,-,-,-,-,20230725-BULL-005,20230725-BULL-005-B
7/25/23 17:32,1.69E+12,3434950,7/25/23,17:32:11,FO,116,125,200,0,-,0.375,-,0.84,-,-,-,-,-,-,125,200,0.375,-,-,-,-,20230725-BULL-005,20230725-BULL-005-B
7/25/23 17:32,1.69E+12,3443428,7/25/23,17:32:20,FO,117,105,198,0,-,0.47,-,0.84,-,-,-,-,-,-,105,198,0.47,-,-,-,-,20230725-BULL-005,20230725-BULL-005-B
7/25/23 17:32,1.69E+12,3451455,7/25/23,17:32:28,FO,118,162,288,0,-,0.438,-,0.84,-,-,-,-,-,-,162,288,0.438,-,-,-,-,20230725-BULL-005,20230725-BULL-005-B
7/25/23 17:32,1.69E+12,3459321,7/25/23,17:32:36,FO,119,151,223,0,-,0.323,-,0.84,-,-,-,-,-,-,151,223,0.323,-,-,-,-,20230725-BULL-005,20230725-BULL-005-B
7/25/23 17:32,1.69E+12,3475106,7/25/23,17:32:52,FO,120,106,188,0,-,0.436,-,0.84,-,-,-,-,-,-,106,188,0.436,-,-,-,-,20230725-BULL-005,20230725-BULL-005-B
7/25/23 17:33,1.69E+12,3483532,7/25/23,17:33:00,FO,121,0,17,0,-,-,-,0.84,-,-,-,-,-,-,0,17,-,-,-,-,-,NA,NA
7/25/23 17:33,1.69E+12,3487560,7/25/23,17:33:04,FO,122,0,20,0,-,-,-,0.84,-,-,-,-,-,-,0,20,-,-,-,-,-,NA,NA
7/25/23 17:33,1.69E+12,3515137,7/25/23,17:33:32,FO,123,126,207,0,-,0.391,-,0.84,-,-,-,-,-,-,126,207,0.391,-,-,-,-,20230725-BULL-005,20230725-BULL-005-C
7/25/23 17:33,1.69E+12,3526025,7/25/23,17:33:42,FO,124,157,300,0,-,0.477,-,0.84,-,-,-,-,-,-,157,300,0.477,-,-,-,-,20230725-BULL-005,20230725-BULL-005-C
7/25/23 17:33,1.69E+12,3535573,7/25/23,17:33:52,FO,125,189,346,0,-,0.454,-,0.84,-,-,-,-,-,-,189,346,0.454,-,-,-,-,20230725-BULL-005,20230725-BULL-005-C
7/25/23 17:34,1.69E+12,3546864,7/25/23,17:34:03,FO,126,171,327,0,-,0.477,-,0.84,-,-,-,-,-,-,171,327,0.477,-,-,-,-,20230725-BULL-005,20230725-BULL-005-C
7/25/23 17:34,1.69E+12,3564884,7/25/23,17:34:21,FO,127,161,255,0,-,0.369,-,0.84,-,-,-,-,-,-,161,255,0.369,-,-,-,-,20230725-BULL-005,20230725-BULL-005-C
7/25/23 17:34,1.69E+12,3574823,7/25/23,17:34:31,FO,128,170,241,0,-,0.295,-,0.84,-,-,-,-,-,-,170,241,0.295,-,-,-,-,20230725-BULL-005,20230725-BULL-005-C
7/25/23 17:34,1.69E+12,3584520,7/25/23,17:34:41,FO,129,185,306,0,-,0.395,-,0.84,-,-,-,-,-,-,185,306,0.395,-,-,-,-,20230725-BULL-005,20230725-BULL-005-C
7/25/23 17:34,1.69E+12,3593382,7/25/23,17:34:50,FO,130,171,298,0,-,0.426,-,0.84,-,-,-,-,-,-,171,298,0.426,-,-,-,-,20230725-BULL-005,20230725-BULL-005-C
7/25/23 17:35,1.69E+12,3606056,7/25/23,17:35:03,FO,131,163,315,0,-,0.483,-,0.84,-,-,-,-,-,-,163,315,0.483,-,-,-,-,20230725-BULL-005,20230725-BULL-005-C
7/25/23 17:35,1.69E+12,3616529,7/25/23,17:35:13,FO,132,146,281,0,-,0.48,-,0.84,-,-,-,-,-,-,146,281,0.48,-,-,-,-,20230725-BULL-005,20230725-BULL-005-C
7/25/23 17:35,1.69E+12,3622484,7/25/23,17:35:19,FO,133,0,0,0,-,-,-,0.84,-,-,-,-,-,-,0,0,-,-,-,-,-,NA,NA
7/25/23 17:35,1.69E+12,3626442,7/25/23,17:35:23,FO,134,11,11,0,-,-,-,0.84,-,-,-,-,-,-,11,11,0,-,-,-,-,NA,NA
7/25/23 17:35,1.69E+12,3638161,7/25/23,17:35:35,FO,135,0,10,0,-,-,-,0.84,-,-,-,-,-,-,0,10,-,-,-,-,-,NA,NA
7/25/23 17:46,1.69E+12,4272059,7/25/23,17:46:09,FO,136,92,182,0,-,0.495,-,0.84,-,-,-,-,-,-,92,182,0.495,-,-,-,-,20230725-BULL-006,20230725-BULL-006-A
7/25/23 17:46,1.69E+12,4281754,7/25/23,17:46:18,FO,137,152,286,0,-,0.469,-,0.84,-,-,-,-,-,-,152,286,0.469,-,-,-,-,20230725-BULL-006,20230725-BULL-006-A
7/25/23 17:46,1.69E+12,4291268,7/25/23,17:46:28,FO,138,139,260,0,-,0.465,-,0.84,-,-,-,-,-,-,139,260,0.465,-,-,-,-,20230725-BULL-006,20230725-BULL-006-A
7/25/23 17:46,1.69E+12,4301752,7/25/23,17:46:38,FO,139,180,332,0,-,0.458,-,0.84,-,-,-,-,-,-,180,332,0.458,-,-,-,-,20230725-BULL-006,20230725-BULL-006-A
7/25/23 17:46,1.69E+12,4310920,7/25/23,17:46:47,FO,140,125,237,0,-,0.473,-,0.84,-,-,-,-,-,-,125,237,0.473,-,-,-,-,20230725-BULL-006,20230725-BULL-006-A
7/25/23 17:46,1.69E+12,4319350,7/25/23,17:46:56,FO,141,144,281,0,-,0.488,-,0.84,-,-,-,-,-,-,144,281,0.488,-,-,-,-,20230725-BULL-006,20230725-BULL-006-A
7/25/23 17:47,1.69E+12,4328957,7/25/23,17:47:05,FO,142,114,209,0,-,0.455,-,0.84,-,-,-,-,-,-,114,209,0.455,-,-,-,-,20230725-BULL-006,20230725-BULL-006-A
7/25/23 17:47,1.69E+12,4340992,7/25/23,17:47:17,FO,143,137,273,0,-,0.498,-,0.84,-,-,-,-,-,-,137,273,0.498,-,-,-,-,20230725-BULL-006,20230725-BULL-006-A
7/25/23 17:47,1.69E+12,4350741,7/25/23,17:47:27,FO,144,142,280,0,-,0.493,-,0.84,-,-,-,-,-,-,142,280,0.493,-,-,-,-,20230725-BULL-006,20230725-BULL-006-A
7/25/23 17:47,1.69E+12,4359062,7/25/23,17:47:36,FO,145,147,293,0,-,0.498,-,0.84,-,-,-,-,-,-,147,293,0.498,-,-,-,-,20230725-BULL-006,20230725-BULL-006-A
7/25/23 17:47,1.69E+12,4365781,7/25/23,17:47:42,FO,146,4,5,0,-,-,-,0.84,-,-,-,-,-,-,4,5,-,-,-,-,-,NA,NA
7/25/23 17:47,1.69E+12,4370008,7/25/23,17:47:46,FO,147,4,7,0,-,-,-,0.84,-,-,-,-,-,-,4,7,-,-,-,-,-,NA,NA
7/25/23 17:48,1.69E+12,4393060,7/25/23,17:48:10,FO,148,157,297,0,-,0.471,-,0.84,-,-,-,-,-,-,157,297,0.471,-,-,-,-,20230725-BULL-006,20230725-BULL-006-B
7/25/23 17:48,1.69E+12,4401709,7/25/23,17:48:18,FO,149,135,257,0,-,0.475,-,0.84,-,-,-,-,-,-,135,257,0.475,-,-,-,-,20230725-BULL-006,20230725-BULL-006-B
7/25/23 17:48,1.69E+12,4407688,7/25/23,17:48:24,FO,150,161,307,0,-,0.476,-,0.84,-,-,-,-,-,-,161,307,0.476,-,-,-,-,20230725-BULL-006,20230725-BULL-006-B
7/25/23 17:48,1.69E+12,4414670,7/25/23,17:48:31,FO,151,95,195,0,-,0.513,-,0.84,-,-,-,-,-,-,95,195,0.513,-,-,-,-,20230725-BULL-006,20230725-BULL-006-B
7/25/23 17:48,1.69E+12,4424490,7/25/23,17:48:41,FO,152,107,222,0,-,0.518,-,0.84,-,-,-,-,-,-,107,222,0.518,-,-,-,-,20230725-BULL-006,20230725-BULL-006-B
7/25/23 17:48,1.69E+12,4432134,7/25/23,17:48:49,FO,153,128,251,0,-,0.49,-,0.84,-,-,-,-,-,-,128,251,0.49,-,-,-,-,20230725-BULL-006,20230725-BULL-006-B
7/25/23 17:48,1.69E+12,4440072,7/25/23,17:48:57,FO,154,167,325,0,-,0.486,-,0.84,-,-,-,-,-,-,167,325,0.486,-,-,-,-,20230725-BULL-006,20230725-BULL-006-B
7/25/23 17:49,1.69E+12,4447114,7/25/23,17:49:04,FO,155,128,259,0,-,0.506,-,0.84,-,-,-,-,-,-,128,259,0.506,-,-,-,-,20230725-BULL-006,20230725-BULL-006-B
7/25/23 17:49,1.69E+12,4457818,7/25/23,17:49:14,FO,156,175,345,0,-,0.493,-,0.84,-,-,-,-,-,-,175,345,0.493,-,-,-,-,20230725-BULL-006,20230725-BULL-006-B
7/25/23 17:49,1.69E+12,4467680,7/25/23,17:49:24,FO,157,157,304,0,-,0.484,-,0.84,-,-,-,-,-,-,157,304,0.484,-,-,-,-,20230725-BULL-006,20230725-BULL-006-B
7/25/23 17:49,1.69E+12,4477230,7/25/23,17:49:34,FO,158,4,8,0,-,-,-,0.84,-,-,-,-,-,-,4,8,-,-,-,-,-,NA,NA
7/25/23 17:49,1.69E+12,4480806,7/25/23,17:49:37,FO,159,4,7,0,-,-,-,0.84,-,-,-,-,-,-,4,7,-,-,-,-,-,NA,NA
7/25/23 17:50,1.69E+12,4505919,7/25/23,17:50:02,FO,160,142,253,0,-,0.439,-,0.84,-,-,-,-,-,-,142,253,0.439,-,-,-,-,20230725-BULL-006,20230725-BULL-006-C
7/25/23 17:50,1.69E+12,4514890,7/25/23,17:50:11,FO,161,155,292,0,-,0.469,-,0.84,-,-,-,-,-,-,155,292,0.469,-,-,-,-,20230725-BULL-006,20230725-BULL-006-C
7/25/23 17:50,1.69E+12,4522778,7/25/23,17:50:19,FO,162,100,206,0,-,0.515,-,0.84,-,-,-,-,-,-,100,206,0.515,-,-,-,-,20230725-BULL-006,20230725-BULL-006-C
7/25/23 17:50,1.69E+12,4533250,7/25/23,17:50:30,FO,163,168,312,0,-,0.462,-,0.84,-,-,-,-,-,-,168,312,0.462,-,-,-,-,20230725-BULL-006,20230725-BULL-006-C
7/25/23 17:50,1.69E+12,4542907,7/25/23,17:50:39,FO,164,143,280,0,-,0.489,-,0.84,-,-,-,-,-,-,143,280,0.489,-,-,-,-,20230725-BULL-006,20230725-BULL-006-C
7/25/23 17:50,1.69E+12,4555508,7/25/23,17:50:52,FO,165,140,266,0,-,0.474,-,0.84,-,-,-,-,-,-,140,266,0.474,-,-,-,-,20230725-BULL-006,20230725-BULL-006-C
7/25/23 17:51,1.69E+12,4565753,7/25/23,17:51:02,FO,166,158,308,0,-,0.487,-,0.84,-,-,-,-,-,-,158,308,0.487,-,-,-,-,20230725-BULL-006,20230725-BULL-006-C
7/25/23 17:51,1.69E+12,4579360,7/25/23,17:51:16,FO,167,178,340,0,-,0.476,-,0.84,-,-,-,-,-,-,178,340,0.476,-,-,-,-,20230725-BULL-006,20230725-BULL-006-C
7/25/23 17:51,1.69E+12,4589514,7/25/23,17:51:26,FO,168,169,312,0,-,0.458,-,0.84,-,-,-,-,-,-,169,312,0.458,-,-,-,-,20230725-BULL-006,20230725-BULL-006-C
7/25/23 17:51,1.69E+12,4599230,7/25/23,17:51:36,FO,169,170,328,0,-,0.482,-,0.84,-,-,-,-,-,-,170,328,0.482,-,-,-,-,20230725-BULL-006,20230725-BULL-006-C
7/25/23 17:51,1.69E+12,4604921,7/25/23,17:51:41,FO,170,2,7,0,-,-,-,0.84,-,-,-,-,-,-,2,7,-,-,-,-,-,NA,NA
7/25/23 17:51,1.69E+12,4609087,7/25/23,17:51:46,FO,171,4,7,0,-,-,-,0.84,-,-,-,-,-,-,4,7,-,-,-,-,-,NA,NA
7/25/23 17:52,1.69E+12,4634110,7/25/23,17:52:11,FO,172,67,135,0,-,0.504,-,0.84,-,-,-,-,-,-,67,135,0.504,-,-,-,-,20230725-BULL-006,20230725-BULL-006-D
7/25/23 17:52,1.69E+12,4641231,7/25/23,17:52:18,FO,173,55,111,0,-,0.505,-,0.84,-,-,-,-,-,-,55,111,0.505,-,-,-,-,20230725-BULL-006,20230725-BULL-006-D
7/25/23 17:52,1.69E+12,4652812,7/25/23,17:52:29,FO,174,33,66,0,-,0.5,-,0.84,-,-,-,-,-,-,33,66,0.5,-,-,-,-,20230725-BULL-006,20230725-BULL-006-D
7/25/23 17:52,1.69E+12,4661319,7/25/23,17:52:38,FO,175,133,263,0,-,0.494,-,0.84,-,-,-,-,-,-,133,263,0.494,-,-,-,-,20230725-BULL-006,20230725-BULL-006-D
7/25/23 17:52,1.69E+12,4669517,7/25/23,17:52:46,FO,176,136,270,0,-,0.496,-,0.84,-,-,-,-,-,-,136,270,0.496,-,-,-,-,20230725-BULL-006,20230725-BULL-006-D
7/25/23 17:52,1.69E+12,4679151,7/25/23,17:52:56,FO,177,82,165,0,-,0.503,-,0.84,-,-,-,-,-,-,82,165,0.503,-,-,-,-,20230725-BULL-006,20230725-BULL-006-D
7/25/23 17:53,1.69E+12,4687700,7/25/23,17:53:04,FO,178,87,174,0,-,0.5,-,0.84,-,-,-,-,-,-,87,174,0.5,-,-,-,-,20230725-BULL-006,20230725-BULL-006-D
7/25/23 17:53,1.69E+12,4703509,7/25/23,17:53:20,FO,179,76,159,0,-,0.522,-,0.84,-,-,-,-,-,-,76,159,0.522,-,-,-,-,20230725-BULL-006,20230725-BULL-006-D
7/25/23 17:53,1.69E+12,4712536,7/25/23,17:53:29,FO,180,100,208,0,-,0.519,-,0.84,-,-,-,-,-,-,100,208,0.519,-,-,-,-,20230725-BULL-006,20230725-BULL-006-D
7/25/23 17:53,1.69E+12,4722267,7/25/23,17:53:39,FO,181,115,245,0,-,0.531,-,0.84,-,-,-,-,-,-,115,245,0.531,-,-,-,-,20230725-BULL-006,20230725-BULL-006-D
7/25/23 17:53,1.69E+12,4727615,7/25/23,17:53:44,FO,182,4,8,0,-,-,-,0.84,-,-,-,-,-,-,4,8,-,-,-,-,-,NA,NA
7/25/23 17:53,1.69E+12,4731329,7/25/23,17:53:48,FO,183,3,5,0,-,-,-,0.84,-,-,-,-,-,-,3,5,-,-,-,-,-,NA,NA
7/25/23 18:08,1.69E+12,5639943,7/25/23,18:08:56,FO,184,110,184,0,-,0.402,-,0.84,-,-,-,-,-,-,110,184,0.402,-,-,-,-,20230725-BULL-007,20230725-BULL-007-A
7/25/23 18:09,1.69E+12,5652060,7/25/23,18:09:09,FO,185,163,307,0,-,0.469,-,0.84,-,-,-,-,-,-,163,307,0.469,-,-,-,-,20230725-BULL-007,20230725-BULL-007-A
7/25/23 18:09,1.69E+12,5661340,7/25/23,18:09:18,FO,186,114,223,0,-,0.489,-,0.84,-,-,-,-,-,-,114,223,0.489,-,-,-,-,20230725-BULL-007,20230725-BULL-007-A
7/25/23 18:09,1.69E+12,5673866,7/25/23,18:09:30,FO,187,104,215,0,-,0.516,-,0.84,-,-,-,-,-,-,104,215,0.516,-,-,-,-,20230725-BULL-007,20230725-BULL-007-A
7/25/23 18:09,1.69E+12,5684439,7/25/23,18:09:41,FO,188,138,252,0,-,0.452,-,0.84,-,-,-,-,-,-,138,252,0.452,-,-,-,-,20230725-BULL-007,20230725-BULL-007-A
7/25/23 18:09,1.69E+12,5691670,7/25/23,18:09:48,FO,189,80,157,0,-,0.49,-,0.84,-,-,-,-,-,-,80,157,0.49,-,-,-,-,20230725-BULL-007,20230725-BULL-007-A
7/25/23 18:10,1.69E+12,5702595,7/25/23,18:09:59,FO,190,133,266,0,-,0.5,-,0.84,-,-,-,-,-,-,133,266,0.5,-,-,-,-,20230725-BULL-007,20230725-BULL-007-A
7/25/23 18:10,1.69E+12,5713107,7/25/23,18:10:10,FO,191,165,301,0,-,0.452,-,0.84,-,-,-,-,-,-,165,301,0.452,-,-,-,-,20230725-BULL-007,20230725-BULL-007-A
7/25/23 18:10,1.69E+12,5721395,7/25/23,18:10:18,FO,192,121,246,0,-,0.508,-,0.84,-,-,-,-,-,-,121,246,0.508,-,-,-,-,20230725-BULL-007,20230725-BULL-007-A
7/25/23 18:10,1.69E+12,5732172,7/25/23,18:10:29,FO,193,142,255,0,-,0.443,-,0.84,-,-,-,-,-,-,142,255,0.443,-,-,-,-,20230725-BULL-007,20230725-BULL-007-A
7/25/23 18:17,1.69E+12,6141921,7/25/23,18:17:18,FO,194,1,20,0,-,-,-,0.84,-,-,-,-,-,-,1,20,-,-,-,-,-,NA,NA
7/25/23 18:17,1.69E+12,6145723,7/25/23,18:17:22,FO,195,5,19,0,-,-,-,0.84,-,-,-,-,-,-,5,19,-,-,-,-,-,NA,NA
7/25/23 18:17,1.69E+12,6154301,7/25/23,18:17:31,FO,196,108,173,0,-,0.376,-,0.84,-,-,-,-,-,-,108,173,0.376,-,-,-,-,20230725-BULL-007,20230725-BULL-007-B
7/25/23 18:17,1.69E+12,6165861,7/25/23,18:17:42,FO,197,162,345,0,-,0.53,-,0.84,-,-,-,-,-,-,162,345,0.53,-,-,-,-,20230725-BULL-007,20230725-BULL-007-B
7/25/23 18:17,1.69E+12,6177528,7/25/23,18:17:54,FO,198,138,257,0,-,0.463,-,0.84,-,-,-,-,-,-,138,257,0.463,-,-,-,-,20230725-BULL-007,20230725-BULL-007-B
7/25/23 18:18,1.69E+12,6188654,7/25/23,18:18:05,FO,199,139,297,0,-,0.532,-,0.84,-,-,-,-,-,-,139,297,0.532,-,-,-,-,20230725-BULL-007,20230725-BULL-007-B
7/25/23 18:18,1.69E+12,6197971,7/25/23,18:18:14,FO,200,159,301,0,-,0.472,-,0.84,-,-,-,-,-,-,159,301,0.472,-,-,-,-,20230725-BULL-007,20230725-BULL-007-B
7/25/23 18:18,1.69E+12,6206451,7/25/23,18:18:23,FO,201,104,202,0,-,0.485,-,0.84,-,-,-,-,-,-,104,202,0.485,-,-,-,-,20230725-BULL-007,20230725-BULL-007-B
7/25/23 18:18,1.69E+12,6216746,7/25/23,18:18:33,FO,202,136,244,0,-,0.443,-,0.84,-,-,-,-,-,-,136,244,0.443,-,-,-,-,20230725-BULL-007,20230725-BULL-007-B
7/25/23 18:18,1.69E+12,6224970,7/25/23,18:18:41,FO,203,143,262,0,-,0.454,-,0.84,-,-,-,-,-,-,143,262,0.454,-,-,-,-,20230725-BULL-007,20230725-BULL-007-B
7/25/23 18:18,1.69E+12,6232567,7/25/23,18:18:49,FO,204,126,227,0,-,0.445,-,0.84,-,-,-,-,-,-,126,227,0.445,-,-,-,-,20230725-BULL-007,20230725-BULL-007-B
7/25/23 18:18,1.69E+12,6239880,7/25/23,18:18:56,FO,205,153,296,0,-,0.483,-,0.84,-,-,-,-,-,-,153,296,0.483,-,-,-,-,20230725-BULL-007,20230725-BULL-007-B
7/25/23 18:19,1.69E+12,6245522,7/25/23,18:19:02,FO,206,2,9,0,-,-,-,0.84,-,-,-,-,-,-,2,9,-,-,-,-,-,NA,NA
7/25/23 18:19,1.69E+12,6249580,7/25/23,18:19:06,FO,207,2,6,0,-,-,-,0.84,-,-,-,-,-,-,2,6,-,-,-,-,-,NA,NA
7/25/23 18:19,1.69E+12,6287588,7/25/23,18:19:44,FO,208,163,209,0,-,0.22,-,0.84,-,-,-,-,-,-,163,209,0.22,-,-,-,-,20230725-BULL-007,20230725-BULL-007-C
7/25/23 18:19,1.69E+12,6296332,7/25/23,18:19:53,FO,209,126,238,0,-,0.471,-,0.84,-,-,-,-,-,-,126,238,0.471,-,-,-,-,20230725-BULL-007,20230725-BULL-007-C
7/25/23 18:20,1.69E+12,6304752,7/25/23,18:20:01,FO,210,181,344,0,-,0.474,-,0.84,-,-,-,-,-,-,181,344,0.474,-,-,-,-,20230725-BULL-007,20230725-BULL-007-C
7/25/23 18:20,1.69E+12,6313460,7/25/23,18:20:10,FO,211,143,263,0,-,0.456,-,0.84,-,-,-,-,-,-,143,263,0.456,-,-,-,-,20230725-BULL-007,20230725-BULL-007-C
7/25/23 18:20,1.69E+12,6324329,7/25/23,18:20:21,FO,212,92,163,0,-,0.436,-,0.84,-,-,-,-,-,-,92,163,0.436,-,-,-,-,20230725-BULL-007,20230725-BULL-007-C
7/25/23 18:20,1.69E+12,6331689,7/25/23,18:20:28,FO,213,165,300,0,-,0.45,-,0.84,-,-,-,-,-,-,165,300,0.45,-,-,-,-,20230725-BULL-007,20230725-BULL-007-C
7/25/23 18:20,1.69E+12,6340063,7/25/23,18:20:37,FO,214,115,208,0,-,0.447,-,0.84,-,-,-,-,-,-,115,208,0.447,-,-,-,-,20230725-BULL-007,20230725-BULL-007-C
7/25/23 18:20,1.69E+12,6347790,7/25/23,18:20:44,FO,215,116,202,0,-,0.426,-,0.84,-,-,-,-,-,-,116,202,0.426,-,-,-,-,20230725-BULL-007,20230725-BULL-007-C
7/25/23 18:20,1.69E+12,6353148,7/25/23,18:20:50,FO,216,168,273,0,-,0.385,-,0.84,-,-,-,-,-,-,168,273,0.385,-,-,-,-,20230725-BULL-007,20230725-BULL-007-C
7/25/23 18:20,1.69E+12,6359384,7/25/23,18:20:56,FO,217,143,197,0,-,0.274,-,0.84,-,-,-,-,-,-,143,197,0.274,-,-,-,-,20230725-BULL-007,20230725-BULL-007-C
7/25/23 18:21,1.69E+12,6364534,7/25/23,18:21:01,FO,218,3,7,0,-,-,-,0.84,-,-,-,-,-,-,3,7,-,-,-,-,-,NA,NA
7/25/23 18:21,1.69E+12,6369550,7/25/23,18:21:06,FO,219,6,6,0,-,-,-,0.84,-,-,-,-,-,-,6,6,-,-,-,-,-,NA,NA
7/25/23 18:23,1.69E+12,6514493,7/25/23,18:23:31,FO,220,106,191,0,-,0.445,-,0.84,-,-,-,-,-,-,106,191,0.445,-,-,-,-,20230725-BULL-008,20230725-BULL-008-A
7/25/23 18:23,1.69E+12,6522911,7/25/23,18:23:39,FO,221,113,203,0,-,0.443,-,0.84,-,-,-,-,-,-,113,203,0.443,-,-,-,-,20230725-BULL-008,20230725-BULL-008-A
7/25/23 18:23,1.69E+12,6530344,7/25/23,18:23:47,FO,222,102,187,0,-,0.455,-,0.84,-,-,-,-,-,-,102,187,0.455,-,-,-,-,20230725-BULL-008,20230725-BULL-008-A
7/25/23 18:24,1.69E+12,6543279,7/25/23,18:24:00,FO,223,122,209,0,-,0.416,-,0.84,-,-,-,-,-,-,122,209,0.416,-,-,-,-,20230725-BULL-008,20230725-BULL-008-A
7/25/23 18:24,1.69E+12,6552741,7/25/23,18:24:09,FO,224,95,174,0,-,0.454,-,0.84,-,-,-,-,-,-,95,174,0.454,-,-,-,-,20230725-BULL-008,20230725-BULL-008-A
7/25/23 18:24,1.69E+12,6560408,7/25/23,18:24:17,FO,225,49,74,0,-,0.338,-,0.84,-,-,-,-,-,-,49,74,0.338,-,-,-,-,20230725-BULL-008,20230725-BULL-008-A
7/25/23 18:24,1.69E+12,6570677,7/25/23,18:24:27,FO,226,118,230,0,-,0.487,-,0.84,-,-,-,-,-,-,118,230,0.487,-,-,-,-,20230725-BULL-008,20230725-BULL-008-A
7/25/23 18:24,1.69E+12,6585499,7/25/23,18:24:42,FO,227,99,133,0,-,0.256,-,0.84,-,-,-,-,-,-,99,133,0.256,-,-,-,-,20230725-BULL-008,20230725-BULL-008-A
7/25/23 18:24,1.69E+12,6595295,7/25/23,18:24:52,FO,228,108,244,0,-,0.557,-,0.84,-,-,-,-,-,-,108,244,0.557,-,-,-,-,20230725-BULL-008,20230725-BULL-008-A
7/25/23 18:25,1.69E+12,6604028,7/25/23,18:25:00,FO,229,93,131,0,-,0.29,-,0.84,-,-,-,-,-,-,93,131,0.29,-,-,-,-,20230725-BULL-008,20230725-BULL-008-A
7/25/23 18:25,1.69E+12,6610213,7/25/23,18:25:07,FO,230,1,5,0,-,-,-,0.84,-,-,-,-,-,-,1,5,-,-,-,-,-,NA,NA
7/25/23 18:25,1.69E+12,6614043,7/25/23,18:25:11,FO,231,5,6,0,-,-,-,0.84,-,-,-,-,-,-,5,6,-,-,-,-,-,NA,NA
7/25/23 18:25,1.69E+12,6653202,7/25/23,18:25:50,FO,232,151,336,0,-,0.551,-,0.84,-,-,-,-,-,-,151,336,0.551,-,-,-,-,20230725-BULL-008,20230725-BULL-008-B
7/25/23 18:25,1.69E+12,6662331,7/25/23,18:25:59,FO,233,100,171,0,-,0.415,-,0.84,-,-,-,-,-,-,100,171,0.415,-,-,-,-,20230725-BULL-008,20230725-BULL-008-B
7/25/23 18:26,1.69E+12,6675398,7/25/23,18:26:12,FO,234,122,209,0,-,0.416,-,0.84,-,-,-,-,-,-,122,209,0.416,-,-,-,-,20230725-BULL-008,20230725-BULL-008-B
7/25/23 18:26,1.69E+12,6692483,7/25/23,18:26:29,FO,235,164,298,0,-,0.45,-,0.84,-,-,-,-,-,-,164,298,0.45,-,-,-,-,20230725-BULL-008,20230725-BULL-008-B
7/25/23 18:26,1.69E+12,6704364,7/25/23,18:26:41,FO,236,125,240,0,-,0.479,-,0.84,-,-,-,-,-,-,125,240,0.479,-,-,-,-,20230725-BULL-008,20230725-BULL-008-B
7/25/23 18:26,1.69E+12,6717935,7/25/23,18:26:54,FO,237,146,217,0,-,0.327,-,0.84,-,-,-,-,-,-,146,217,0.327,-,-,-,-,20230725-BULL-008,20230725-BULL-008-B
7/25/23 18:27,1.69E+12,6729274,7/25/23,18:27:06,FO,238,108,169,0,-,0.361,-,0.84,-,-,-,-,-,-,108,169,0.361,-,-,-,-,20230725-BULL-008,20230725-BULL-008-B
7/25/23 18:27,1.69E+12,6739742,7/25/23,18:27:16,FO,239,146,200,0,-,0.27,-,0.84,-,-,-,-,-,-,146,200,0.27,-,-,-,-,20230725-BULL-008,20230725-BULL-008-B
7/25/23 18:27,1.69E+12,6749085,7/25/23,18:27:26,FO,240,103,196,0,-,0.474,-,0.84,-,-,-,-,-,-,103,196,0.474,-,-,-,-,20230725-BULL-008,20230725-BULL-008-B
7/25/23 18:27,1.69E+12,6762129,7/25/23,18:27:39,FO,241,127,187,0,-,0.321,-,0.84,-,-,-,-,-,-,127,187,0.321,-,-,-,-,20230725-BULL-008,20230725-BULL-008-B
7/25/23 18:27,1.69E+12,6768055,7/25/23,18:27:45,FO,242,3,5,0,-,-,-,0.84,-,-,-,-,-,-,3,5,-,-,-,-,-,NA,NA
7/25/23 18:27,1.69E+12,6772065,7/25/23,18:27:49,FO,243,3,5,0,-,-,-,0.84,-,-,-,-,-,-,3,5,-,-,-,-,-,NA,NA
7/25/23 18:28,1.69E+12,6786535,7/25/23,18:28:03,FO,244,104,195,0,-,0.467,-,0.84,-,-,-,-,-,-,104,195,0.467,-,-,-,-,20230725-BULL-008,20230725-BULL-008-C
7/25/23 18:28,1.69E+12,6794710,7/25/23,18:28:11,FO,245,93,189,0,-,0.508,-,0.84,-,-,-,-,-,-,93,189,0.508,-,-,-,-,20230725-BULL-008,20230725-BULL-008-C
7/25/23 18:28,1.69E+12,6803167,7/25/23,18:28:20,FO,246,151,305,0,-,0.505,-,0.84,-,-,-,-,-,-,151,305,0.505,-,-,-,-,20230725-BULL-008,20230725-BULL-008-C
7/25/23 18:28,1.69E+12,6810492,7/25/23,18:28:27,FO,247,124,198,0,-,0.374,-,0.84,-,-,-,-,-,-,124,198,0.374,-,-,-,-,20230725-BULL-008,20230725-BULL-008-C
7/25/23 18:28,1.69E+12,6817821,7/25/23,18:28:34,FO,248,110,111,0,-,0.009,-,0.84,-,-,-,-,-,-,110,111,0.009,-,-,-,-,20230725-BULL-008,20230725-BULL-008-C
7/25/23 18:29,1.69E+12,6846745,7/25/23,18:29:03,FO,249,89,90,0,-,0.011,-,0.84,-,-,-,-,-,-,89,90,0.011,-,-,-,-,20230725-BULL-008,20230725-BULL-008-C
7/25/23 18:29,1.69E+12,6854716,7/25/23,18:29:11,FO,250,57,94,0,-,0.394,-,0.84,-,-,-,-,-,-,57,94,0.394,-,-,-,-,20230725-BULL-008,20230725-BULL-008-C
7/25/23 18:29,1.69E+12,6861834,7/25/23,18:29:18,FO,251,105,199,0,-,0.472,-,0.84,-,-,-,-,-,-,105,199,0.472,-,-,-,-,20230725-BULL-008,20230725-BULL-008-C
7/25/23 18:29,1.69E+12,6870466,7/25/23,18:29:27,FO,252,172,306,0,-,0.438,-,0.84,-,-,-,-,-,-,172,306,0.438,-,-,-,-,20230725-BULL-008,20230725-BULL-008-C
7/25/23 18:29,1.69E+12,6878601,7/25/23,18:29:35,FO,253,130,246,0,-,0.472,-,0.84,-,-,-,-,-,-,130,246,0.472,-,-,-,-,20230725-BULL-008,20230725-BULL-008-C
7/25/23 18:29,1.69E+12,6884138,7/25/23,18:29:41,FO,254,119,187,0,-,0.364,-,0.84,-,-,-,-,-,-,119,187,0.364,-,-,-,-,20230725-BULL-008,20230725-BULL-008-C
7/25/23 18:29,1.69E+12,6888588,7/25/23,18:29:45,FO,255,0,5,0,-,-,-,0.84,-,-,-,-,-,-,0,5,-,-,-,-,-,NA,NA
7/25/23 18:29,1.69E+12,6892223,7/25/23,18:29:49,FO,256,4,6,0,-,-,-,0.84,-,-,-,-,-,-,4,6,-,-,-,-,-,NA,NA
7/25/23 18:33,1.69E+12,7132678,7/25/23,18:33:49,FO,257,131,212,0,-,0.382,-,0.84,-,-,-,-,-,-,131,212,0.382,-,-,-,-,20230725-BULL-009,20230725-BULL-009-A
7/25/23 18:34,1.69E+12,7144914,7/25/23,18:34:01,FO,258,130,237,0,-,0.451,-,0.84,-,-,-,-,-,-,130,237,0.451,-,-,-,-,20230725-BULL-009,20230725-BULL-009-A
7/25/23 18:34,1.69E+12,7152533,7/25/23,18:34:09,FO,259,173,296,0,-,0.416,-,0.84,-,-,-,-,-,-,173,296,0.416,-,-,-,-,20230725-BULL-009,20230725-BULL-009-A
7/25/23 18:34,1.69E+12,7166105,7/25/23,18:34:23,FO,260,93,169,0,-,0.45,-,0.84,-,-,-,-,-,-,93,169,0.45,-,-,-,-,20230725-BULL-009,20230725-BULL-009-A
7/25/23 18:34,1.69E+12,7173971,7/25/23,18:34:30,FO,261,144,245,0,-,0.412,-,0.84,-,-,-,-,-,-,144,245,0.412,-,-,-,-,20230725-BULL-009,20230725-BULL-009-A
7/25/23 18:34,1.69E+12,7181217,7/25/23,18:34:38,FO,262,204,366,0,-,0.443,-,0.84,-,-,-,-,-,-,204,366,0.443,-,-,-,-,20230725-BULL-009,20230725-BULL-009-A
7/25/23 18:34,1.69E+12,7190017,7/25/23,18:34:46,FO,263,118,220,0,-,0.464,-,0.84,-,-,-,-,-,-,118,220,0.464,-,-,-,-,20230725-BULL-009,20230725-BULL-009-A
7/25/23 18:34,1.69E+12,7198829,7/25/23,18:34:55,FO,264,94,143,0,-,0.343,-,0.84,-,-,-,-,-,-,94,143,0.343,-,-,-,-,20230725-BULL-009,20230725-BULL-009-A
7/25/23 18:35,1.69E+12,7206728,7/25/23,18:35:03,FO,265,183,324,0,-,0.435,-,0.84,-,-,-,-,-,-,183,324,0.435,-,-,-,-,20230725-BULL-009,20230725-BULL-009-A
7/25/23 18:35,1.69E+12,7214819,7/25/23,18:35:11,FO,266,112,207,0,-,0.459,-,0.84,-,-,-,-,-,-,112,207,0.459,-,-,-,-,20230725-BULL-009,20230725-BULL-009-A
7/25/23 18:35,1.69E+12,7260640,7/25/23,18:35:57,FO,267,3,4,0,-,-,-,0.84,-,-,-,-,-,-,3,4,-,-,-,-,-,NA,NA
7/25/23 18:36,1.69E+12,7264550,7/25/23,18:36:01,FO,268,3,6,0,-,-,-,0.84,-,-,-,-,-,-,3,6,-,-,-,-,-,NA,NA
7/25/23 18:36,1.69E+12,7279586,7/25/23,18:36:16,FO,269,147,257,0,-,0.428,-,0.84,-,-,-,-,-,-,147,257,0.428,-,-,-,-,20230725-BULL-009,20230725-BULL-009-B
7/25/23 18:36,1.69E+12,7290233,7/25/23,18:36:27,FO,270,40,64,0,-,0.375,-,0.84,-,-,-,-,-,-,40,64,0.375,-,-,-,-,20230725-BULL-009,20230725-BULL-009-B
7/25/23 18:36,1.69E+12,7303409,7/25/23,18:36:40,FO,271,157,256,0,-,0.387,-,0.84,-,-,-,-,-,-,157,256,0.387,-,-,-,-,20230725-BULL-009,20230725-BULL-009-B
7/25/23 18:36,1.69E+12,7314072,7/25/23,18:36:51,FO,272,157,275,0,-,0.429,-,0.84,-,-,-,-,-,-,157,275,0.429,-,-,-,-,20230725-BULL-009,20230725-BULL-009-B
7/25/23 18:37,1.69E+12,7324168,7/25/23,18:37:01,FO,273,162,298,0,-,0.456,-,0.84,-,-,-,-,-,-,162,298,0.456,-,-,-,-,20230725-BULL-009,20230725-BULL-009-B
7/25/23 18:37,1.69E+12,7333401,7/25/23,18:37:10,FO,274,169,300,0,-,0.437,-,0.84,-,-,-,-,-,-,169,300,0.437,-,-,-,-,20230725-BULL-009,20230725-BULL-009-B
7/25/23 18:37,1.69E+12,7344104,7/25/23,18:37:21,FO,275,152,246,0,-,0.382,-,0.84,-,-,-,-,-,-,152,246,0.382,-,-,-,-,20230725-BULL-009,20230725-BULL-009-B
7/25/23 18:37,1.69E+12,7353242,7/25/23,18:37:30,FO,276,142,258,0,-,0.45,-,0.84,-,-,-,-,-,-,142,258,0.45,-,-,-,-,20230725-BULL-009,20230725-BULL-009-B
7/25/23 18:37,1.69E+12,7365877,7/25/23,18:37:42,FO,277,101,184,0,-,0.451,-,0.84,-,-,-,-,-,-,101,184,0.451,-,-,-,-,20230725-BULL-009,20230725-BULL-009-B
7/25/23 18:37,1.69E+12,7373180,7/25/23,18:37:50,FO,278,166,283,0,-,0.413,-,0.84,-,-,-,-,-,-,166,283,0.413,-,-,-,-,20230725-BULL-009,20230725-BULL-009-B
7/25/23 18:37,1.69E+12,7378135,7/25/23,18:37:55,FO,279,2,6,0,-,-,-,0.84,-,-,-,-,-,-,2,6,-,-,-,-,-,NA,NA
7/25/23 18:37,1.69E+12,7382390,7/25/23,18:37:59,FO,280,6,6,0,-,-,-,0.84,-,-,-,-,-,-,6,6,-,-,-,-,-,NA,NA
7/25/23 18:38,1.69E+12,7437589,7/25/23,18:38:54,FO,281,179,317,0,-,0.435,-,0.84,-,-,-,-,-,-,179,317,0.435,-,-,-,-,20230725-BULL-009,20230725-BULL-009-C
7/25/23 18:39,1.69E+12,7450259,7/25/23,18:39:07,FO,282,172,285,0,-,0.396,-,0.84,-,-,-,-,-,-,172,285,0.396,-,-,-,-,20230725-BULL-009,20230725-BULL-009-C
7/25/23 18:39,1.69E+12,7469511,7/25/23,18:39:26,FO,283,111,185,0,-,0.4,-,0.84,-,-,-,-,-,-,111,185,0.4,-,-,-,-,20230725-BULL-009,20230725-BULL-009-C
7/25/23 18:39,1.69E+12,7481757,7/25/23,18:39:38,FO,284,171,309,0,-,0.447,-,0.84,-,-,-,-,-,-,171,309,0.447,-,-,-,-,20230725-BULL-009,20230725-BULL-009-C
7/25/23 18:39,1.69E+12,7492648,7/25/23,18:39:49,FO,285,151,239,0,-,0.368,-,0.84,-,-,-,-,-,-,151,239,0.368,-,-,-,-,20230725-BULL-009,20230725-BULL-009-C
7/25/23 18:40,1.69E+12,7505274,7/25/23,18:40:02,FO,286,166,271,0,-,0.387,-,0.84,-,-,-,-,-,-,166,271,0.387,-,-,-,-,20230725-BULL-009,20230725-BULL-009-C
7/25/23 18:40,1.69E+12,7520011,7/25/23,18:40:16,FO,287,175,302,0,-,0.421,-,0.84,-,-,-,-,-,-,175,302,0.421,-,-,-,-,20230725-BULL-009,20230725-BULL-009-C
7/25/23 18:40,1.69E+12,7533726,7/25/23,18:40:30,FO,288,201,349,0,-,0.424,-,0.84,-,-,-,-,-,-,201,349,0.424,-,-,-,-,20230725-BULL-009,20230725-BULL-009-C
7/25/23 18:40,1.69E+12,7544841,7/25/23,18:40:41,FO,289,173,293,0,-,0.41,-,0.84,-,-,-,-,-,-,173,293,0.41,-,-,-,-,20230725-BULL-009,20230725-BULL-009-C
7/25/23 18:40,1.69E+12,7555595,7/25/23,18:40:52,FO,290,142,253,0,-,0.439,-,0.84,-,-,-,-,-,-,142,253,0.439,-,-,-,-,20230725-BULL-009,20230725-BULL-009-C
7/25/23 18:40,1.69E+12,7559667,7/25/23,18:40:56,FO,291,5,5,0,-,-,-,0.84,-,-,-,-,-,-,5,5,-,-,-,-,-,NA,NA
7/25/23 18:41,1.69E+12,7563667,7/25/23,18:41:00,FO,292,4,4,0,-,-,-,0.84,-,-,-,-,-,-,4,4,-,-,-,-,-,NA,NA
7/25/23 18:44,1.69E+12,7773274,7/25/23,18:44:30,FO,293,142,261,0,-,0.456,-,0.84,-,-,-,-,-,-,142,261,0.456,-,-,-,-,20230725-BULL-010,20230725-BULL-010-A
7/25/23 18:44,1.69E+12,7788106,7/25/23,18:44:45,FO,294,136,228,0,-,0.404,-,0.84,-,-,-,-,-,-,136,228,0.404,-,-,-,-,20230725-BULL-010,20230725-BULL-010-A
7/25/23 18:44,1.69E+12,7797979,7/25/23,18:44:54,FO,295,127,242,0,-,0.475,-,0.84,-,-,-,-,-,-,127,242,0.475,-,-,-,-,20230725-BULL-010,20230725-BULL-010-A
7/25/23 18:45,1.69E+12,7810186,7/25/23,18:45:07,FO,296,117,219,0,-,0.466,-,0.84,-,-,-,-,-,-,117,219,0.466,-,-,-,-,20230725-BULL-010,20230725-BULL-010-A
7/25/23 18:45,1.69E+12,7819303,7/25/23,18:45:16,FO,297,114,204,0,-,0.441,-,0.84,-,-,-,-,-,-,114,204,0.441,-,-,-,-,20230725-BULL-010,20230725-BULL-010-A
7/25/23 18:45,1.69E+12,7831200,7/25/23,18:45:28,FO,298,165,318,0,-,0.481,-,0.84,-,-,-,-,-,-,165,318,0.481,-,-,-,-,20230725-BULL-010,20230725-BULL-010-A
7/25/23 18:45,1.69E+12,7843701,7/25/23,18:45:40,FO,299,120,214,0,-,0.439,-,0.84,-,-,-,-,-,-,120,214,0.439,-,-,-,-,20230725-BULL-010,20230725-BULL-010-A
7/25/23 18:45,1.69E+12,7853704,7/25/23,18:45:50,FO,300,124,246,0,-,0.496,-,0.84,-,-,-,-,-,-,124,246,0.496,-,-,-,-,20230725-BULL-010,20230725-BULL-010-A
7/25/23 18:46,1.69E+12,7863917,7/25/23,18:46:00,FO,301,120,210,0,-,0.429,-,0.84,-,-,-,-,-,-,120,210,0.429,-,-,-,-,20230725-BULL-010,20230725-BULL-010-A
7/25/23 18:46,1.69E+12,7875143,7/25/23,18:46:12,FO,302,124,235,0,-,0.472,-,0.84,-,-,-,-,-,-,124,235,0.472,-,-,-,-,20230725-BULL-010,20230725-BULL-010-A
7/25/23 18:46,1.69E+12,7880152,7/25/23,18:46:17,FO,303,2,5,0,-,-,-,0.84,-,-,-,-,-,-,2,5,-,-,-,-,-,NA,NA
7/25/23 18:46,1.69E+12,7884038,7/25/23,18:46:21,FO,304,3,5,0,-,-,-,0.84,-,-,-,-,-,-,3,5,-,-,-,-,-,NA,NA
7/25/23 18:46,1.69E+12,7914495,7/25/23,18:46:51,FO,305,189,395,0,-,0.522,-,0.84,-,-,-,-,-,-,189,395,0.522,-,-,-,-,20230725-BULL-010,20230725-BULL-010-B
7/25/23 18:47,1.69E+12,7928820,7/25/23,18:47:05,FO,306,77,156,0,-,0.506,-,0.84,-,-,-,-,-,-,77,156,0.506,-,-,-,-,20230725-BULL-010,20230725-BULL-010-B
7/25/23 18:47,1.69E+12,7943208,7/25/23,18:47:20,FO,307,110,212,0,-,0.481,-,0.84,-,-,-,-,-,-,110,212,0.481,-,-,-,-,20230725-BULL-010,20230725-BULL-010-B
7/25/23 18:47,1.69E+12,7952921,7/25/23,18:47:29,FO,308,124,232,0,-,0.466,-,0.84,-,-,-,-,-,-,124,232,0.466,-,-,-,-,20230725-BULL-010,20230725-BULL-010-B
7/25/23 18:47,1.69E+12,7965056,7/25/23,18:47:42,FO,309,104,197,0,-,0.472,-,0.84,-,-,-,-,-,-,104,197,0.472,-,-,-,-,20230725-BULL-010,20230725-BULL-010-B
7/25/23 18:47,1.69E+12,7976151,7/25/23,18:47:53,FO,310,125,222,0,-,0.437,-,0.84,-,-,-,-,-,-,125,222,0.437,-,-,-,-,20230725-BULL-010,20230725-BULL-010-B
7/25/23 18:48,1.69E+12,7986867,7/25/23,18:48:03,FO,311,191,191,0,-,0,-,0.84,-,-,-,-,-,-,191,191,0,-,-,-,-,NA,NA
7/25/23 18:48,1.69E+12,7996037,7/25/23,18:48:13,FO,312,113,152,0,-,0.257,-,0.84,-,-,-,-,-,-,113,152,0.257,-,-,-,-,20230725-BULL-010,20230725-BULL-010-B
7/25/23 18:48,1.69E+12,8006071,7/25/23,18:48:23,FO,313,131,249,0,-,0.474,-,0.84,-,-,-,-,-,-,131,249,0.474,-,-,-,-,20230725-BULL-010,20230725-BULL-010-B
7/25/23 18:48,1.69E+12,8015969,7/25/23,18:48:32,FO,314,142,285,0,-,0.502,-,0.84,-,-,-,-,-,-,142,285,0.502,-,-,-,-,20230725-BULL-010,20230725-BULL-010-B
7/25/23 18:48,1.69E+12,8025813,7/25/23,18:48:42,FO,315,126,243,0,-,0.481,-,0.84,-,-,-,-,-,-,126,243,0.481,-,-,-,-,20230725-BULL-010,20230725-BULL-010-B
7/25/23 18:48,1.69E+12,8032222,7/25/23,18:48:49,FO,316,4,5,0,-,-,-,0.84,-,-,-,-,-,-,4,5,-,-,-,-,-,NA,NA
7/25/23 18:48,1.69E+12,8035846,7/25/23,18:48:52,FO,317,5,5,0,-,-,-,0.84,-,-,-,-,-,-,5,5,-,-,-,-,-,NA,NA
7/25/23 18:49,1.69E+12,8072995,7/25/23,18:49:29,FO,318,110,209,0,-,0.474,-,0.84,-,-,-,-,-,-,110,209,0.474,-,-,-,-,20230725-BULL-010,20230725-BULL-010-C
7/25/23 18:49,1.69E+12,8087487,7/25/23,18:49:44,FO,319,121,233,0,-,0.481,-,0.84,-,-,-,-,-,-,121,233,0.481,-,-,-,-,20230725-BULL-010,20230725-BULL-010-C
7/25/23 18:49,1.69E+12,8100718,7/25/23,18:49:57,FO,320,114,230,0,-,0.504,-,0.84,-,-,-,-,-,-,114,230,0.504,-,-,-,-,20230725-BULL-010,20230725-BULL-010-C
7/25/23 18:50,1.69E+12,8110793,7/25/23,18:50:07,FO,321,126,254,0,-,0.504,-,0.84,-,-,-,-,-,-,126,254,0.504,-,-,-,-,20230725-BULL-010,20230725-BULL-010-C
7/25/23 18:50,1.69E+12,8121816,7/25/23,18:50:18,FO,322,137,279,0,-,0.509,-,0.84,-,-,-,-,-,-,137,279,0.509,-,-,-,-,20230725-BULL-010,20230725-BULL-010-C
7/25/23 18:50,1.69E+12,8133031,7/25/23,18:50:30,FO,323,138,277,0,-,0.502,-,0.84,-,-,-,-,-,-,138,277,0.502,-,-,-,-,20230725-BULL-010,20230725-BULL-010-C
7/25/23 18:50,1.69E+12,8142088,7/25/23,18:50:39,FO,324,137,257,0,-,0.467,-,0.84,-,-,-,-,-,-,137,257,0.467,-,-,-,-,20230725-BULL-010,20230725-BULL-010-C
7/25/23 18:50,1.69E+12,8154045,7/25/23,18:50:51,FO,325,116,229,0,-,0.493,-,0.84,-,-,-,-,-,-,116,229,0.493,-,-,-,-,20230725-BULL-010,20230725-BULL-010-C
7/25/23 18:51,1.69E+12,8162939,7/25/23,18:50:59,FO,326,165,342,0,-,0.518,-,0.84,-,-,-,-,-,-,165,342,0.518,-,-,-,-,20230725-BULL-010,20230725-BULL-010-C
7/25/23 18:51,1.69E+12,8173458,7/25/23,18:51:10,FO,327,159,312,0,-,0.49,-,0.84,-,-,-,-,-,-,159,312,0.49,-,-,-,-,20230725-BULL-010,20230725-BULL-010-C
7/25/23 18:51,1.69E+12,8183382,7/25/23,18:51:20,FO,328,133,261,0,-,0.49,-,0.84,-,-,-,-,-,-,133,261,0.49,-,-,-,-,20230725-BULL-010,20230725-BULL-010-C
7/25/23 18:51,1.69E+12,8188263,7/25/23,18:51:25,FO,329,4,7,0,-,-,-,0.84,-,-,-,-,-,-,4,7,-,-,-,-,-,NA,NA
7/25/23 18:51,1.69E+12,8192032,7/25/23,18:51:29,FO,330,2,6,0,-,-,-,0.84,-,-,-,-,-,-,2,6,-,-,-,-,-,NA,NA
7/25/23 18:55,1.69E+12,8438008,7/25/23,18:55:34,FO,331,123,218,0,-,0.436,-,0.84,-,-,-,-,-,-,123,218,0.436,-,-,-,-,20230725-BULL-011,20230725-BULL-011-A
7/25/23 18:55,1.69E+12,8454741,7/25/23,18:55:51,FO,332,132,252,0,-,0.476,-,0.84,-,-,-,-,-,-,132,252,0.476,-,-,-,-,20230725-BULL-011,20230725-BULL-011-A
7/25/23 18:56,1.69E+12,8467404,7/25/23,18:56:04,FO,333,112,179,0,-,0.374,-,0.84,-,-,-,-,-,-,112,179,0.374,-,-,-,-,20230725-BULL-011,20230725-BULL-011-A
7/25/23 18:56,1.69E+12,8478482,7/25/23,18:56:15,FO,334,162,311,0,-,0.479,-,0.84,-,-,-,-,-,-,162,311,0.479,-,-,-,-,20230725-BULL-011,20230725-BULL-011-A
7/25/23 18:56,1.69E+12,8492341,7/25/23,18:56:29,FO,335,133,234,0,-,0.432,-,0.84,-,-,-,-,-,-,133,234,0.432,-,-,-,-,20230725-BULL-011,20230725-BULL-011-A
7/25/23 18:56,1.69E+12,8502903,7/25/23,18:56:39,FO,336,153,292,0,-,0.476,-,0.84,-,-,-,-,-,-,153,292,0.476,-,-,-,-,20230725-BULL-011,20230725-BULL-011-A
7/25/23 18:56,1.69E+12,8513229,7/25/23,18:56:50,FO,337,145,226,0,-,0.358,-,0.84,-,-,-,-,-,-,145,226,0.358,-,-,-,-,20230725-BULL-011,20230725-BULL-011-A
7/25/23 18:57,1.69E+12,8530373,7/25/23,18:57:07,FO,338,127,180,0,-,0.294,-,0.84,-,-,-,-,-,-,127,180,0.294,-,-,-,-,20230725-BULL-011,20230725-BULL-011-A
7/25/23 18:57,1.69E+12,8542199,7/25/23,18:57:19,FO,339,135,204,0,-,0.338,-,0.84,-,-,-,-,-,-,135,204,0.338,-,-,-,-,20230725-BULL-011,20230725-BULL-011-A
7/25/23 18:57,1.69E+12,8553168,7/25/23,18:57:30,FO,340,116,178,0,-,0.348,-,0.84,-,-,-,-,-,-,116,178,0.348,-,-,-,-,20230725-BULL-011,20230725-BULL-011-A
7/25/23 18:57,1.69E+12,8563945,7/25/23,18:57:40,FO,341,3,5,0,-,-,-,0.84,-,-,-,-,-,-,3,5,-,-,-,-,-,NA,NA
7/25/23 18:57,1.69E+12,8567752,7/25/23,18:57:44,FO,342,5,6,0,-,-,-,0.84,-,-,-,-,-,-,5,6,-,-,-,-,-,NA,NA
7/25/23 18:58,1.69E+12,8593041,7/25/23,18:58:10,FO,343,114,172,0,-,0.337,-,0.84,-,-,-,-,-,-,114,172,0.337,-,-,-,-,20230725-BULL-011,20230725-BULL-011-B
7/25/23 18:58,1.69E+12,8603525,7/25/23,18:58:20,FO,344,81,155,0,-,0.477,-,0.84,-,-,-,-,-,-,81,155,0.477,-,-,-,-,20230725-BULL-011,20230725-BULL-011-B
7/25/23 18:58,1.69E+12,8615610,7/25/23,18:58:32,FO,345,138,211,0,-,0.346,-,0.84,-,-,-,-,-,-,138,211,0.346,-,-,-,-,20230725-BULL-011,20230725-BULL-011-B
7/25/23 18:58,1.69E+12,8623983,7/25/23,18:58:40,FO,346,117,198,0,-,0.409,-,0.84,-,-,-,-,-,-,117,198,0.409,-,-,-,-,20230725-BULL-011,20230725-BULL-011-B
7/25/23 18:58,1.69E+12,8634348,7/25/23,18:58:51,FO,347,112,179,0,-,0.374,-,0.84,-,-,-,-,-,-,112,179,0.374,-,-,-,-,20230725-BULL-011,20230725-BULL-011-B
7/25/23 18:59,1.69E+12,8652226,7/25/23,18:59:09,FO,348,141,277,0,-,0.491,-,0.84,-,-,-,-,-,-,141,277,0.491,-,-,-,-,20230725-BULL-011,20230725-BULL-011-B
7/25/23 18:59,1.69E+12,8666348,7/25/23,18:59:23,FO,349,106,175,0,-,0.394,-,0.84,-,-,-,-,-,-,106,175,0.394,-,-,-,-,20230725-BULL-011,20230725-BULL-011-B
7/25/23 18:59,1.69E+12,8676787,7/25/23,18:59:33,FO,350,117,150,0,-,0.22,-,0.84,-,-,-,-,-,-,117,150,0.22,-,-,-,-,20230725-BULL-011,20230725-BULL-011-B
7/25/23 18:59,1.69E+12,8686462,7/25/23,18:59:43,FO,351,155,252,0,-,0.385,-,0.84,-,-,-,-,-,-,155,252,0.385,-,-,-,-,20230725-BULL-011,20230725-BULL-011-B
7/25/23 18:59,1.69E+12,8695779,7/25/23,18:59:52,FO,352,138,261,0,-,0.471,-,0.84,-,-,-,-,-,-,138,261,0.471,-,-,-,-,20230725-BULL-011,20230725-BULL-011-B
7/25/23 19:00,1.69E+12,8702898,7/25/23,18:59:59,FO,353,6,6,0,-,-,-,0.84,-,-,-,-,-,-,6,6,-,-,-,-,-,NA,NA
7/25/23 19:00,1.69E+12,8706717,7/25/23,19:00:03,FO,354,3,7,0,-,-,-,0.84,-,-,-,-,-,-,3,7,-,-,-,-,-,NA,NA
7/25/23 19:00,1.69E+12,8736022,7/25/23,19:00:32,FO,355,87,168,0,-,0.482,-,0.84,-,-,-,-,-,-,87,168,0.482,-,-,-,-,20230725-BULL-011,20230725-BULL-011-C
7/25/23 19:00,1.69E+12,8748718,7/25/23,19:00:45,FO,356,76,207,0,-,0.633,-,0.84,-,-,-,-,-,-,76,207,0.633,-,-,-,-,20230725-BULL-011,20230725-BULL-011-C
7/25/23 19:01,1.69E+12,8762693,7/25/23,19:00:59,FO,357,130,232,0,-,0.44,-,0.84,-,-,-,-,-,-,130,232,0.44,-,-,-,-,20230725-BULL-011,20230725-BULL-011-C
7/25/23 19:01,1.69E+12,8778105,7/25/23,19:01:15,FO,358,69,163,0,-,0.577,-,0.84,-,-,-,-,-,-,69,163,0.577,-,-,-,-,20230725-BULL-011,20230725-BULL-011-C
7/25/23 19:01,1.69E+12,8788021,7/25/23,19:01:24,FO,359,142,302,0,-,0.53,-,0.84,-,-,-,-,-,-,142,302,0.53,-,-,-,-,20230725-BULL-011,20230725-BULL-011-C
7/25/23 19:01,1.69E+12,8795617,7/25/23,19:01:32,FO,360,189,311,0,-,0.392,-,0.84,-,-,-,-,-,-,189,311,0.392,-,-,-,-,20230725-BULL-011,20230725-BULL-011-C
7/25/23 19:01,1.69E+12,8805380,7/25/23,19:01:42,FO,361,107,200,0,-,0.465,-,0.84,-,-,-,-,-,-,107,200,0.465,-,-,-,-,20230725-BULL-011,20230725-BULL-011-C
7/25/23 19:01,1.69E+12,8815148,7/25/23,19:01:52,FO,362,153,429,0,-,0.643,-,0.84,-,-,-,-,-,-,153,429,0.643,-,-,-,-,20230725-BULL-011,20230725-BULL-011-C
7/25/23 19:02,1.69E+12,8824300,7/25/23,19:02:01,FO,363,81,136,0,-,0.404,-,0.84,-,-,-,-,-,-,81,136,0.404,-,-,-,-,20230725-BULL-011,20230725-BULL-011-C
7/25/23 19:02,1.69E+12,8834315,7/25/23,19:02:11,FO,364,133,238,0,-,0.441,-,0.84,-,-,-,-,-,-,133,238,0.441,-,-,-,-,20230725-BULL-011,20230725-BULL-011-C
7/25/23 19:02,1.69E+12,8841007,7/25/23,19:02:17,FO,365,12,12,0,-,-,-,0.84,-,-,-,-,-,-,12,12,0,-,-,-,-,NA,NA
7/25/23 19:02,1.69E+12,8845433,7/25/23,19:02:22,FO,366,4,7,0,-,-,-,0.84,-,-,-,-,-,-,4,7,-,-,-,-,-,NA,NA
7/25/23 19:07,1.69E+12,9123747,7/25/23,19:07:00,FO,367,95,188,0,-,0.495,-,0.84,-,-,-,-,-,-,95,188,0.495,-,-,-,-,20230725-BULL-012,20230725-BULL-012-A
7/25/23 19:07,1.69E+12,9135894,7/25/23,19:07:12,FO,368,99,202,0,-,0.51,-,0.84,-,-,-,-,-,-,99,202,0.51,-,-,-,-,20230725-BULL-012,20230725-BULL-012-A
7/25/23 19:07,1.69E+12,9146012,7/25/23,19:07:22,FO,369,152,266,0,-,0.429,-,0.84,-,-,-,-,-,-,152,266,0.429,-,-,-,-,20230725-BULL-012,20230725-BULL-012-A
7/25/23 19:07,1.69E+12,9155166,7/25/23,19:07:32,FO,370,199,398,0,-,0.5,-,0.84,-,-,-,-,-,-,199,398,0.5,-,-,-,-,20230725-BULL-012,20230725-BULL-012-A
7/25/23 19:07,1.69E+12,9165200,7/25/23,19:07:42,FO,371,123,226,0,-,0.456,-,0.84,-,-,-,-,-,-,123,226,0.456,-,-,-,-,20230725-BULL-012,20230725-BULL-012-A
7/25/23 19:07,1.69E+12,9174205,7/25/23,19:07:51,FO,372,122,232,0,-,0.474,-,0.84,-,-,-,-,-,-,122,232,0.474,-,-,-,-,20230725-BULL-012,20230725-BULL-012-A
7/25/23 19:08,1.69E+12,9186658,7/25/23,19:08:03,FO,373,76,141,0,-,0.461,-,0.84,-,-,-,-,-,-,76,141,0.461,-,-,-,-,20230725-BULL-012,20230725-BULL-012-A
7/25/23 19:08,1.69E+12,9197797,7/25/23,19:08:14,FO,374,90,156,0,-,0.423,-,0.84,-,-,-,-,-,-,90,156,0.423,-,-,-,-,20230725-BULL-012,20230725-BULL-012-A
7/25/23 19:08,1.69E+12,9205728,7/25/23,19:08:22,FO,375,118,224,0,-,0.473,-,0.84,-,-,-,-,-,-,118,224,0.473,-,-,-,-,20230725-BULL-012,20230725-BULL-012-A
7/25/23 19:08,1.69E+12,9215200,7/25/23,19:08:32,FO,376,115,209,0,-,0.45,-,0.84,-,-,-,-,-,-,115,209,0.45,-,-,-,-,20230725-BULL-012,20230725-BULL-012-A
7/25/23 19:08,1.69E+12,9224261,7/25/23,19:08:41,FO,377,1,6,0,-,-,-,0.84,-,-,-,-,-,-,1,6,-,-,-,-,-,NA,NA
7/25/23 19:08,1.69E+12,9228209,7/25/23,19:08:45,FO,378,6,6,0,-,-,-,0.84,-,-,-,-,-,-,6,6,-,-,-,-,-,NA,NA
7/25/23 19:09,1.69E+12,9255538,7/25/23,19:09:12,FO,379,175,309,0,-,0.434,-,0.84,-,-,-,-,-,-,175,309,0.434,-,-,-,-,20230725-BULL-012,20230725-BULL-012-B
7/25/23 19:09,1.69E+12,9266114,7/25/23,19:09:23,FO,380,168,294,0,-,0.429,-,0.84,-,-,-,-,-,-,168,294,0.429,-,-,-,-,20230725-BULL-012,20230725-BULL-012-B
7/25/23 19:09,1.69E+12,9277557,7/25/23,19:09:34,FO,381,153,259,0,-,0.409,-,0.84,-,-,-,-,-,-,153,259,0.409,-,-,-,-,20230725-BULL-012,20230725-BULL-012-B
7/25/23 19:09,1.69E+12,9287128,7/25/23,19:09:44,FO,382,153,252,0,-,0.393,-,0.84,-,-,-,-,-,-,153,252,0.393,-,-,-,-,20230725-BULL-012,20230725-BULL-012-B
7/25/23 19:09,1.69E+12,9298379,7/25/23,19:09:55,FO,383,148,227,0,-,0.348,-,0.84,-,-,-,-,-,-,148,227,0.348,-,-,-,-,20230725-BULL-012,20230725-BULL-012-B
7/25/23 19:10,1.69E+12,9312589,7/25/23,19:10:09,FO,384,154,254,0,-,0.394,-,0.84,-,-,-,-,-,-,154,254,0.394,-,-,-,-,20230725-BULL-012,20230725-BULL-012-B
7/25/23 19:10,1.69E+12,9324217,7/25/23,19:10:21,FO,385,141,245,0,-,0.424,-,0.84,-,-,-,-,-,-,141,245,0.424,-,-,-,-,20230725-BULL-012,20230725-BULL-012-B
7/25/23 19:10,1.69E+12,9335750,7/25/23,19:10:32,FO,386,174,312,0,-,0.442,-,0.84,-,-,-,-,-,-,174,312,0.442,-,-,-,-,20230725-BULL-012,20230725-BULL-012-B
7/25/23 19:10,1.69E+12,9344795,7/25/23,19:10:41,FO,387,154,285,0,-,0.46,-,0.84,-,-,-,-,-,-,154,285,0.46,-,-,-,-,20230725-BULL-012,20230725-BULL-012-B
7/25/23 19:10,1.69E+12,9356529,7/25/23,19:10:53,FO,388,163,293,0,-,0.444,-,0.84,-,-,-,-,-,-,163,293,0.444,-,-,-,-,20230725-BULL-012,20230725-BULL-012-B
7/25/23 19:11,1.69E+12,9362892,7/25/23,19:10:59,FO,389,5,6,0,-,-,-,0.84,-,-,-,-,-,-,5,6,-,-,-,-,-,NA,NA
7/25/23 19:11,1.69E+12,9366548,7/25/23,19:11:03,FO,390,5,5,0,-,-,-,0.84,-,-,-,-,-,-,5,5,-,-,-,-,-,NA,NA
7/25/23 19:11,1.69E+12,9409191,7/25/23,19:11:46,FO,391,151,316,0,-,0.522,-,0.84,-,-,-,-,-,-,151,316,0.522,-,-,-,-,20230725-BULL-012,20230725-BULL-012-C
7/25/23 19:11,1.69E+12,9420999,7/25/23,19:11:57,FO,392,160,310,0,-,0.484,-,0.84,-,-,-,-,-,-,160,310,0.484,-,-,-,-,20230725-BULL-012,20230725-BULL-012-C
7/25/23 19:12,1.69E+12,9432907,7/25/23,19:12:09,FO,393,155,293,0,-,0.471,-,0.84,-,-,-,-,-,-,155,293,0.471,-,-,-,-,20230725-BULL-012,20230725-BULL-012-C
7/25/23 19:12,1.69E+12,9447181,7/25/23,19:12:24,FO,394,154,280,0,-,0.45,-,0.84,-,-,-,-,-,-,154,280,0.45,-,-,-,-,20230725-BULL-012,20230725-BULL-012-C
7/25/23 19:12,1.69E+12,9460653,7/25/23,19:12:37,FO,395,144,244,0,-,0.41,-,0.84,-,-,-,-,-,-,144,244,0.41,-,-,-,-,20230725-BULL-012,20230725-BULL-012-C
7/25/23 19:12,1.69E+12,9471364,7/25/23,19:12:48,FO,396,140,242,0,-,0.421,-,0.84,-,-,-,-,-,-,140,242,0.421,-,-,-,-,20230725-BULL-012,20230725-BULL-012-C
7/25/23 19:12,1.69E+12,9481930,7/25/23,19:12:58,FO,397,155,277,0,-,0.44,-,0.84,-,-,-,-,-,-,155,277,0.44,-,-,-,-,20230725-BULL-012,20230725-BULL-012-C
7/25/23 19:13,1.69E+12,9495249,7/25/23,19:13:12,FO,398,162,282,0,-,0.426,-,0.84,-,-,-,-,-,-,162,282,0.426,-,-,-,-,20230725-BULL-012,20230725-BULL-012-C
7/25/23 19:13,1.69E+12,9503939,7/25/23,19:13:20,FO,399,143,259,0,-,0.448,-,0.84,-,-,-,-,-,-,143,259,0.448,-,-,-,-,20230725-BULL-012,20230725-BULL-012-C
7/25/23 19:13,1.69E+12,9509691,7/25/23,19:13:26,FO,400,9,9,0,-,-,-,0.84,-,-,-,-,-,-,9,9,-,-,-,-,-,NA,NA
7/25/23 19:13,1.69E+12,9513835,7/25/23,19:13:30,FO,401,7,7,0,-,-,-,0.84,-,-,-,-,-,-,7,7,-,-,-,-,-,NA,NA
7/25/23 19:18,1.69E+12,9842128,7/25/23,19:18:59,FO,402,199,390,0,-,0.49,-,0.84,-,-,-,-,-,-,199,390,0.49,-,-,-,-,20230725-BULL-013,20230725-BULL-013-A
7/25/23 19:19,1.69E+12,9856453,7/25/23,19:19:13,FO,403,244,441,0,-,0.447,-,0.84,-,-,-,-,-,-,244,441,0.447,-,-,-,-,20230725-BULL-013,20230725-BULL-013-A
7/25/23 19:19,1.69E+12,9869172,7/25/23,19:19:26,FO,404,256,523,0,-,0.511,-,0.84,-,-,-,-,-,-,256,523,0.511,-,-,-,-,20230725-BULL-013,20230725-BULL-013-A
7/25/23 19:19,1.69E+12,9880597,7/25/23,19:19:37,FO,405,291,582,0,-,0.5,-,0.84,-,-,-,-,-,-,291,582,0.5,-,-,-,-,20230725-BULL-013,20230725-BULL-013-A
7/25/23 19:19,1.69E+12,9895163,7/25/23,19:19:52,FO,406,190,385,0,-,0.506,-,0.84,-,-,-,-,-,-,190,385,0.506,-,-,-,-,20230725-BULL-013,20230725-BULL-013-A
7/25/23 19:20,1.69E+12,9906491,7/25/23,19:20:03,FO,407,150,265,0,-,0.434,-,0.84,-,-,-,-,-,-,150,265,0.434,-,-,-,-,20230725-BULL-013,20230725-BULL-013-A
7/25/23 19:20,1.69E+12,9920547,7/25/23,19:20:17,FO,408,230,398,0,-,0.422,-,0.84,-,-,-,-,-,-,230,398,0.422,-,-,-,-,20230725-BULL-013,20230725-BULL-013-A
7/25/23 19:20,1.69E+12,9935289,7/25/23,19:20:32,FO,409,267,588,0,-,0.546,-,0.84,-,-,-,-,-,-,267,588,0.546,-,-,-,-,20230725-BULL-013,20230725-BULL-013-A
7/25/23 19:20,1.69E+12,9946812,7/25/23,19:20:43,FO,410,224,470,0,-,0.523,-,0.84,-,-,-,-,-,-,224,470,0.523,-,-,-,-,20230725-BULL-013,20230725-BULL-013-A
7/25/23 19:20,1.69E+12,9957658,7/25/23,19:20:54,FO,411,284,605,0,-,0.531,-,0.84,-,-,-,-,-,-,284,605,0.531,-,-,-,-,20230725-BULL-013,20230725-BULL-013-A
7/25/23 19:21,1.69E+12,9963666,7/25/23,19:21:00,FO,412,5,8,0,-,-,-,0.84,-,-,-,-,-,-,5,8,-,-,-,-,-,NA,NA
7/25/23 19:21,1.69E+12,9968150,7/25/23,19:21:05,FO,413,6,7,0,-,-,-,0.84,-,-,-,-,-,-,6,7,-,-,-,-,-,NA,NA
7/25/23 19:22,1.69E+12,10038507,7/25/23,19:22:15,FO,414,204,441,0,-,0.537,-,0.84,-,-,-,-,-,-,204,441,0.537,-,-,-,-,20230725-BULL-013,20230725-BULL-013-B
7/25/23 19:22,1.69E+12,10049223,7/25/23,19:22:26,FO,415,230,461,0,-,0.501,-,0.84,-,-,-,-,-,-,230,461,0.501,-,-,-,-,20230725-BULL-013,20230725-BULL-013-B
7/25/23 19:22,1.69E+12,10063758,7/25/23,19:22:40,FO,416,170,343,0,-,0.504,-,0.84,-,-,-,-,-,-,170,343,0.504,-,-,-,-,20230725-BULL-013,20230725-BULL-013-B
7/25/23 19:22,1.69E+12,10073420,7/25/23,19:22:50,FO,417,270,570,0,-,0.526,-,0.84,-,-,-,-,-,-,270,570,0.526,-,-,-,-,20230725-BULL-013,20230725-BULL-013-B
7/25/23 19:23,1.69E+12,10089620,7/25/23,19:23:06,FO,418,226,481,0,-,0.53,-,0.84,-,-,-,-,-,-,226,481,0.53,-,-,-,-,20230725-BULL-013,20230725-BULL-013-B
7/25/23 19:23,1.69E+12,10107221,7/25/23,19:23:24,FO,419,210,479,0,-,0.562,-,0.84,-,-,-,-,-,-,210,479,0.562,-,-,-,-,20230725-BULL-013,20230725-BULL-013-B
7/25/23 19:23,1.69E+12,10124316,7/25/23,19:23:41,FO,420,269,552,0,-,0.513,-,0.84,-,-,-,-,-,-,269,552,0.513,-,-,-,-,20230725-BULL-013,20230725-BULL-013-B
7/25/23 19:23,1.69E+12,10135085,7/25/23,19:23:52,FO,421,267,640,0,-,0.583,-,0.84,-,-,-,-,-,-,267,640,0.583,-,-,-,-,20230725-BULL-013,20230725-BULL-013-B
7/25/23 19:24,1.69E+12,10146511,7/25/23,19:24:03,FO,422,219,385,0,-,0.431,-,0.84,-,-,-,-,-,-,219,385,0.431,-,-,-,-,20230725-BULL-013,20230725-BULL-013-B
7/25/23 19:24,1.69E+12,10156569,7/25/23,19:24:13,FO,423,284,615,0,-,0.538,-,0.84,-,-,-,-,-,-,284,615,0.538,-,-,-,-,20230725-BULL-013,20230725-BULL-013-B
7/25/23 19:24,1.69E+12,10165002,7/25/23,19:24:21,FO,424,7,8,0,-,-,-,0.84,-,-,-,-,-,-,7,8,-,-,-,-,-,NA,NA
7/25/23 19:24,1.69E+12,10168968,7/25/23,19:24:25,FO,425,8,9,0,-,-,-,0.84,-,-,-,-,-,-,8,9,-,-,-,-,-,NA,NA
7/25/23 19:25,1.69E+12,10246873,7/25/23,19:25:43,FO,426,184,407,0,-,0.548,-,0.84,-,-,-,-,-,-,184,407,0.548,-,-,-,-,20230725-BULL-013,20230725-BULL-013-C
7/25/23 19:25,1.69E+12,10257272,7/25/23,19:25:54,FO,427,168,332,0,-,0.494,-,0.84,-,-,-,-,-,-,168,332,0.494,-,-,-,-,20230725-BULL-013,20230725-BULL-013-C
7/25/23 19:26,1.69E+12,10266370,7/25/23,19:26:03,FO,428,225,428,0,-,0.474,-,0.84,-,-,-,-,-,-,225,428,0.474,-,-,-,-,20230725-BULL-013,20230725-BULL-013-C
7/25/23 19:26,1.69E+12,10277612,7/25/23,19:26:14,FO,429,181,394,0,-,0.541,-,0.84,-,-,-,-,-,-,181,394,0.541,-,-,-,-,20230725-BULL-013,20230725-BULL-013-C
7/25/23 19:26,1.69E+12,10287304,7/25/23,19:26:24,FO,430,207,476,0,-,0.565,-,0.84,-,-,-,-,-,-,207,476,0.565,-,-,-,-,20230725-BULL-013,20230725-BULL-013-C
7/25/23 19:26,1.69E+12,10296988,7/25/23,19:26:33,FO,431,174,306,0,-,0.431,-,0.84,-,-,-,-,-,-,174,306,0.431,-,-,-,-,20230725-BULL-013,20230725-BULL-013-C
7/25/23 19:26,1.69E+12,10307261,7/25/23,19:26:44,FO,432,209,459,0,-,0.545,-,0.84,-,-,-,-,-,-,209,459,0.545,-,-,-,-,20230725-BULL-013,20230725-BULL-013-C
7/25/23 19:26,1.69E+12,10318396,7/25/23,19:26:55,FO,433,228,565,0,-,0.596,-,0.84,-,-,-,-,-,-,228,565,0.596,-,-,-,-,20230725-BULL-013,20230725-BULL-013-C
7/25/23 19:27,1.69E+12,10328048,7/25/23,19:27:05,FO,434,201,479,0,-,0.58,-,0.84,-,-,-,-,-,-,201,479,0.58,-,-,-,-,20230725-BULL-013,20230725-BULL-013-C
7/25/23 19:27,1.69E+12,10337191,7/25/23,19:27:14,FO,435,203,540,0,-,0.624,-,0.84,-,-,-,-,-,-,203,540,0.624,-,-,-,-,20230725-BULL-013,20230725-BULL-013-C
7/25/23 19:27,1.69E+12,10345958,7/25/23,19:27:22,FO,436,7,7,0,-,-,-,0.84,-,-,-,-,-,-,7,7,-,-,-,-,-,NA,NA
7/25/23 19:27,1.69E+12,10350556,7/25/23,19:27:27,FO,437,8,8,0,-,-,-,0.84,-,-,-,-,-,-,8,8,-,-,-,-,-,NA,NA
7/25/23 19:33,1.69E+12,10717489,7/25/23,19:33:34,FO,438,156,469,0,-,0.667,-,0.84,-,-,-,-,-,-,156,469,0.667,-,-,-,-,20230725-BULL-014,20230725-BULL-014-A
7/25/23 19:33,1.69E+12,10731030,7/25/23,19:33:48,FO,439,158,482,0,-,0.672,-,0.84,-,-,-,-,-,-,158,482,0.672,-,-,-,-,20230725-BULL-014,20230725-BULL-014-A
7/25/23 19:34,1.69E+12,10747401,7/25/23,19:34:04,FO,440,191,529,0,-,0.639,-,0.84,-,-,-,-,-,-,191,529,0.639,-,-,-,-,20230725-BULL-014,20230725-BULL-014-A
7/25/23 19:34,1.69E+12,10760516,7/25/23,19:34:17,FO,441,205,582,0,-,0.648,-,0.84,-,-,-,-,-,-,205,582,0.648,-,-,-,-,20230725-BULL-014,20230725-BULL-014-A
7/25/23 19:34,1.69E+12,10773259,7/25/23,19:34:30,FO,442,232,617,0,-,0.624,-,0.84,-,-,-,-,-,-,232,617,0.624,-,-,-,-,20230725-BULL-014,20230725-BULL-014-A
7/25/23 19:34,1.69E+12,10785463,7/25/23,19:34:42,FO,443,145,381,0,-,0.619,-,0.84,-,-,-,-,-,-,145,381,0.619,-,-,-,-,20230725-BULL-014,20230725-BULL-014-A
7/25/23 19:34,1.69E+12,10797135,7/25/23,19:34:54,FO,444,142,244,0,-,0.418,-,0.84,-,-,-,-,-,-,142,244,0.418,-,-,-,-,20230725-BULL-014,20230725-BULL-014-A
7/25/23 19:35,1.69E+12,10808089,7/25/23,19:35:05,FO,445,246,642,0,-,0.617,-,0.84,-,-,-,-,-,-,246,642,0.617,-,-,-,-,20230725-BULL-014,20230725-BULL-014-A
7/25/23 19:35,1.69E+12,10822906,7/25/23,19:35:19,FO,446,263,749,0,-,0.649,-,0.84,-,-,-,-,-,-,263,749,0.649,-,-,-,-,20230725-BULL-014,20230725-BULL-014-A
7/25/23 19:35,1.69E+12,10834507,7/25/23,19:35:31,FO,447,238,703,0,-,0.661,-,0.84,-,-,-,-,-,-,238,703,0.661,-,-,-,-,20230725-BULL-014,20230725-BULL-014-A
7/25/23 19:35,1.69E+12,10843340,7/25/23,19:35:40,FO,448,3,6,0,-,-,-,0.84,-,-,-,-,-,-,3,6,-,-,-,-,-,NA,NA
7/25/23 19:35,1.69E+12,10847168,7/25/23,19:35:44,FO,449,0,6,0,-,-,-,0.84,-,-,-,-,-,-,0,6,-,-,-,-,-,NA,NA
7/25/23 19:36,1.69E+12,10875831,7/25/23,19:36:12,FO,450,143,452,0,-,0.684,-,0.84,-,-,-,-,-,-,143,452,0.684,-,-,-,-,20230725-BULL-014,20230725-BULL-014-B
7/25/23 19:36,1.69E+12,10889442,7/25/23,19:36:26,FO,451,82,153,0,-,0.464,-,0.84,-,-,-,-,-,-,82,153,0.464,-,-,-,-,20230725-BULL-014,20230725-BULL-014-B
7/25/23 19:36,1.69E+12,10899394,7/25/23,19:36:36,FO,452,149,389,0,-,0.617,-,0.84,-,-,-,-,-,-,149,389,0.617,-,-,-,-,20230725-BULL-014,20230725-BULL-014-B
7/25/23 19:36,1.69E+12,10911578,7/25/23,19:36:48,FO,453,236,571,0,-,0.587,-,0.84,-,-,-,-,-,-,236,571,0.587,-,-,-,-,20230725-BULL-014,20230725-BULL-014-B
7/25/23 19:37,1.69E+12,10923592,7/25/23,19:37:00,FO,454,223,476,0,-,0.532,-,0.84,-,-,-,-,-,-,223,476,0.532,-,-,-,-,20230725-BULL-014,20230725-BULL-014-B
7/25/23 19:37,1.69E+12,10934787,7/25/23,19:37:11,FO,455,168,512,0,-,0.672,-,0.84,-,-,-,-,-,-,168,512,0.672,-,-,-,-,20230725-BULL-014,20230725-BULL-014-B
7/25/23 19:37,1.69E+12,10946485,7/25/23,19:37:23,FO,456,164,327,0,-,0.498,-,0.84,-,-,-,-,-,-,164,327,0.498,-,-,-,-,20230725-BULL-014,20230725-BULL-014-B
7/25/23 19:37,1.69E+12,10958000,7/25/23,19:37:34,FO,457,173,381,0,-,0.546,-,0.84,-,-,-,-,-,-,173,381,0.546,-,-,-,-,20230725-BULL-014,20230725-BULL-014-B
7/25/23 19:37,1.69E+12,10969599,7/25/23,19:37:46,FO,458,152,329,0,-,0.538,-,0.84,-,-,-,-,-,-,152,329,0.538,-,-,-,-,20230725-BULL-014,20230725-BULL-014-B
7/25/23 19:37,1.69E+12,10980145,7/25/23,19:37:57,FO,459,175,297,0,-,0.411,-,0.84,-,-,-,-,-,-,175,297,0.411,-,-,-,-,20230725-BULL-014,20230725-BULL-014-B
7/25/23 19:38,1.69E+12,10986374,7/25/23,19:38:03,FO,460,4,7,0,-,-,-,0.84,-,-,-,-,-,-,4,7,-,-,-,-,-,NA,NA
7/25/23 19:38,1.69E+12,10990209,7/25/23,19:38:07,FO,461,0,6,0,-,-,-,0.84,-,-,-,-,-,-,0,6,-,-,-,-,-,NA,NA
7/25/23 19:38,1.69E+12,11029465,7/25/23,19:38:46,FO,462,102,158,0,-,0.354,-,0.84,-,-,-,-,-,-,102,158,0.354,-,-,-,-,20230725-BULL-014,20230725-BULL-014-C
7/25/23 19:38,1.69E+12,11039657,7/25/23,19:38:56,FO,463,115,185,0,-,0.378,-,0.84,-,-,-,-,-,-,115,185,0.378,-,-,-,-,20230725-BULL-014,20230725-BULL-014-C
7/25/23 19:39,1.69E+12,11049992,7/25/23,19:39:06,FO,464,95,136,0,-,0.301,-,0.84,-,-,-,-,-,-,95,136,0.301,-,-,-,-,20230725-BULL-014,20230725-BULL-014-C
7/25/23 19:39,1.69E+12,11060723,7/25/23,19:39:17,FO,465,98,159,0,-,0.384,-,0.84,-,-,-,-,-,-,98,159,0.384,-,-,-,-,20230725-BULL-014,20230725-BULL-014-C
7/25/23 19:39,1.69E+12,11070061,7/25/23,19:39:27,FO,466,106,164,0,-,0.354,-,0.84,-,-,-,-,-,-,106,164,0.354,-,-,-,-,20230725-BULL-014,20230725-BULL-014-C
7/25/23 19:39,1.69E+12,11079400,7/25/23,19:39:36,FO,467,178,435,0,-,0.591,-,0.84,-,-,-,-,-,-,178,435,0.591,-,-,-,-,20230725-BULL-014,20230725-BULL-014-C
7/25/23 19:39,1.69E+12,11090115,7/25/23,19:39:47,FO,468,241,717,0,-,0.664,-,0.84,-,-,-,-,-,-,241,717,0.664,-,-,-,-,20230725-BULL-014,20230725-BULL-014-C
7/25/23 19:39,1.69E+12,11099388,7/25/23,19:39:56,FO,469,87,93,0,-,0.065,-,0.84,-,-,-,-,-,-,87,93,0.065,-,-,-,-,20230725-BULL-014,20230725-BULL-014-C
7/25/23 19:40,1.69E+12,11110849,7/25/23,19:40:07,FO,470,116,116,0,-,0,-,0.84,-,-,-,-,-,-,116,116,0,-,-,-,-,NA,NA
7/25/23 19:40,1.69E+12,11123127,7/25/23,19:40:20,FO,471,4,6,0,-,-,-,0.84,-,-,-,-,-,-,4,6,-,-,-,-,-,NA,NA
7/25/23 19:40,1.69E+12,11127265,7/25/23,19:40:24,FO,472,3,4,0,-,-,-,0.84,-,-,-,-,-,-,3,4,-,-,-,-,-,NA,NA
7/25/23 19:44,1.69E+12,11371501,7/25/23,19:44:28,FO,473,248,693,0,-,0.642,-,0.84,-,-,-,-,-,-,248,693,0.642,-,-,-,-,20230725-BULL-015,20230725-BULL-015-A
7/25/23 19:44,1.69E+12,11381630,7/25/23,19:44:38,FO,474,239,739,0,-,0.677,-,0.84,-,-,-,-,-,-,239,739,0.677,-,-,-,-,20230725-BULL-015,20230725-BULL-015-A
7/25/23 19:44,1.69E+12,11393009,7/25/23,19:44:49,FO,475,185,521,0,-,0.645,-,0.84,-,-,-,-,-,-,185,521,0.645,-,-,-,-,20230725-BULL-015,20230725-BULL-015-A
7/25/23 19:44,1.69E+12,11402250,7/25/23,19:44:59,FO,476,204,513,0,-,0.602,-,0.84,-,-,-,-,-,-,204,513,0.602,-,-,-,-,20230725-BULL-015,20230725-BULL-015-A
7/25/23 19:45,1.69E+12,11413576,7/25/23,19:45:10,FO,477,187,481,0,-,0.611,-,0.84,-,-,-,-,-,-,187,481,0.611,-,-,-,-,20230725-BULL-015,20230725-BULL-015-A
7/25/23 19:45,1.69E+12,11425812,7/25/23,19:45:22,FO,478,189,478,0,-,0.605,-,0.84,-,-,-,-,-,-,189,478,0.605,-,-,-,-,20230725-BULL-015,20230725-BULL-015-A
7/25/23 19:45,1.69E+12,11436547,7/25/23,19:45:33,FO,479,210,540,0,-,0.611,-,0.84,-,-,-,-,-,-,210,540,0.611,-,-,-,-,20230725-BULL-015,20230725-BULL-015-A
7/25/23 19:45,1.69E+12,11442821,7/25/23,19:45:39,FO,480,240,582,0,-,0.588,-,0.84,-,-,-,-,-,-,240,582,0.588,-,-,-,-,20230725-BULL-015,20230725-BULL-015-A
7/25/23 19:45,1.69E+12,11452042,7/25/23,19:45:49,FO,481,254,608,0,-,0.582,-,0.84,-,-,-,-,-,-,254,608,0.582,-,-,-,-,20230725-BULL-015,20230725-BULL-015-A
7/25/23 19:45,1.69E+12,11460938,7/25/23,19:45:57,FO,482,207,479,0,-,0.568,-,0.84,-,-,-,-,-,-,207,479,0.568,-,-,-,-,20230725-BULL-015,20230725-BULL-015-A
7/25/23 19:46,1.69E+12,11472146,7/25/23,19:46:09,FO,483,4,6,0,-,-,-,0.84,-,-,-,-,-,-,4,6,-,-,-,-,-,NA,NA
7/25/23 19:46,1.69E+12,11476375,7/25/23,19:46:13,FO,484,5,6,0,-,-,-,0.84,-,-,-,-,-,-,5,6,-,-,-,-,-,NA,NA
7/25/23 19:47,1.69E+12,11547209,7/25/23,19:47:24,FO,485,236,607,0,-,0.611,-,0.84,-,-,-,-,-,-,236,607,0.611,-,-,-,-,20230725-BULL-015,20230725-BULL-015-B
7/25/23 19:47,1.69E+12,11563807,7/25/23,19:47:40,FO,486,208,597,0,-,0.652,-,0.84,-,-,-,-,-,-,208,597,0.652,-,-,-,-,20230725-BULL-015,20230725-BULL-015-B
7/25/23 19:47,1.69E+12,11574109,7/25/23,19:47:51,FO,487,218,607,0,-,0.641,-,0.84,-,-,-,-,-,-,218,607,0.641,-,-,-,-,20230725-BULL-015,20230725-BULL-015-B
7/25/23 19:48,1.69E+12,11582770,7/25/23,19:47:59,FO,488,203,540,0,-,0.624,-,0.84,-,-,-,-,-,-,203,540,0.624,-,-,-,-,20230725-BULL-015,20230725-BULL-015-B
7/25/23 19:48,1.69E+12,11592998,7/25/23,19:48:09,FO,489,236,657,0,-,0.641,-,0.84,-,-,-,-,-,-,236,657,0.641,-,-,-,-,20230725-BULL-015,20230725-BULL-015-B
7/25/23 19:48,1.69E+12,11602657,7/25/23,19:48:19,FO,490,214,569,0,-,0.624,-,0.84,-,-,-,-,-,-,214,569,0.624,-,-,-,-,20230725-BULL-015,20230725-BULL-015-B
7/25/23 19:48,1.69E+12,11612115,7/25/23,19:48:29,FO,491,222,558,0,-,0.602,-,0.84,-,-,-,-,-,-,222,558,0.602,-,-,-,-,20230725-BULL-015,20230725-BULL-015-B
7/25/23 19:48,1.69E+12,11622789,7/25/23,19:48:39,FO,492,220,514,0,-,0.572,-,0.84,-,-,-,-,-,-,220,514,0.572,-,-,-,-,20230725-BULL-015,20230725-BULL-015-B
7/25/23 19:48,1.69E+12,11631692,7/25/23,19:48:48,FO,493,202,489,0,-,0.587,-,0.84,-,-,-,-,-,-,202,489,0.587,-,-,-,-,20230725-BULL-015,20230725-BULL-015-B
7/25/23 19:48,1.69E+12,11641486,7/25/23,19:48:58,FO,494,221,540,0,-,0.591,-,0.84,-,-,-,-,-,-,221,540,0.591,-,-,-,-,20230725-BULL-015,20230725-BULL-015-B
7/25/23 19:49,1.69E+12,11646346,7/25/23,19:49:03,FO,495,5,5,0,-,-,-,0.84,-,-,-,-,-,-,5,5,-,-,-,-,-,NA,NA
7/25/23 19:49,1.69E+12,11650049,7/25/23,19:49:07,FO,496,3,7,0,-,-,-,0.84,-,-,-,-,-,-,3,7,-,-,-,-,-,NA,NA
7/25/23 19:49,1.69E+12,11693618,7/25/23,19:49:50,FO,497,201,557,0,-,0.639,-,0.84,-,-,-,-,-,-,201,557,0.639,-,-,-,-,20230725-BULL-015,20230725-BULL-015-C
7/25/23 19:50,1.69E+12,11716008,7/25/23,19:50:12,FO,498,217,585,0,-,0.629,-,0.84,-,-,-,-,-,-,217,585,0.629,-,-,-,-,20230725-BULL-015,20230725-BULL-015-C
7/25/23 19:50,1.69E+12,11731502,7/25/23,19:50:28,FO,499,239,714,0,-,0.665,-,0.84,-,-,-,-,-,-,239,714,0.665,-,-,-,-,20230725-BULL-015,20230725-BULL-015-C
7/25/23 19:50,1.69E+12,11743449,7/25/23,19:50:40,FO,500,217,603,0,-,0.64,-,0.84,-,-,-,-,-,-,217,603,0.64,-,-,-,-,20230725-BULL-015,20230725-BULL-015-C
7/25/23 19:50,1.69E+12,11752869,7/25/23,19:50:49,FO,501,194,512,0,-,0.621,-,0.84,-,-,-,-,-,-,194,512,0.621,-,-,-,-,20230725-BULL-015,20230725-BULL-015-C
7/25/23 19:51,1.69E+12,11762668,7/25/23,19:50:59,FO,502,229,609,0,-,0.624,-,0.84,-,-,-,-,-,-,229,609,0.624,-,-,-,-,20230725-BULL-015,20230725-BULL-015-C
7/25/23 19:51,1.69E+12,11772656,7/25/23,19:51:09,FO,503,248,648,0,-,0.617,-,0.84,-,-,-,-,-,-,248,648,0.617,-,-,-,-,20230725-BULL-015,20230725-BULL-015-C
7/25/23 19:51,1.69E+12,11781203,7/25/23,19:51:18,FO,504,239,598,0,-,0.6,-,0.84,-,-,-,-,-,-,239,598,0.6,-,-,-,-,20230725-BULL-015,20230725-BULL-015-C
7/25/23 19:51,1.69E+12,11788975,7/25/23,19:51:25,FO,505,213,532,0,-,0.6,-,0.84,-,-,-,-,-,-,213,532,0.6,-,-,-,-,20230725-BULL-015,20230725-BULL-015-C
7/25/23 19:51,1.69E+12,11800269,7/25/23,19:51:37,FO,506,222,558,0,-,0.602,-,0.84,-,-,-,-,-,-,222,558,0.602,-,-,-,-,20230725-BULL-015,20230725-BULL-015-C
7/25/23 19:51,1.69E+12,11805432,7/25/23,19:51:42,FO,507,4,6,0,-,-,-,0.84,-,-,-,-,-,-,4,6,-,-,-,-,-,NA,NA
7/25/23 19:51,1.69E+12,11809838,7/25/23,19:51:46,FO,508,2,6,0,-,-,-,0.84,-,-,-,-,-,-,2,6,-,-,-,-,-,NA,NA
7/25/23 19:57,1.69E+12,12182055,7/25/23,19:57:59,FO,509,248,605,0,-,0.59,-,0.84,-,-,-,-,-,-,248,605,0.59,-,-,-,-,20230725-BULL-016,20230725-BULL-016-A
7/25/23 19:58,1.69E+12,12190791,7/25/23,19:58:07,FO,510,214,523,0,-,0.591,-,0.84,-,-,-,-,-,-,214,523,0.591,-,-,-,-,20230725-BULL-016,20230725-BULL-016-A
7/25/23 19:58,1.69E+12,12200429,7/25/23,19:58:17,FO,511,212,521,0,-,0.593,-,0.84,-,-,-,-,-,-,212,521,0.593,-,-,-,-,20230725-BULL-016,20230725-BULL-016-A
7/25/23 19:58,1.69E+12,12213226,7/25/23,19:58:30,FO,512,228,548,0,-,0.584,-,0.84,-,-,-,-,-,-,228,548,0.584,-,-,-,-,20230725-BULL-016,20230725-BULL-016-A
7/25/23 19:58,1.69E+12,12223603,7/25/23,19:58:40,FO,513,211,534,0,-,0.605,-,0.84,-,-,-,-,-,-,211,534,0.605,-,-,-,-,20230725-BULL-016,20230725-BULL-016-A
7/25/23 19:58,1.69E+12,12238942,7/25/23,19:58:55,FO,514,183,477,0,-,0.616,-,0.84,-,-,-,-,-,-,183,477,0.616,-,-,-,-,20230725-BULL-016,20230725-BULL-016-A
7/25/23 19:59,1.69E+12,12247964,7/25/23,19:59:04,FO,515,195,501,0,-,0.611,-,0.84,-,-,-,-,-,-,195,501,0.611,-,-,-,-,20230725-BULL-016,20230725-BULL-016-A
7/25/23 19:59,1.69E+12,12258659,7/25/23,19:59:15,FO,516,193,448,0,-,0.569,-,0.84,-,-,-,-,-,-,193,448,0.569,-,-,-,-,20230725-BULL-016,20230725-BULL-016-A
7/25/23 19:59,1.69E+12,12268383,7/25/23,19:59:25,FO,517,164,325,0,-,0.495,-,0.84,-,-,-,-,-,-,164,325,0.495,-,-,-,-,20230725-BULL-016,20230725-BULL-016-A
7/25/23 19:59,1.69E+12,12277089,7/25/23,19:59:34,FO,518,198,433,0,-,0.543,-,0.84,-,-,-,-,-,-,198,433,0.543,-,-,-,-,20230725-BULL-016,20230725-BULL-016-A
7/25/23 19:59,1.69E+12,12284205,7/25/23,19:59:41,FO,519,6,6,0,-,-,-,0.84,-,-,-,-,-,-,6,6,-,-,-,-,-,NA,NA
7/25/23 19:59,1.69E+12,12287746,7/25/23,19:59:44,FO,520,5,5,0,-,-,-,0.84,-,-,-,-,-,-,5,5,-,-,-,-,-,NA,NA
7/25/23 20:00,1.69E+12,12326627,7/25/23,20:00:23,FO,521,191,548,0,-,0.651,-,0.84,-,-,-,-,-,-,191,548,0.651,-,-,-,-,20230725-BULL-016,20230725-BULL-016-B
7/25/23 20:00,1.69E+12,12342087,7/25/23,20:00:39,FO,522,189,519,0,-,0.636,-,0.84,-,-,-,-,-,-,189,519,0.636,-,-,-,-,20230725-BULL-016,20230725-BULL-016-B
7/25/23 20:00,1.69E+12,12353109,7/25/23,20:00:50,FO,523,165,453,0,-,0.636,-,0.84,-,-,-,-,-,-,165,453,0.636,-,-,-,-,20230725-BULL-016,20230725-BULL-016-B
7/25/23 20:01,1.69E+12,12365488,7/25/23,20:01:02,FO,524,147,244,0,-,0.398,-,0.84,-,-,-,-,-,-,147,244,0.398,-,-,-,-,20230725-BULL-016,20230725-BULL-016-B
7/25/23 20:01,1.69E+12,12383609,7/25/23,20:01:20,FO,525,222,599,0,-,0.629,-,0.84,-,-,-,-,-,-,222,599,0.629,-,-,-,-,20230725-BULL-016,20230725-BULL-016-B
7/25/23 20:01,1.69E+12,12399931,7/25/23,20:01:36,FO,526,155,423,0,-,0.634,-,0.84,-,-,-,-,-,-,155,423,0.634,-,-,-,-,20230725-BULL-016,20230725-BULL-016-B
7/25/23 20:01,1.69E+12,12410545,7/25/23,20:01:47,FO,527,163,299,0,-,0.455,-,0.84,-,-,-,-,-,-,163,299,0.455,-,-,-,-,20230725-BULL-016,20230725-BULL-016-B
7/25/23 20:02,1.69E+12,12426410,7/25/23,20:02:03,FO,528,132,215,0,-,0.386,-,0.84,-,-,-,-,-,-,132,215,0.386,-,-,-,-,20230725-BULL-016,20230725-BULL-016-B
7/25/23 20:02,1.69E+12,12436974,7/25/23,20:02:13,FO,529,104,143,0,-,0.273,-,0.84,-,-,-,-,-,-,104,143,0.273,-,-,-,-,20230725-BULL-016,20230725-BULL-016-B
7/25/23 20:02,1.69E+12,12449986,7/25/23,20:02:26,FO,530,134,197,0,-,0.32,-,0.84,-,-,-,-,-,-,134,197,0.32,-,-,-,-,20230725-BULL-016,20230725-BULL-016-B
7/25/23 20:02,1.69E+12,12455761,7/25/23,20:02:32,FO,531,5,5,0,-,-,-,0.84,-,-,-,-,-,-,5,5,-,-,-,-,-,NA,NA
7/25/23 20:02,1.69E+12,12459277,7/25/23,20:02:36,FO,532,4,6,0,-,-,-,0.84,-,-,-,-,-,-,4,6,-,-,-,-,-,NA,NA
7/25/23 20:03,1.69E+12,12515161,7/25/23,20:03:32,FO,533,173,500,0,-,0.654,-,0.84,-,-,-,-,-,-,173,500,0.654,-,-,-,-,20230725-BULL-016,20230725-BULL-016-C
7/25/23 20:03,1.69E+12,12525683,7/25/23,20:03:42,FO,534,158,465,0,-,0.66,-,0.84,-,-,-,-,-,-,158,465,0.66,-,-,-,-,20230725-BULL-016,20230725-BULL-016-C
7/25/23 20:03,1.69E+12,12536738,7/25/23,20:03:53,FO,535,170,497,0,-,0.658,-,0.84,-,-,-,-,-,-,170,497,0.658,-,-,-,-,20230725-BULL-016,20230725-BULL-016-C
7/25/23 20:04,1.69E+12,12546273,7/25/23,20:04:03,FO,536,184,526,0,-,0.65,-,0.84,-,-,-,-,-,-,184,526,0.65,-,-,-,-,20230725-BULL-016,20230725-BULL-016-C
7/25/23 20:04,1.69E+12,12555998,7/25/23,20:04:12,FO,537,237,514,0,-,0.539,-,0.84,-,-,-,-,-,-,237,514,0.539,-,-,-,-,20230725-BULL-016,20230725-BULL-016-C
7/25/23 20:04,1.69E+12,12567428,7/25/23,20:04:24,FO,538,111,114,0,-,0.026,-,0.84,-,-,-,-,-,-,111,114,0.026,-,-,-,-,20230725-BULL-016,20230725-BULL-016-C
7/25/23 20:04,1.69E+12,12578269,7/25/23,20:04:35,FO,539,99,107,0,-,0.075,-,0.84,-,-,-,-,-,-,99,107,0.075,-,-,-,-,20230725-BULL-016,20230725-BULL-016-C
7/25/23 20:04,1.69E+12,12589476,7/25/23,20:04:46,FO,540,105,106,0,-,0.009,-,0.84,-,-,-,-,-,-,105,106,0.009,-,-,-,-,20230725-BULL-016,20230725-BULL-016-C
7/25/23 20:04,1.69E+12,12596592,7/25/23,20:04:53,FO,541,97,111,0,-,0.126,-,0.84,-,-,-,-,-,-,97,111,0.126,-,-,-,-,20230725-BULL-016,20230725-BULL-016-C
7/25/23 20:04,1.69E+12,12602146,7/25/23,20:04:59,FO,542,5,6,0,-,-,-,0.84,-,-,-,-,-,-,5,6,-,-,-,-,-,NA,NA
7/25/23 20:05,1.69E+12,12606012,7/25/23,20:05:02,FO,543,6,6,0,-,-,-,0.84,-,-,-,-,-,-,6,6,-,-,-,-,-,NA,NA