Datetime,Time (abs/ms),Time (rel/ms),Date,Time,Type,No.,1:F,1:Fm',1:PAR,1:Y (II),1:ETR,1:Fo,1:Fm,1:Fv/Fm,specimen_ID,notes
6/30/21 15:56,1.63E+12,31024,6/30/21,15:56:35,FO,1,0,4,0,-,-,0,4,-,NA,
6/30/21 15:56,1.63E+12,47201,6/30/21,15:56:51,FO,2,248,680,0,0.635,0,248,680,0.635,20210630-MOHK-001,
6/30/21 15:57,1.63E+12,55831,6/30/21,15:57:00,FO,3,218,673,0,0.676,0,218,673,0.676,20210630-MOHK-001,
6/30/21 15:57,1.63E+12,72705,6/30/21,15:57:17,FO,4,215,704,0,0.695,0,215,704,0.695,20210630-MOHK-001,
6/30/21 15:57,1.63E+12,84748,6/30/21,15:57:29,FO,5,208,701,0,0.703,0,208,701,0.703,20210630-MOHK-001,
6/30/21 15:57,1.63E+12,95531,6/30/21,15:57:40,FO,6,176,602,0,0.708,0,176,602,0.708,20210630-MOHK-001,
6/30/21 15:57,1.63E+12,110586,6/30/21,15:57:55,FO,7,174,567,0,0.693,0,174,567,0.693,20210630-MOHK-001,
6/30/21 15:58,1.63E+12,119907,6/30/21,15:58:04,FO,8,191,547,0,0.651,0,191,547,0.651,20210630-MOHK-001,
6/30/21 15:58,1.63E+12,133140,6/30/21,15:58:17,FO,9,216,686,0,0.685,0,216,686,0.685,20210630-MOHK-001,
6/30/21 15:58,1.63E+12,145546,6/30/21,15:58:30,FO,10,198,676,0,0.707,0,198,676,0.707,20210630-MOHK-001,
6/30/21 15:58,1.63E+12,154542,6/30/21,15:58:39,FO,11,192,643,0,0.701,0,192,643,0.701,20210630-MOHK-001,
6/30/21 15:58,1.63E+12,164135,6/30/21,15:58:48,FO,12,2,8,0,-,-,2,8,-,NA,
6/30/21 15:58,1.63E+12,167960,6/30/21,15:58:52,FO,13,1,7,0,-,-,1,7,-,NA,
6/30/21 15:58,1.63E+12,171864,6/30/21,15:58:56,FO,14,2,10,0,-,-,2,10,-,NA,
6/30/21 16:01,1.63E+12,321766,6/30/21,16:01:26,FO,15,182,558,0,0.674,0,182,558,0.674,20210630-MOHK-002,
6/30/21 16:01,1.63E+12,331360,6/30/21,16:01:35,FO,16,169,572,0,0.705,0,169,572,0.705,20210630-MOHK-002,
6/30/21 16:01,1.63E+12,344828,6/30/21,16:01:49,FO,17,203,639,0,0.682,0,203,639,0.682,20210630-MOHK-002,
6/30/21 16:02,1.63E+12,355840,6/30/21,16:02:00,FO,18,181,606,0,0.701,0,181,606,0.701,20210630-MOHK-002,
6/30/21 16:02,1.63E+12,363796,6/30/21,16:02:08,FO,19,210,687,0,0.694,0,210,687,0.694,20210630-MOHK-002,
6/30/21 16:02,1.63E+12,373015,6/30/21,16:02:17,FO,20,184,533,0,0.655,0,184,533,0.655,20210630-MOHK-002,
6/30/21 16:02,1.63E+12,383289,6/30/21,16:02:27,FO,21,194,638,0,0.696,0,194,638,0.696,20210630-MOHK-002,
6/30/21 16:02,1.63E+12,393293,6/30/21,16:02:37,FO,22,201,636,0,0.684,0,201,636,0.684,20210630-MOHK-002,
6/30/21 16:02,1.63E+12,401819,6/30/21,16:02:46,FO,23,169,553,0,0.694,0,169,553,0.694,20210630-MOHK-002,
6/30/21 16:02,1.63E+12,409518,6/30/21,16:02:54,FO,24,167,546,0,0.694,0,167,546,0.694,20210630-MOHK-002,
6/30/21 16:04,1.63E+12,477475,6/30/21,16:04:02,FO,25,1,2,0,-,-,1,2,-,NA,
6/30/21 16:04,1.63E+12,481939,6/30/21,16:04:06,FO,26,1,5,0,-,-,1,5,-,NA,
6/30/21 16:04,1.63E+12,485615,6/30/21,16:04:10,FO,27,0,4,0,-,-,0,4,-,NA,
6/30/21 16:04,1.63E+12,496561,6/30/21,16:04:21,FO,28,222,654,0,0.661,0,222,654,0.661,20210630-MOHK-003,
6/30/21 16:04,1.63E+12,503871,6/30/21,16:04:28,FO,29,193,562,0,0.657,0,193,562,0.657,20210630-MOHK-003,
6/30/21 16:04,1.63E+12,512224,6/30/21,16:04:36,FO,30,161,619,0,0.74,0,161,619,0.74,20210630-MOHK-003,
6/30/21 16:04,1.63E+12,518529,6/30/21,16:04:43,FO,31,151,590,0,0.744,0,151,590,0.744,20210630-MOHK-003,
6/30/21 16:04,1.63E+12,527718,6/30/21,16:04:52,FO,32,169,562,0,0.699,0,169,562,0.699,20210630-MOHK-003,
6/30/21 16:05,1.63E+12,539288,6/30/21,16:05:03,FO,33,179,581,0,0.692,0,179,581,0.692,20210630-MOHK-003,
6/30/21 16:05,1.63E+12,549698,6/30/21,16:05:14,FO,34,221,737,0,0.7,0,221,737,0.7,20210630-MOHK-003,
6/30/21 16:05,1.63E+12,556903,6/30/21,16:05:21,FO,35,129,600,0,0.785,0,129,600,0.785,20210630-MOHK-003,
6/30/21 16:05,1.63E+12,564068,6/30/21,16:05:28,FO,36,185,596,0,0.69,0,185,596,0.69,20210630-MOHK-003,
6/30/21 16:05,1.63E+12,575391,6/30/21,16:05:40,FO,37,185,632,0,0.707,0,185,632,0.707,20210630-MOHK-003,
6/30/21 16:06,1.63E+12,654776,6/30/21,16:06:59,FO,38,0,5,0,-,-,0,5,-,NA,
6/30/21 16:07,1.63E+12,660525,6/30/21,16:07:05,FO,39,2,4,0,-,-,2,4,-,NA,
6/30/21 16:07,1.63E+12,666031,6/30/21,16:07:10,FO,40,0,3,0,-,-,0,3,-,NA,
6/30/21 16:07,1.63E+12,675512,6/30/21,16:07:20,FO,41,242,712,0,0.66,0,242,712,0.66,20210630-MOHK-004,
6/30/21 16:07,1.63E+12,683355,6/30/21,16:07:27,FO,42,206,618,0,0.667,0,206,618,0.667,20210630-MOHK-004,
6/30/21 16:07,1.63E+12,692477,6/30/21,16:07:37,FO,43,215,662,0,0.675,0,215,662,0.675,20210630-MOHK-004,
6/30/21 16:07,1.63E+12,700484,6/30/21,16:07:45,FO,44,220,695,0,0.683,0,220,695,0.683,20210630-MOHK-004,
6/30/21 16:07,1.63E+12,709823,6/30/21,16:07:54,FO,45,192,655,0,0.707,0,192,655,0.707,20210630-MOHK-004,
6/30/21 16:08,1.63E+12,719920,6/30/21,16:08:04,FO,46,185,568,0,0.674,0,185,568,0.674,20210630-MOHK-004,
6/30/21 16:08,1.63E+12,730253,6/30/21,16:08:14,FO,47,212,677,0,0.687,0,212,677,0.687,20210630-MOHK-004,
6/30/21 16:08,1.63E+12,738814,6/30/21,16:08:23,FO,48,176,570,0,0.691,0,176,570,0.691,20210630-MOHK-004,
6/30/21 16:08,1.63E+12,745778,6/30/21,16:08:30,FO,49,195,656,0,0.703,0,195,656,0.703,20210630-MOHK-004,
6/30/21 16:08,1.63E+12,770224,6/30/21,16:08:54,FO,50,200,640,0,0.688,0,200,640,0.688,20210630-MOHK-004,
6/30/21 16:10,1.63E+12,878125,6/30/21,16:10:42,FO,51,0,3,0,-,-,0,3,-,NA,
6/30/21 16:10,1.63E+12,881912,6/30/21,16:10:46,FO,52,1,4,0,-,-,1,4,-,NA,
6/30/21 16:10,1.63E+12,891862,6/30/21,16:10:56,FO,53,205,637,0,0.678,0,205,637,0.678,20210630-MOHK-005,
6/30/21 16:11,1.63E+12,900254,6/30/21,16:11:04,FO,54,204,645,0,0.684,0,204,645,0.684,20210630-MOHK-005,
6/30/21 16:11,1.63E+12,907789,6/30/21,16:11:12,FO,55,170,591,0,0.712,0,170,591,0.712,20210630-MOHK-005,
6/30/21 16:11,1.63E+12,920206,6/30/21,16:11:24,FO,56,163,582,0,0.72,0,163,582,0.72,20210630-MOHK-005,
6/30/21 16:11,1.63E+12,931150,6/30/21,16:11:35,FO,57,201,702,0,0.714,0,201,702,0.714,20210630-MOHK-005,
6/30/21 16:11,1.63E+12,950449,6/30/21,16:11:55,FO,58,214,715,0,0.701,0,214,715,0.701,20210630-MOHK-005,
6/30/21 16:12,1.63E+12,958607,6/30/21,16:12:03,FO,59,220,738,0,0.702,0,220,738,0.702,20210630-MOHK-005,
6/30/21 16:12,1.63E+12,967965,6/30/21,16:12:12,FO,60,164,569,0,0.712,0,164,569,0.712,20210630-MOHK-005,
6/30/21 16:12,1.63E+12,976479,6/30/21,16:12:21,FO,61,191,675,0,0.717,0,191,675,0.717,20210630-MOHK-005,
6/30/21 16:12,1.63E+12,987029,6/30/21,16:12:31,FO,62,172,609,0,0.718,0,172,609,0.718,20210630-MOHK-005,
6/30/21 16:15,1.63E+12,1135249,6/30/21,16:14:59,FO,63,1,3,0,-,-,1,3,-,NA,
6/30/21 16:15,1.63E+12,1139606,6/30/21,16:15:04,FO,64,4,4,0,-,-,4,4,-,NA,
6/30/21 16:15,1.63E+12,1146184,6/30/21,16:15:10,FO,65,191,530,0,0.64,0,191,530,0.64,20210630-MOHK-006,
6/30/21 16:15,1.63E+12,1153440,6/30/21,16:15:18,FO,66,207,608,0,0.66,0,207,608,0.66,20210630-MOHK-006,
6/30/21 16:15,1.63E+12,1160666,6/30/21,16:15:25,FO,67,148,643,0,0.77,0,148,643,0.77,20210630-MOHK-006,
6/30/21 16:15,1.63E+12,1170983,6/30/21,16:15:35,FO,68,198,663,0,0.701,0,198,663,0.701,20210630-MOHK-006,
6/30/21 16:15,1.63E+12,1179624,6/30/21,16:15:44,FO,69,167,573,0,0.709,0,167,573,0.709,20210630-MOHK-006,
6/30/21 16:15,1.63E+12,1191143,6/30/21,16:15:55,FO,70,187,579,0,0.677,0,187,579,0.677,20210630-MOHK-006,
6/30/21 16:16,1.63E+12,1201346,6/30/21,16:16:05,FO,71,157,526,0,0.702,0,157,526,0.702,20210630-MOHK-006,
6/30/21 16:16,1.63E+12,1211286,6/30/21,16:16:15,FO,72,194,668,0,0.71,0,194,668,0.71,20210630-MOHK-006,
6/30/21 16:16,1.63E+12,1218708,6/30/21,16:16:23,FO,73,169,565,0,0.701,0,169,565,0.701,20210630-MOHK-006,
6/30/21 16:16,1.63E+12,1225703,6/30/21,16:16:30,FO,74,169,580,0,0.709,0,169,580,0.709,20210630-MOHK-006,
6/30/21 16:17,1.63E+12,1306343,6/30/21,16:17:50,FO,75,0,3,0,-,-,0,3,-,NA,
6/30/21 16:17,1.63E+12,1310318,6/30/21,16:17:54,FO,76,1,2,0,-,-,1,2,-,NA,
6/30/21 16:18,1.63E+12,1318803,6/30/21,16:18:03,FO,77,202,580,0,0.652,0,202,580,0.652,20210630-MOHK-007,
6/30/21 16:18,1.63E+12,1326065,6/30/21,16:18:10,FO,78,171,534,0,0.68,0,171,534,0.68,20210630-MOHK-007,
6/30/21 16:18,1.63E+12,1339070,6/30/21,16:18:23,FO,79,170,508,0,0.665,0,170,508,0.665,20210630-MOHK-007,
6/30/21 16:18,1.63E+12,1346123,6/30/21,16:18:30,FO,80,174,610,0,0.715,0,174,610,0.715,20210630-MOHK-007,
6/30/21 16:18,1.63E+12,1355039,6/30/21,16:18:39,FO,81,155,523,0,0.704,0,155,523,0.704,20210630-MOHK-007,
6/30/21 16:18,1.63E+12,1367653,6/30/21,16:18:52,FO,82,165,437,0,0.622,0,165,437,0.622,20210630-MOHK-007,
6/30/21 16:19,1.63E+12,1379266,6/30/21,16:19:03,FO,83,160,489,0,0.673,0,160,489,0.673,20210630-MOHK-007,
6/30/21 16:19,1.63E+12,1388836,6/30/21,16:19:13,FO,84,158,534,0,0.704,0,158,534,0.704,20210630-MOHK-007,
6/30/21 16:19,1.63E+12,1398343,6/30/21,16:19:22,FO,85,183,600,0,0.695,0,183,600,0.695,20210630-MOHK-007,
6/30/21 16:19,1.63E+12,1408409,6/30/21,16:19:33,FO,86,163,524,0,0.689,0,163,524,0.689,20210630-MOHK-007,
6/30/21 16:19,1.63E+12,1418843,6/30/21,16:19:43,FO,87,207,647,0,0.68,0,207,647,0.68,20210630-MOHK-007,small thallus
6/30/21 16:19,1.63E+12,1426523,6/30/21,16:19:51,FO,88,208,650,0,0.68,0,208,650,0.68,20210630-MOHK-007,small thallus
6/30/21 16:21,1.63E+12,1529448,6/30/21,16:21:34,FO,89,1,2,0,-,-,1,2,-,NA,
6/30/21 16:21,1.63E+12,1533373,6/30/21,16:21:37,FO,90,0,4,0,-,-,0,4,-,NA,
6/30/21 16:23,1.63E+12,1623352,6/30/21,16:23:07,FO,91,142,455,0,0.688,0,142,455,0.688,20210630-MOHK-008,
6/30/21 16:23,1.63E+12,1637298,6/30/21,16:23:21,FO,92,158,525,0,0.699,0,158,525,0.699,20210630-MOHK-008,
6/30/21 16:23,1.63E+12,1648692,6/30/21,16:23:33,FO,93,161,564,0,0.715,0,161,564,0.715,20210630-MOHK-008,
6/30/21 16:23,1.63E+12,1660900,6/30/21,16:23:45,FO,94,138,499,0,0.723,0,138,499,0.723,20210630-MOHK-008,
6/30/21 16:23,1.63E+12,1672771,6/30/21,16:23:57,FO,95,156,553,0,0.718,0,156,553,0.718,20210630-MOHK-008,
6/30/21 16:24,1.63E+12,1685283,6/30/21,16:24:09,FO,96,135,476,0,0.716,0,135,476,0.716,20210630-MOHK-008,
6/30/21 16:24,1.63E+12,1695207,6/30/21,16:24:19,FO,97,126,431,0,0.708,0,126,431,0.708,20210630-MOHK-008,
6/30/21 16:24,1.63E+12,1704323,6/30/21,16:24:28,FO,98,134,470,0,0.715,0,134,470,0.715,20210630-MOHK-008,
6/30/21 16:24,1.63E+12,1714998,6/30/21,16:24:39,FO,99,150,535,0,0.72,0,150,535,0.72,20210630-MOHK-008,
6/30/21 16:24,1.63E+12,1723290,6/30/21,16:24:47,FO,100,151,541,0,0.721,0,151,541,0.721,20210630-MOHK-008,
6/30/21 16:24,1.63E+12,1731778,6/30/21,16:24:56,FO,101,1,1,0,-,-,1,1,-,NA,
6/30/21 16:25,1.63E+12,1736662,6/30/21,16:25:01,FO,102,1,1,0,-,-,1,1,-,NA,
6/30/21 16:26,1.63E+12,1847777,6/30/21,16:26:52,FO,103,149,402,0,0.629,0,149,402,0.629,20210630-MOHK-009,
6/30/21 16:27,1.63E+12,1858658,6/30/21,16:27:03,FO,104,137,417,0,0.671,0,137,417,0.671,20210630-MOHK-009,
6/30/21 16:27,1.63E+12,1868016,6/30/21,16:27:12,FO,105,155,488,0,0.682,0,155,488,0.682,20210630-MOHK-009,
6/30/21 16:27,1.63E+12,1876754,6/30/21,16:27:21,FO,106,170,550,0,0.691,0,170,550,0.691,20210630-MOHK-009,
6/30/21 16:27,1.63E+12,1885457,6/30/21,16:27:30,FO,107,132,455,0,0.71,0,132,455,0.71,20210630-MOHK-009,
6/30/21 16:27,1.63E+12,1894562,6/30/21,16:27:39,FO,108,151,434,0,0.652,0,151,434,0.652,20210630-MOHK-009,
6/30/21 16:27,1.63E+12,1903438,6/30/21,16:27:48,FO,109,141,442,0,0.681,0,141,442,0.681,20210630-MOHK-009,
6/30/21 16:28,1.63E+12,1916777,6/30/21,16:28:01,FO,110,126,423,0,0.702,0,126,423,0.702,20210630-MOHK-009,
6/30/21 16:28,1.63E+12,1928135,6/30/21,16:28:12,FO,111,119,434,0,0.726,0,119,434,0.726,20210630-MOHK-009,
6/30/21 16:28,1.63E+12,1942680,6/30/21,16:28:27,FO,112,123,423,0,0.709,0,123,423,0.709,20210630-MOHK-009,
6/30/21 16:30,1.63E+12,2035265,6/30/21,16:29:59,FO,113,4,4,0,-,-,4,4,-,NA,
6/30/21 16:30,1.63E+12,2041953,6/30/21,16:30:06,FO,114,2,3,0,-,-,2,3,-,NA,
6/30/21 16:30,1.63E+12,2066777,6/30/21,16:30:31,FO,115,130,400,0,0.675,0,130,400,0.675,20210630-MOHK-010,
6/30/21 16:30,1.63E+12,2076589,6/30/21,16:30:41,FO,116,152,469,0,0.676,0,152,469,0.676,20210630-MOHK-010,
6/30/21 16:30,1.63E+12,2085556,6/30/21,16:30:50,FO,117,129,415,0,0.689,0,129,415,0.689,20210630-MOHK-010,
6/30/21 16:31,1.63E+12,2094944,6/30/21,16:30:59,FO,118,164,484,0,0.661,0,164,484,0.661,20210630-MOHK-010,
6/30/21 16:31,1.63E+12,2103857,6/30/21,16:31:08,FO,119,123,421,0,0.708,0,123,421,0.708,20210630-MOHK-010,
6/30/21 16:31,1.63E+12,2114171,6/30/21,16:31:18,FO,120,161,463,0,0.652,0,161,463,0.652,20210630-MOHK-010,
6/30/21 16:31,1.63E+12,2124326,6/30/21,16:31:28,FO,121,161,481,0,0.665,0,161,481,0.665,20210630-MOHK-010,
6/30/21 16:31,1.63E+12,2135482,6/30/21,16:31:40,FO,122,154,504,0,0.694,0,154,504,0.694,20210630-MOHK-010,
6/30/21 16:31,1.63E+12,2144807,6/30/21,16:31:49,FO,123,138,446,0,0.691,0,138,446,0.691,20210630-MOHK-010,
6/30/21 16:32,1.63E+12,2155362,6/30/21,16:31:59,FO,124,116,385,0,0.699,0,116,385,0.699,20210630-MOHK-010,
6/30/21 16:32,1.63E+12,2163333,6/30/21,16:32:07,FO,125,3,4,0,-,-,3,4,-,NA,
6/30/21 16:32,1.63E+12,2167547,6/30/21,16:32:12,FO,126,2,2,0,-,-,2,2,-,NA,
6/30/21 16:34,1.63E+12,2279092,6/30/21,16:34:03,FO,127,125,385,0,0.675,0,125,385,0.675,20210630-MOHK-011,
6/30/21 16:34,1.63E+12,2289261,6/30/21,16:34:13,FO,128,126,396,0,0.682,0,126,396,0.682,20210630-MOHK-011,
6/30/21 16:34,1.63E+12,2299786,6/30/21,16:34:24,FO,129,131,429,0,0.695,0,131,429,0.695,20210630-MOHK-011,
6/30/21 16:34,1.63E+12,2310608,6/30/21,16:34:35,FO,130,116,395,0,0.706,0,116,395,0.706,20210630-MOHK-011,
6/30/21 16:34,1.63E+12,2322368,6/30/21,16:34:46,FO,131,111,374,0,0.703,0,111,374,0.703,20210630-MOHK-011,
6/30/21 16:35,1.63E+12,2335146,6/30/21,16:34:59,FO,132,132,392,0,0.663,0,132,392,0.663,20210630-MOHK-011,
6/30/21 16:35,1.63E+12,2344578,6/30/21,16:35:09,FO,133,119,382,0,0.688,0,119,382,0.688,20210630-MOHK-011,
6/30/21 16:35,1.63E+12,2354983,6/30/21,16:35:19,FO,134,114,364,0,0.687,0,114,364,0.687,20210630-MOHK-011,
6/30/21 16:35,1.63E+12,2364959,6/30/21,16:35:29,FO,135,114,384,0,0.703,0,114,384,0.703,20210630-MOHK-011,
6/30/21 16:35,1.63E+12,2383643,6/30/21,16:35:48,FO,136,129,397,0,0.675,0,129,397,0.675,20210630-MOHK-011,
6/30/21 16:37,1.63E+12,2507694,6/30/21,16:37:52,FO,137,3,3,0,-,-,3,3,-,NA,
6/30/21 16:37,1.63E+12,2511440,6/30/21,16:37:56,FO,138,3,3,0,-,-,3,3,-,NA,
6/30/21 16:38,1.63E+12,2521112,6/30/21,16:38:05,FO,139,133,441,0,0.698,0,133,441,0.698,20210630-MOHK-012,
6/30/21 16:38,1.63E+12,2528985,6/30/21,16:38:13,FO,140,152,431,0,0.647,0,152,431,0.647,20210630-MOHK-012,
6/30/21 16:38,1.63E+12,2538073,6/30/21,16:38:22,FO,141,142,451,0,0.685,0,142,451,0.685,20210630-MOHK-012,
6/30/21 16:38,1.63E+12,2549693,6/30/21,16:38:34,FO,142,130,334,0,0.611,0,130,334,0.611,20210630-MOHK-012,
6/30/21 16:38,1.63E+12,2560897,6/30/21,16:38:45,FO,143,155,261,0,0.406,0,155,261,0.406,20210630-MOHK-012,
6/30/21 16:38,1.63E+12,2573160,6/30/21,16:38:57,FO,144,129,336,0,0.616,0,129,336,0.616,20210630-MOHK-012,
6/30/21 16:39,1.63E+12,2585250,6/30/21,16:39:09,FO,145,125,405,0,0.691,0,125,405,0.691,20210630-MOHK-012,
6/30/21 16:39,1.63E+12,2595634,6/30/21,16:39:20,FO,146,73,205,0,0.644,0,73,205,0.644,20210630-MOHK-012,
6/30/21 16:39,1.63E+12,2606695,6/30/21,16:39:31,FO,147,141,312,0,0.548,0,141,312,0.548,20210630-MOHK-012,
6/30/21 16:39,1.63E+12,2616139,6/30/21,16:39:40,FO,148,117,200,0,0.415,0,117,200,0.415,20210630-MOHK-012,
6/30/21 16:39,1.63E+12,2624702,6/30/21,16:39:49,FO,149,3,3,0,-,-,3,3,-,NA,
6/30/21 16:39,1.63E+12,2628785,6/30/21,16:39:53,FO,150,1,4,0,-,-,1,4,-,NA,
6/30/21 16:41,1.63E+12,2741172,6/30/21,16:41:45,FO,151,159,486,0,0.673,0,159,486,0.673,20210630-MOHK-013,
6/30/21 16:41,1.63E+12,2753583,6/30/21,16:41:58,FO,152,185,487,0,0.62,0,185,487,0.62,20210630-MOHK-013,
6/30/21 16:42,1.63E+12,2766270,6/30/21,16:42:10,FO,153,110,378,0,0.709,0,110,378,0.709,20210630-MOHK-013,
6/30/21 16:42,1.63E+12,2779081,6/30/21,16:42:23,FO,154,140,384,0,0.635,0,140,384,0.635,20210630-MOHK-013,
6/30/21 16:42,1.63E+12,2789977,6/30/21,16:42:34,FO,155,154,362,0,0.575,0,154,362,0.575,20210630-MOHK-013,
6/30/21 16:42,1.63E+12,2800865,6/30/21,16:42:45,FO,156,123,381,0,0.677,0,123,381,0.677,20210630-MOHK-013,
6/30/21 16:42,1.63E+12,2812188,6/30/21,16:42:56,FO,157,136,413,0,0.671,0,136,413,0.671,20210630-MOHK-013,
6/30/21 16:43,1.63E+12,2821651,6/30/21,16:43:06,FO,158,128,416,0,0.692,0,128,416,0.692,20210630-MOHK-013,
6/30/21 16:43,1.63E+12,2832025,6/30/21,16:43:16,FO,159,142,347,0,0.591,0,142,347,0.591,20210630-MOHK-013,
6/30/21 16:43,1.63E+12,2841346,6/30/21,16:43:25,FO,160,115,344,0,0.666,0,115,344,0.666,20210630-MOHK-013,
6/30/21 16:45,1.63E+12,2989864,6/30/21,16:45:54,FO,161,0,3,0,-,-,0,3,-,NA,
6/30/21 16:45,1.63E+12,2993982,6/30/21,16:45:58,FO,162,0,1,0,-,-,0,1,-,NA,
6/30/21 16:46,1.63E+12,3026753,6/30/21,16:46:31,FO,163,94,339,0,0.723,0,94,339,0.723,20210630-MOHK-014,
6/30/21 16:46,1.63E+12,3038624,6/30/21,16:46:43,FO,164,134,392,0,0.658,0,134,392,0.658,20210630-MOHK-014,
6/30/21 16:46,1.63E+12,3048325,6/30/21,16:46:52,FO,165,83,307,0,0.73,0,83,307,0.73,20210630-MOHK-014,
6/30/21 16:47,1.63E+12,3059318,6/30/21,16:47:03,FO,166,90,349,0,0.742,0,90,349,0.742,20210630-MOHK-014,
6/30/21 16:47,1.63E+12,3069265,6/30/21,16:47:13,FO,167,72,213,0,0.662,0,72,213,0.662,20210630-MOHK-014,
6/30/21 16:47,1.63E+12,3079836,6/30/21,16:47:24,FO,168,127,360,0,0.647,0,127,360,0.647,20210630-MOHK-014,
6/30/21 16:47,1.63E+12,3089336,6/30/21,16:47:33,FO,169,134,402,0,0.667,0,134,402,0.667,20210630-MOHK-014,
6/30/21 16:47,1.63E+12,3098107,6/30/21,16:47:42,FO,170,81,292,0,0.723,0,81,292,0.723,20210630-MOHK-014,
6/30/21 16:47,1.63E+12,3107749,6/30/21,16:47:52,FO,171,109,298,0,0.634,0,109,298,0.634,20210630-MOHK-014,
6/30/21 16:48,1.63E+12,3115423,6/30/21,16:48:00,FO,172,120,324,0,0.63,0,120,324,0.63,20210630-MOHK-014,
6/30/21 16:48,1.63E+12,3123387,6/30/21,16:48:08,FO,173,118,326,0,0.638,0,118,326,0.638,20210630-MOHK-014,
6/30/21 16:48,1.63E+12,3133877,6/30/21,16:48:18,FO,174,100,271,0,0.631,0,100,271,0.631,20210630-MOHK-014,
6/30/21 16:50,1.63E+12,3235963,6/30/21,16:50:00,FO,175,2,2,0,-,-,2,2,-,NA,
6/30/21 16:50,1.63E+12,3240433,6/30/21,16:50:05,FO,176,1,1,0,-,-,1,1,-,NA,
6/30/21 16:50,1.63E+12,3276357,6/30/21,16:50:40,FO,177,96,298,0,0.678,0,96,298,0.678,20210630-MOHK-015,
6/30/21 16:50,1.63E+12,3285106,6/30/21,16:50:49,FO,178,130,363,0,0.642,0,130,363,0.642,20210630-MOHK-015,
6/30/21 16:50,1.63E+12,3294716,6/30/21,16:50:59,FO,179,106,346,0,0.694,0,106,346,0.694,20210630-MOHK-015,
6/30/21 16:51,1.63E+12,3305613,6/30/21,16:51:10,FO,180,120,301,0,0.601,0,120,301,0.601,20210630-MOHK-015,
6/30/21 16:51,1.63E+12,3314636,6/30/21,16:51:19,FO,181,123,318,0,0.613,0,123,318,0.613,20210630-MOHK-015,
6/30/21 16:51,1.63E+12,3323909,6/30/21,16:51:28,FO,182,106,277,0,0.617,0,106,277,0.617,20210630-MOHK-015,
6/30/21 16:51,1.63E+12,3334098,6/30/21,16:51:38,FO,183,116,279,0,0.584,0,116,279,0.584,20210630-MOHK-015,
6/30/21 16:51,1.63E+12,3342773,6/30/21,16:51:47,FO,184,123,315,0,0.61,0,123,315,0.61,20210630-MOHK-015,
6/30/21 16:51,1.63E+12,3351731,6/30/21,16:51:56,FO,185,112,319,0,0.649,0,112,319,0.649,20210630-MOHK-015,
6/30/21 16:52,1.63E+12,3361442,6/30/21,16:52:06,FO,186,103,233,0,0.558,0,103,233,0.558,20210630-MOHK-015,
6/30/21 16:52,1.63E+12,3370733,6/30/21,16:52:15,FO,187,152,358,0,0.575,0,152,358,0.575,20210630-MOHK-015,
6/30/21 16:52,1.63E+12,3380147,6/30/21,16:52:24,FO,188,141,406,0,0.653,0,141,406,0.653,20210630-MOHK-015,
6/30/21 16:54,1.63E+12,3501451,6/30/21,16:54:26,FO,189,1,2,0,-,-,1,2,-,NA,
6/30/21 16:54,1.63E+12,3506115,6/30/21,16:54:30,FO,190,0,3,0,-,-,0,3,-,NA,
6/30/21 16:54,1.63E+12,3512885,6/30/21,16:54:37,FO,191,130,394,0,0.67,0,130,394,0.67,20210630-MOHK-016,
6/30/21 16:54,1.63E+12,3521553,6/30/21,16:54:46,FO,192,133,372,0,0.642,0,133,372,0.642,20210630-MOHK-016,
6/30/21 16:54,1.63E+12,3530345,6/30/21,16:54:54,FO,193,121,356,0,0.66,0,121,356,0.66,20210630-MOHK-016,
6/30/21 16:55,1.63E+12,3537883,6/30/21,16:55:02,FO,194,115,374,0,0.693,0,115,374,0.693,20210630-MOHK-016,
6/30/21 16:55,1.63E+12,3547540,6/30/21,16:55:12,FO,195,100,369,0,0.729,0,100,369,0.729,20210630-MOHK-016,
6/30/21 16:55,1.63E+12,3557184,6/30/21,16:55:21,FO,196,103,302,0,0.659,0,103,302,0.659,20210630-MOHK-016,
6/30/21 16:55,1.63E+12,3564067,6/30/21,16:55:28,FO,197,113,295,0,0.617,0,113,295,0.617,20210630-MOHK-016,
6/30/21 16:55,1.63E+12,3573813,6/30/21,16:55:38,FO,198,115,308,0,0.627,0,115,308,0.627,20210630-MOHK-016,
6/30/21 16:55,1.63E+12,3587371,6/30/21,16:55:51,FO,199,87,297,0,0.707,0,87,297,0.707,20210630-MOHK-016,
6/30/21 16:56,1.63E+12,3595945,6/30/21,16:56:00,FO,200,149,346,0,0.569,0,149,346,0.569,20210630-MOHK-016,
6/30/21 16:56,1.63E+12,3606957,6/30/21,16:56:11,FO,201,104,349,0,0.702,0,104,349,0.702,20210630-MOHK-016,
6/30/21 16:56,1.63E+12,3616878,6/30/21,16:56:21,FO,202,125,355,0,0.648,0,125,355,0.648,20210630-MOHK-016,replicate
6/30/21 16:56,1.63E+12,3626365,6/30/21,16:56:30,FO,203,136,321,0,0.576,0,136,321,0.576,20210630-MOHK-016,replicate
6/30/21 16:56,1.63E+12,3633987,6/30/21,16:56:38,FO,204,128,278,0,0.54,0,128,278,0.54,20210630-MOHK-016,replicate
6/30/21 16:57,1.63E+12,3711036,6/30/21,16:57:55,FO,205,0,2,0,-,-,0,2,-,NA,
6/30/21 16:58,1.63E+12,3715140,6/30/21,16:57:59,FO,206,0,3,0,-,-,0,3,-,NA,
6/30/21 16:58,1.63E+12,3764971,6/30/21,16:58:49,FO,207,110,355,0,0.69,0,110,355,0.69,20210630-MOHK-017,
6/30/21 16:58,1.63E+12,3773913,6/30/21,16:58:58,FO,208,104,344,0,0.698,0,104,344,0.698,20210630-MOHK-017,
6/30/21 16:59,1.63E+12,3782563,6/30/21,16:59:07,FO,209,129,338,0,0.618,0,129,338,0.618,20210630-MOHK-017,
6/30/21 16:59,1.63E+12,3791314,6/30/21,16:59:15,FO,210,123,347,0,0.646,0,123,347,0.646,20210630-MOHK-017,
6/30/21 16:59,1.63E+12,3802053,6/30/21,16:59:26,FO,211,127,365,0,0.652,0,127,365,0.652,20210630-MOHK-017,
6/30/21 16:59,1.63E+12,3813344,6/30/21,16:59:37,FO,212,127,358,0,0.645,0,127,358,0.645,20210630-MOHK-017,
6/30/21 16:59,1.63E+12,3824604,6/30/21,16:59:49,FO,213,124,384,0,0.677,0,124,384,0.677,20210630-MOHK-017,
6/30/21 17:00,1.63E+12,3837997,6/30/21,17:00:02,FO,214,118,335,0,0.648,0,118,335,0.648,20210630-MOHK-017,
6/30/21 17:00,1.63E+12,3846826,6/30/21,17:00:11,FO,215,127,359,0,0.646,0,127,359,0.646,20210630-MOHK-017,
6/30/21 17:00,1.63E+12,3855575,6/30/21,17:00:20,FO,216,116,303,0,0.617,0,116,303,0.617,20210630-MOHK-017,
6/30/21 17:00,1.63E+12,3864446,6/30/21,17:00:29,FO,217,103,328,0,0.686,0,103,328,0.686,20210630-MOHK-017,
6/30/21 17:00,1.63E+12,3873789,6/30/21,17:00:38,FO,218,109,352,0,0.69,0,109,352,0.69,20210630-MOHK-017,
6/30/21 17:00,1.63E+12,3880183,6/30/21,17:00:44,FO,219,1,1,0,-,-,1,1,-,NA,
6/30/21 17:00,1.63E+12,3884324,6/30/21,17:00:48,FO,220,0,0,0,-,-,0,0,-,NA,
6/30/21 17:03,1.63E+12,4020493,6/30/21,17:03:05,FO,221,97,364,0,0.734,0,97,364,0.734,20210630-MOHK-018,
6/30/21 17:03,1.63E+12,4028390,6/30/21,17:03:13,FO,222,99,348,0,0.716,0,99,348,0.716,20210630-MOHK-018,
6/30/21 17:03,1.63E+12,4035976,6/30/21,17:03:20,FO,223,93,306,0,0.696,0,93,306,0.696,20210630-MOHK-018,
6/30/21 17:03,1.63E+12,4043660,6/30/21,17:03:28,FO,224,106,300,0,0.647,0,106,300,0.647,20210630-MOHK-018,
6/30/21 17:03,1.63E+12,4050988,6/30/21,17:03:35,FO,225,116,313,0,0.629,0,116,313,0.629,20210630-MOHK-018,
6/30/21 17:03,1.63E+12,4058362,6/30/21,17:03:42,FO,226,90,313,0,0.712,0,90,313,0.712,20210630-MOHK-018,
6/30/21 17:03,1.63E+12,4066534,6/30/21,17:03:51,FO,227,118,294,0,0.599,0,118,294,0.599,20210630-MOHK-018,
6/30/21 17:03,1.63E+12,4074735,6/30/21,17:03:59,FO,228,112,348,0,0.678,0,112,348,0.678,20210630-MOHK-018,
6/30/21 17:04,1.63E+12,4083267,6/30/21,17:04:07,FO,229,123,329,0,0.626,0,123,329,0.626,20210630-MOHK-018,
6/30/21 17:04,1.63E+12,4091782,6/30/21,17:04:16,FO,230,88,306,0,0.712,0,88,306,0.712,20210630-MOHK-018,
6/30/21 17:04,1.63E+12,4107625,6/30/21,17:04:32,FO,231,0,1,0,-,-,0,1,-,NA,
6/30/21 17:04,1.63E+12,4111790,6/30/21,17:04:36,FO,232,0,2,0,-,-,0,2,-,NA,
6/30/21 17:07,1.63E+12,4275272,6/30/21,17:07:19,FO,233,118,331,0,0.644,0,118,331,0.644,20210630-MOHK-019,
6/30/21 17:07,1.63E+12,4283930,6/30/21,17:07:28,FO,234,102,301,0,0.661,0,102,301,0.661,20210630-MOHK-019,
6/30/21 17:07,1.63E+12,4295134,6/30/21,17:07:39,FO,235,117,365,0,0.679,0,117,365,0.679,20210630-MOHK-019,
6/30/21 17:07,1.63E+12,4305520,6/30/21,17:07:50,FO,236,68,225,0,0.698,0,68,225,0.698,20210630-MOHK-019,
6/30/21 17:08,1.63E+12,4316436,6/30/21,17:08:01,FO,237,74,194,0,0.619,0,74,194,0.619,20210630-MOHK-019,
6/30/21 17:08,1.63E+12,4324953,6/30/21,17:08:09,FO,238,104,302,0,0.656,0,104,302,0.656,20210630-MOHK-019,
6/30/21 17:08,1.63E+12,4332322,6/30/21,17:08:16,FO,239,97,277,0,0.65,0,97,277,0.65,20210630-MOHK-019,
6/30/21 17:08,1.63E+12,4339470,6/30/21,17:08:24,FO,240,84,282,0,0.702,0,84,282,0.702,20210630-MOHK-019,
6/30/21 17:08,1.63E+12,4348114,6/30/21,17:08:32,FO,241,91,115,0,0.209,0,91,115,0.209,20210630-MOHK-019,
6/30/21 17:08,1.63E+12,4356536,6/30/21,17:08:41,FO,242,105,264,0,0.602,0,105,264,0.602,20210630-MOHK-019,
6/30/21 17:08,1.63E+12,4365552,6/30/21,17:08:50,FO,243,102,241,0,0.577,0,102,241,0.577,20210630-MOHK-019,
6/30/21 17:08,1.63E+12,4374126,6/30/21,17:08:58,FO,244,76,146,0,0.479,0,76,146,0.479,20210630-MOHK-019,
6/30/21 17:12,1.63E+12,4557008,6/30/21,17:12:01,FO,245,103,299,0,0.656,0,103,299,0.656,20210630-MOHK-019,
6/30/21 17:12,1.63E+12,4563582,6/30/21,17:12:08,FO,246,2,3,0,-,-,2,3,-,NA,
6/30/21 17:12,1.63E+12,4567776,6/30/21,17:12:12,FO,247,0,4,0,-,-,0,4,-,NA,
6/30/21 17:12,1.63E+12,4575179,6/30/21,17:12:19,FO,248,107,263,0,0.593,0,107,263,0.593,20210630-MOHK-020,
6/30/21 17:12,1.63E+12,4583483,6/30/21,17:12:28,FO,249,115,298,0,0.614,0,115,298,0.614,20210630-MOHK-020,
6/30/21 17:12,1.63E+12,4591014,6/30/21,17:12:35,FO,250,102,300,0,0.66,0,102,300,0.66,20210630-MOHK-020,
6/30/21 17:12,1.63E+12,4598604,6/30/21,17:12:43,FO,251,88,176,0,0.5,0,88,176,0.5,20210630-MOHK-020,
6/30/21 17:12,1.63E+12,4605865,6/30/21,17:12:50,FO,252,80,319,0,0.749,0,80,319,0.749,20210630-MOHK-020,
6/30/21 17:13,1.63E+12,4615297,6/30/21,17:12:59,FO,253,88,290,0,0.697,0,88,290,0.697,20210630-MOHK-020,
6/30/21 17:13,1.63E+12,4624294,6/30/21,17:13:08,FO,254,119,308,0,0.614,0,119,308,0.614,20210630-MOHK-020,
6/30/21 17:13,1.63E+12,4632915,6/30/21,17:13:17,FO,255,98,326,0,0.699,0,98,326,0.699,20210630-MOHK-020,
6/30/21 17:13,1.63E+12,4642236,6/30/21,17:13:26,FO,256,114,231,0,0.506,0,114,231,0.506,20210630-MOHK-020,
6/30/21 17:13,1.63E+12,4652782,6/30/21,17:13:37,FO,257,106,226,0,0.531,0,106,226,0.531,20210630-MOHK-020,
6/30/21 17:16,1.63E+12,4811722,6/30/21,17:16:16,FO,258,0,1,0,-,-,0,1,-,NA,
6/30/21 17:16,1.63E+12,4815932,6/30/21,17:16:20,FO,259,0,1,0,-,-,0,1,-,NA,
6/30/21 17:16,1.63E+12,4823606,6/30/21,17:16:28,FO,260,112,328,0,0.659,0,112,328,0.659,20210630-MOHK-021,
6/30/21 17:16,1.63E+12,4830620,6/30/21,17:16:35,FO,261,75,243,0,0.691,0,75,243,0.691,20210630-MOHK-021,
6/30/21 17:16,1.63E+12,4839715,6/30/21,17:16:44,FO,262,69,228,0,0.697,0,69,228,0.697,20210630-MOHK-021,
6/30/21 17:16,1.63E+12,4848200,6/30/21,17:16:52,FO,263,114,267,0,0.573,0,114,267,0.573,20210630-MOHK-021,
6/30/21 17:17,1.63E+12,4857878,6/30/21,17:17:02,FO,264,109,333,0,0.673,0,109,333,0.673,20210630-MOHK-021,
6/30/21 17:17,1.63E+12,4866362,6/30/21,17:17:10,FO,265,125,318,0,0.607,0,125,318,0.607,20210630-MOHK-021,
6/30/21 17:17,1.63E+12,4875923,6/30/21,17:17:20,FO,266,118,335,0,0.648,0,118,335,0.648,20210630-MOHK-021,
6/30/21 17:17,1.63E+12,4884991,6/30/21,17:17:29,FO,267,136,300,0,0.547,0,136,300,0.547,20210630-MOHK-021,
6/30/21 17:17,1.63E+12,4893109,6/30/21,17:17:37,FO,268,116,295,0,0.607,0,116,295,0.607,20210630-MOHK-021,
6/30/21 17:17,1.63E+12,4900683,6/30/21,17:17:45,FO,269,120,341,0,0.648,0,120,341,0.648,20210630-MOHK-021,
6/30/21 17:17,1.63E+12,4908169,6/30/21,17:17:52,FO,270,0,1,0,-,-,0,1,-,NA,
6/30/21 17:17,1.63E+12,4912354,6/30/21,17:17:56,FO,271,1,1,0,-,-,1,1,-,NA,
6/30/21 17:23,1.63E+12,5223245,6/30/21,17:23:07,FO,272,78,318,0,0.755,0,78,318,0.755,20210630-MOHK-022,
6/30/21 17:23,1.63E+12,5233668,6/30/21,17:23:18,FO,273,80,304,0,0.737,0,80,304,0.737,20210630-MOHK-022,
6/30/21 17:23,1.63E+12,5241832,6/30/21,17:23:26,FO,274,68,278,0,0.755,0,68,278,0.755,20210630-MOHK-022,
6/30/21 17:23,1.63E+12,5250639,6/30/21,17:23:35,FO,275,79,311,0,0.746,0,79,311,0.746,20210630-MOHK-022,
6/30/21 17:23,1.63E+12,5260089,6/30/21,17:23:44,FO,276,66,226,0,0.708,0,66,226,0.708,20210630-MOHK-022,
6/30/21 17:23,1.63E+12,5267839,6/30/21,17:23:52,FO,277,79,293,0,0.73,0,79,293,0.73,20210630-MOHK-022,
6/30/21 17:24,1.63E+12,5275688,6/30/21,17:24:00,FO,278,94,324,0,0.71,0,94,324,0.71,20210630-MOHK-022,
6/30/21 17:24,1.63E+12,5284057,6/30/21,17:24:08,FO,279,69,264,0,0.739,0,69,264,0.739,20210630-MOHK-022,
6/30/21 17:24,1.63E+12,5290468,6/30/21,17:24:15,FO,280,66,277,0,0.762,0,66,277,0.762,20210630-MOHK-022,
6/30/21 17:24,1.63E+12,5300412,6/30/21,17:24:25,FO,281,93,367,0,0.747,0,93,367,0.747,20210630-MOHK-022,
6/30/21 17:25,1.63E+12,5339571,6/30/21,17:25:04,FO,282,0,2,0,-,-,0,2,-,NA,
6/30/21 17:25,1.63E+12,5343918,6/30/21,17:25:08,FO,283,1,2,0,-,-,1,2,-,NA,
6/30/21 17:28,1.63E+12,5524906,6/30/21,17:28:09,FO,284,118,369,0,0.68,0,118,369,0.68,NA,
6/30/21 17:28,1.63E+12,5534085,6/30/21,17:28:18,FO,285,103,333,0,0.691,0,103,333,0.691,NA,
6/30/21 17:28,1.63E+12,5545431,6/30/21,17:28:30,FO,286,117,321,0,0.636,0,117,321,0.636,NA,
6/30/21 17:28,1.63E+12,5555205,6/30/21,17:28:39,FO,287,93,339,0,0.726,0,93,339,0.726,NA,
6/30/21 17:28,1.63E+12,5565042,6/30/21,17:28:49,FO,288,84,301,0,0.721,0,84,301,0.721,NA,
6/30/21 17:28,1.63E+12,5574746,6/30/21,17:28:59,FO,289,99,317,0,0.688,0,99,317,0.688,NA,
6/30/21 17:29,1.63E+12,5583138,6/30/21,17:29:07,FO,290,63,216,0,0.708,0,63,216,0.708,NA,
6/30/21 17:29,1.63E+12,5589610,6/30/21,17:29:14,FO,291,93,315,0,0.705,0,93,315,0.705,NA,
6/30/21 17:29,1.63E+12,5598254,6/30/21,17:29:22,FO,292,79,214,0,0.631,0,79,214,0.631,NA,
6/30/21 17:29,1.63E+12,5606427,6/30/21,17:29:31,FO,293,98,358,0,0.726,0,98,358,0.726,NA,
6/30/21 17:29,1.63E+12,5618262,6/30/21,17:29:42,FO,294,0,2,0,-,-,0,2,-,NA,
6/30/21 17:29,1.63E+12,5622734,6/30/21,17:29:47,FO,295,0,1,0,-,-,0,1,-,NA,
6/30/21 17:31,1.63E+12,5721611,6/30/21,17:31:26,FO,296,101,290,0,0.652,0,101,290,0.652,20210630-MOHK-023,
6/30/21 17:31,1.63E+12,5732733,6/30/21,17:31:37,FO,297,102,261,0,0.609,0,102,261,0.609,20210630-MOHK-023,
6/30/21 17:31,1.63E+12,5743039,6/30/21,17:31:47,FO,298,94,318,0,0.704,0,94,318,0.704,20210630-MOHK-023,
6/30/21 17:31,1.63E+12,5751660,6/30/21,17:31:56,FO,299,104,370,0,0.719,0,104,370,0.719,20210630-MOHK-023,
6/30/21 17:32,1.63E+12,5762270,6/30/21,17:32:06,FO,300,123,362,0,0.66,0,123,362,0.66,20210630-MOHK-023,
6/30/21 17:32,1.63E+12,5771419,6/30/21,17:32:16,FO,301,77,282,0,0.727,0,77,282,0.727,20210630-MOHK-023,
6/30/21 17:32,1.63E+12,5782647,6/30/21,17:32:27,FO,302,89,277,0,0.679,0,89,277,0.679,20210630-MOHK-023,
6/30/21 17:32,1.63E+12,5791276,6/30/21,17:32:35,FO,303,92,280,0,0.671,0,92,280,0.671,20210630-MOHK-023,
6/30/21 17:32,1.63E+12,5797619,6/30/21,17:32:42,FO,304,95,295,0,0.678,0,95,295,0.678,20210630-MOHK-023,
6/30/21 17:32,1.63E+12,5806212,6/30/21,17:32:50,FO,305,96,313,0,0.693,0,96,313,0.693,20210630-MOHK-023,
6/30/21 17:33,1.63E+12,5815742,6/30/21,17:33:00,FO,306,0,1,0,-,-,0,1,-,NA,
6/30/21 17:33,1.63E+12,5819877,6/30/21,17:33:04,FO,307,0,2,0,-,-,0,2,-,NA,
6/30/21 17:35,1.63E+12,5962930,6/30/21,17:35:27,FO,308,83,265,0,0.687,0,83,265,0.687,20210630-MOHK-024,
6/30/21 17:35,1.63E+12,5971052,6/30/21,17:35:35,FO,309,103,341,0,0.698,0,103,341,0.698,20210630-MOHK-024,
6/30/21 17:35,1.63E+12,5981377,6/30/21,17:35:46,FO,310,108,400,0,0.73,0,108,400,0.73,20210630-MOHK-024,
6/30/21 17:35,1.63E+12,5989297,6/30/21,17:35:53,FO,311,88,311,0,0.717,0,88,311,0.717,20210630-MOHK-024,
6/30/21 17:36,1.63E+12,6000313,6/30/21,17:36:04,FO,312,86,287,0,0.7,0,86,287,0.7,20210630-MOHK-024,
6/30/21 17:36,1.63E+12,6011456,6/30/21,17:36:16,FO,313,123,409,0,0.699,0,123,409,0.699,20210630-MOHK-024,
6/30/21 17:36,1.63E+12,6022282,6/30/21,17:36:26,FO,314,84,308,0,0.727,0,84,308,0.727,20210630-MOHK-024,
6/30/21 17:46,1.63E+12,6622594,6/30/21,17:46:27,FO,315,0,1,0,-,-,0,1,-,NA,
6/30/21 17:46,1.63E+12,6627280,6/30/21,17:46:31,FO,316,2,2,0,-,-,2,2,-,NA,
6/30/21 17:46,1.63E+12,6636829,6/30/21,17:46:41,FO,317,54,182,0,0.703,0,54,182,0.703,20210630-MOHK-025,
6/30/21 17:46,1.63E+12,6645529,6/30/21,17:46:50,FO,318,48,181,0,0.735,0,48,181,0.735,20210630-MOHK-025,
6/30/21 17:47,1.63E+12,6656761,6/30/21,17:47:01,FO,319,59,241,0,0.755,0,59,241,0.755,20210630-MOHK-025,
6/30/21 17:47,1.63E+12,6665518,6/30/21,17:47:10,FO,320,51,185,0,0.724,0,51,185,0.724,20210630-MOHK-025,
6/30/21 17:47,1.63E+12,6673557,6/30/21,17:47:18,FO,321,70,175,0,0.6,0,70,175,0.6,20210630-MOHK-025,
6/30/21 17:47,1.63E+12,6681478,6/30/21,17:47:26,FO,322,66,200,0,0.67,0,66,200,0.67,20210630-MOHK-025,
6/30/21 17:47,1.63E+12,6691465,6/30/21,17:47:36,FO,323,61,174,0,0.649,0,61,174,0.649,20210630-MOHK-025,
6/30/21 17:47,1.63E+12,6699230,6/30/21,17:47:43,FO,324,62,215,0,0.712,0,62,215,0.712,20210630-MOHK-025,
6/30/21 17:47,1.63E+12,6710609,6/30/21,17:47:55,FO,325,0,1,0,-,-,0,1,-,NA,
6/30/21 17:47,1.63E+12,6714256,6/30/21,17:47:58,FO,326,0,2,0,-,-,0,2,-,NA,
6/30/21 17:49,1.63E+12,6834827,6/30/21,17:49:59,FO,327,73,199,0,0.633,0,73,199,0.633,20210630-MOHK-026,
6/30/21 17:50,1.63E+12,6842927,6/30/21,17:50:07,FO,328,58,190,0,0.695,0,58,190,0.695,20210630-MOHK-026,
6/30/21 17:50,1.63E+12,6851709,6/30/21,17:50:16,FO,329,66,195,0,0.662,0,66,195,0.662,20210630-MOHK-026,
6/30/21 17:50,1.63E+12,6860320,6/30/21,17:50:24,FO,330,59,178,0,0.669,0,59,178,0.669,20210630-MOHK-026,
6/30/21 17:50,1.63E+12,6870240,6/30/21,17:50:34,FO,331,66,208,0,0.683,0,66,208,0.683,20210630-MOHK-026,
6/30/21 17:50,1.63E+12,6879799,6/30/21,17:50:44,FO,332,53,187,0,0.717,0,53,187,0.717,20210630-MOHK-026,
6/30/21 17:50,1.63E+12,6888461,6/30/21,17:50:53,FO,333,54,172,0,0.686,0,54,172,0.686,20210630-MOHK-026,
6/30/21 17:51,1.63E+12,6897529,6/30/21,17:51:02,FO,334,71,224,0,0.683,0,71,224,0.683,20210630-MOHK-026,
6/30/21 17:51,1.63E+12,6905651,6/30/21,17:51:10,FO,335,57,190,0,0.7,0,57,190,0.7,20210630-MOHK-026,
6/30/21 17:51,1.63E+12,6914515,6/30/21,17:51:19,FO,336,70,181,0,0.613,0,70,181,0.613,20210630-MOHK-026,
6/30/21 17:51,1.63E+12,6921660,6/30/21,17:51:26,FO,337,0,2,0,-,-,0,2,-,NA,
6/30/21 17:51,1.63E+12,6925288,6/30/21,17:51:29,FO,338,0,0,0,-,-,0,0,-,NA,
6/30/21 17:55,1.63E+12,7140699,6/30/21,17:55:05,FO,339,61,191,0,0.681,0,61,191,0.681,20210630-MOHK-027,
6/30/21 17:55,1.63E+12,7148399,6/30/21,17:55:13,FO,340,49,176,0,0.722,0,49,176,0.722,20210630-MOHK-027,
6/30/21 17:55,1.63E+12,7156598,6/30/21,17:55:21,FO,341,48,169,0,0.716,0,48,169,0.716,20210630-MOHK-027,
6/30/21 17:55,1.63E+12,7163500,6/30/21,17:55:28,FO,342,59,194,0,0.696,0,59,194,0.696,20210630-MOHK-027,
6/30/21 17:55,1.63E+12,7174021,6/30/21,17:55:38,FO,343,50,159,0,0.686,0,50,159,0.686,20210630-MOHK-027,
6/30/21 17:55,1.63E+12,7182991,6/30/21,17:55:47,FO,344,49,199,0,0.754,0,49,199,0.754,20210630-MOHK-027,
6/30/21 17:55,1.63E+12,7191979,6/30/21,17:55:56,FO,345,55,200,0,0.725,0,55,200,0.725,20210630-MOHK-027,
6/30/21 17:56,1.63E+12,7198734,6/30/21,17:56:03,FO,346,33,107,0,0.692,0,33,107,0.692,20210630-MOHK-027,
6/30/21 17:56,1.63E+12,7206479,6/30/21,17:56:11,FO,347,52,162,0,0.679,0,52,162,0.679,20210630-MOHK-027,
6/30/21 17:56,1.63E+12,7218746,6/30/21,17:56:23,FO,348,69,230,0,0.7,0,69,230,0.7,20210630-MOHK-027,
6/30/21 17:56,1.63E+12,7225018,6/30/21,17:56:29,FO,349,1,1,0,-,-,1,1,-,NA,
6/30/21 17:56,1.63E+12,7229083,6/30/21,17:56:33,FO,350,0,0,0,-,-,0,0,-,NA,
6/30/21 17:58,1.63E+12,7349779,6/30/21,17:58:34,FO,351,62,182,0,0.659,0,62,182,0.659,20210630-MOHK-028,
6/30/21 17:58,1.63E+12,7355680,6/30/21,17:58:40,FO,352,58,181,0,0.68,0,58,181,0.68,20210630-MOHK-028,
6/30/21 17:58,1.63E+12,7361963,6/30/21,17:58:46,FO,353,57,187,0,0.695,0,57,187,0.695,20210630-MOHK-028,
6/30/21 17:58,1.63E+12,7368501,6/30/21,17:58:53,FO,354,54,199,0,0.729,0,54,199,0.729,20210630-MOHK-028,
6/30/21 17:58,1.63E+12,7374315,6/30/21,17:58:58,FO,355,54,197,0,0.726,0,54,197,0.726,20210630-MOHK-028,
6/30/21 17:59,1.63E+12,7382639,6/30/21,17:59:07,FO,356,56,175,0,0.68,0,56,175,0.68,20210630-MOHK-028,
6/30/21 17:59,1.63E+12,7388804,6/30/21,17:59:13,FO,357,54,190,0,0.716,0,54,190,0.716,20210630-MOHK-028,
6/30/21 17:59,1.63E+12,7402158,6/30/21,17:59:26,FO,358,54,205,0,0.737,0,54,205,0.737,20210630-MOHK-028,
6/30/21 17:59,1.63E+12,7409497,6/30/21,17:59:34,FO,359,53,185,0,0.714,0,53,185,0.714,20210630-MOHK-028,
6/30/21 17:59,1.63E+12,7417964,6/30/21,17:59:42,FO,360,65,216,0,0.699,0,65,216,0.699,20210630-MOHK-028,
6/30/21 18:01,1.63E+12,7546252,6/30/21,18:01:50,FO,361,0,2,0,-,-,0,2,-,NA,
6/30/21 18:01,1.63E+12,7550350,6/30/21,18:01:54,FO,362,1,1,0,-,-,1,1,-,NA,
6/30/21 18:02,1.63E+12,7558248,6/30/21,18:02:02,FO,363,68,209,0,0.675,0,68,209,0.675,20210630-MOHK-029,
6/30/21 18:02,1.63E+12,7567405,6/30/21,18:02:12,FO,364,64,173,0,0.63,0,64,173,0.63,20210630-MOHK-029,
6/30/21 18:02,1.63E+12,7576273,6/30/21,18:02:20,FO,365,67,208,0,0.678,0,67,208,0.678,20210630-MOHK-029,
6/30/21 18:02,1.63E+12,7584425,6/30/21,18:02:29,FO,366,67,217,0,0.691,0,67,217,0.691,20210630-MOHK-029,
6/30/21 18:02,1.63E+12,7595017,6/30/21,18:02:39,FO,367,58,197,0,0.706,0,58,197,0.706,20210630-MOHK-029,
6/30/21 18:02,1.63E+12,7602918,6/30/21,18:02:47,FO,368,64,218,0,0.706,0,64,218,0.706,20210630-MOHK-029,
6/30/21 18:02,1.63E+12,7611457,6/30/21,18:02:56,FO,369,60,201,0,0.701,0,60,201,0.701,20210630-MOHK-029,
6/30/21 18:03,1.63E+12,7619414,6/30/21,18:03:04,FO,370,63,224,0,0.719,0,63,224,0.719,20210630-MOHK-029,
6/30/21 18:03,1.63E+12,7636687,6/30/21,18:03:21,FO,371,64,210,0,0.695,0,64,210,0.695,20210630-MOHK-029,
6/30/21 18:03,1.63E+12,7644801,6/30/21,18:03:29,FO,372,64,218,0,0.706,0,64,218,0.706,20210630-MOHK-029,
6/30/21 18:05,1.63E+12,7754835,6/30/21,18:05:19,FO,373,1,5,0,-,-,1,5,-,NA,
6/30/21 18:05,1.63E+12,7758827,6/30/21,18:05:23,FO,374,4,5,0,-,-,4,5,-,NA,
6/30/21 18:05,1.63E+12,7779105,6/30/21,18:05:43,FO,375,239,881,0,0.729,0,239,881,0.729,20210630-MOHK-030,
6/30/21 18:05,1.63E+12,7786742,6/30/21,18:05:51,FO,376,242,775,0,0.688,0,242,775,0.688,20210630-MOHK-030,
6/30/21 18:06,1.63E+12,7794921,6/30/21,18:05:59,FO,377,234,776,0,0.698,0,234,776,0.698,20210630-MOHK-030,
6/30/21 18:06,1.63E+12,7803407,6/30/21,18:06:08,FO,378,192,634,0,0.697,0,192,634,0.697,20210630-MOHK-030,
6/30/21 18:06,1.63E+12,7810506,6/30/21,18:06:15,FO,379,203,697,0,0.709,0,203,697,0.709,20210630-MOHK-030,
6/30/21 18:06,1.63E+12,7819266,6/30/21,18:06:23,FO,380,214,750,0,0.715,0,214,750,0.715,20210630-MOHK-030,
6/30/21 18:06,1.63E+12,7827511,6/30/21,18:06:32,FO,381,254,928,0,0.726,0,254,928,0.726,20210630-MOHK-030,
6/30/21 18:06,1.63E+12,7835912,6/30/21,18:06:40,FO,382,262,839,0,0.688,0,262,839,0.688,20210630-MOHK-030,
6/30/21 18:06,1.63E+12,7841536,6/30/21,18:06:46,FO,383,239,902,0,0.735,0,239,902,0.735,20210630-MOHK-030,
6/30/21 18:06,1.63E+12,7850285,6/30/21,18:06:54,FO,384,241,823,0,0.707,0,241,823,0.707,20210630-MOHK-030,
6/30/21 18:07,1.63E+12,7857114,6/30/21,18:07:01,FO,385,8,8,0,-,-,8,8,-,NA,
6/30/21 18:07,1.63E+12,7861259,6/30/21,18:07:05,FO,386,0,4,0,-,-,0,4,-,NA,
6/30/21 18:09,1.63E+12,7977624,6/30/21,18:09:02,FO,387,288,866,0,0.667,0,288,866,0.667,20210630-MOHK-031,
6/30/21 18:09,1.63E+12,7985764,6/30/21,18:09:10,FO,388,264,793,0,0.667,0,264,793,0.667,20210630-MOHK-031,
6/30/21 18:09,1.63E+12,7995047,6/30/21,18:09:19,FO,389,259,779,0,0.668,0,259,779,0.668,20210630-MOHK-031,
6/30/21 18:09,1.63E+12,8004085,6/30/21,18:09:28,FO,390,241,781,0,0.691,0,241,781,0.691,20210630-MOHK-031,
6/30/21 18:09,1.63E+12,8010943,6/30/21,18:09:35,FO,391,67,796,0,0.916,0,67,796,0.916,20210630-MOHK-031,
6/30/21 18:09,1.63E+12,8020140,6/30/21,18:09:44,FO,392,227,760,0,0.701,0,227,760,0.701,20210630-MOHK-031,
6/30/21 18:09,1.63E+12,8026723,6/30/21,18:09:51,FO,393,232,761,0,0.695,0,232,761,0.695,20210630-MOHK-031,
6/30/21 18:09,1.63E+12,8034129,6/30/21,18:09:58,FO,394,244,804,0,0.697,0,244,804,0.697,20210630-MOHK-031,
6/30/21 18:10,1.63E+12,8041326,6/30/21,18:10:05,FO,395,247,760,0,0.675,0,247,760,0.675,20210630-MOHK-031,
6/30/21 18:10,1.63E+12,8047580,6/30/21,18:10:12,FO,396,247,806,0,0.694,0,247,806,0.694,20210630-MOHK-031,
6/30/21 18:10,1.63E+12,8054408,6/30/21,18:10:19,FO,397,0,3,0,-,-,0,3,-,NA,
6/30/21 18:10,1.63E+12,8058403,6/30/21,18:10:23,FO,398,1,4,0,-,-,1,4,-,NA,
6/30/21 18:13,1.63E+12,8226762,6/30/21,18:13:11,FO,399,224,354,0,0.367,0,224,354,0.367,20210630-MOHK-032,
6/30/21 18:13,1.63E+12,8235411,6/30/21,18:13:20,FO,400,220,409,0,0.462,0,220,409,0.462,20210630-MOHK-032,
6/30/21 18:13,1.63E+12,8245150,6/30/21,18:13:29,FO,401,214,401,0,0.466,0,214,401,0.466,20210630-MOHK-032,
6/30/21 18:13,1.63E+12,8253468,6/30/21,18:13:38,FO,402,211,401,0,0.474,0,211,401,0.474,20210630-MOHK-032,
6/30/21 18:13,1.63E+12,8261819,6/30/21,18:13:46,FO,403,212,393,0,0.461,0,212,393,0.461,20210630-MOHK-032,
6/30/21 18:13,1.63E+12,8270407,6/30/21,18:13:55,FO,404,224,407,0,0.45,0,224,407,0.45,20210630-MOHK-032,
6/30/21 18:14,1.63E+12,8279339,6/30/21,18:14:03,FO,405,205,372,0,0.449,0,205,372,0.449,20210630-MOHK-032,
6/30/21 18:14,1.63E+12,8286674,6/30/21,18:14:11,FO,406,222,393,0,0.435,0,222,393,0.435,20210630-MOHK-032,
6/30/21 18:14,1.63E+12,8295416,6/30/21,18:14:20,FO,407,194,359,0,0.46,0,194,359,0.46,20210630-MOHK-032,
6/30/21 18:14,1.63E+12,8303466,6/30/21,18:14:28,FO,408,201,379,0,0.47,0,201,379,0.47,20210630-MOHK-032,
6/30/21 18:14,1.63E+12,8309675,6/30/21,18:14:34,FO,409,3,3,0,-,-,3,3,-,NA,
6/30/21 18:14,1.63E+12,8314151,6/30/21,18:14:38,FO,410,1,4,0,-,-,1,4,-,NA,
6/30/21 18:16,1.63E+12,8438124,6/30/21,18:16:42,FO,411,231,395,0,0.415,0,231,395,0.415,20210630-MOHK-033,
6/30/21 18:16,1.63E+12,8445722,6/30/21,18:16:50,FO,412,222,370,0,0.4,0,222,370,0.4,20210630-MOHK-033,
6/30/21 18:16,1.63E+12,8452019,6/30/21,18:16:56,FO,413,214,375,0,0.429,0,214,375,0.429,20210630-MOHK-033,
6/30/21 18:17,1.63E+12,8458917,6/30/21,18:17:03,FO,414,218,371,0,0.412,0,218,371,0.412,20210630-MOHK-033,
6/30/21 18:20,1.63E+12,8664956,6/30/21,18:20:29,FO,415,219,382,0,0.427,0,219,382,0.427,20210630-MOHK-033,
6/30/21 18:20,1.63E+12,8672553,6/30/21,18:20:37,FO,416,208,342,0,0.392,0,208,342,0.392,20210630-MOHK-033,
6/30/21 18:20,1.63E+12,8680098,6/30/21,18:20:44,FO,417,218,370,0,0.411,0,218,370,0.411,20210630-MOHK-033,
6/30/21 18:20,1.63E+12,8687587,6/30/21,18:20:52,FO,418,207,370,0,0.441,0,207,370,0.441,20210630-MOHK-033,
6/30/21 18:21,1.63E+12,8698985,6/30/21,18:21:03,FO,419,209,353,0,0.408,0,209,353,0.408,20210630-MOHK-033,
6/30/21 18:21,1.63E+12,8709732,6/30/21,18:21:14,FO,420,183,291,0,0.371,0,183,291,0.371,20210630-MOHK-033,
6/30/21 18:26,1.63E+12,9004457,6/30/21,18:26:09,FO,421,2,4,0,-,-,2,4,-,NA,
6/30/21 18:26,1.63E+12,9009043,6/30/21,18:26:13,FO,422,0,3,0,-,-,0,3,-,NA,
6/30/21 18:27,1.63E+12,9088654,6/30/21,18:27:33,FO,423,175,323,0,0.458,0,175,323,0.458,20210630-MOHK-034,
6/30/21 18:27,1.63E+12,9095415,6/30/21,18:27:40,FO,424,190,350,0,0.457,0,190,350,0.457,20210630-MOHK-034,
6/30/21 18:27,1.63E+12,9103986,6/30/21,18:27:48,FO,425,234,421,0,0.444,0,234,421,0.444,20210630-MOHK-034,
6/30/21 18:27,1.63E+12,9111878,6/30/21,18:27:56,FO,426,230,395,0,0.418,0,230,395,0.418,20210630-MOHK-034,
6/30/21 18:28,1.63E+12,9119180,6/30/21,18:28:03,FO,427,169,297,0,0.431,0,169,297,0.431,20210630-MOHK-034,
6/30/21 18:28,1.63E+12,9127342,6/30/21,18:28:11,FO,428,206,350,0,0.411,0,206,350,0.411,20210630-MOHK-034,
6/30/21 18:28,1.63E+12,9133602,6/30/21,18:28:18,FO,429,221,401,0,0.449,0,221,401,0.449,20210630-MOHK-034,
6/30/21 18:28,1.63E+12,9140942,6/30/21,18:28:25,FO,430,207,382,0,0.458,0,207,382,0.458,20210630-MOHK-034,
6/30/21 18:28,1.63E+12,9147803,6/30/21,18:28:32,FO,431,238,440,0,0.459,0,238,440,0.459,20210630-MOHK-034,
6/30/21 18:28,1.63E+12,9153937,6/30/21,18:28:38,FO,432,223,396,0,0.437,0,223,396,0.437,20210630-MOHK-034,
6/30/21 18:28,1.63E+12,9160526,6/30/21,18:28:45,FO,433,0,3,0,-,-,0,3,-,NA,
6/30/21 18:28,1.63E+12,9164895,6/30/21,18:28:49,FO,434,1,4,0,-,-,1,4,-,NA,
6/30/21 18:32,1.63E+12,9376839,6/30/21,18:32:21,FO,435,9,19,0,-,-,9,19,-,NA,
6/30/21 18:32,1.63E+12,9387579,6/30/21,18:32:32,FO,436,23,25,0,-,-,23,25,0.08,NA,
6/30/21 18:32,1.63E+12,9395938,6/30/21,18:32:40,FO,437,14,18,0,-,-,14,18,0.222,NA,
6/30/21 18:32,1.63E+12,9406736,6/30/21,18:32:51,FO,438,224,751,0,0.702,0,224,751,0.702,NA,
6/30/21 18:33,1.63E+12,9416060,6/30/21,18:33:00,FO,439,2,3,0,-,-,2,3,-,NA,
6/30/21 18:33,1.63E+12,9428363,6/30/21,18:33:12,FO,440,23,24,0,-,-,23,24,0.042,NA,
6/30/21 18:33,1.63E+12,9447192,6/30/21,18:33:31,FO,441,272,430,0,0.367,0,272,430,0.367,NA,
6/30/21 18:34,1.63E+12,9478270,6/30/21,18:34:02,FO,442,44,48,0,-,-,44,48,0.083,NA,
6/30/21 18:34,1.63E+12,9522747,6/30/21,18:34:47,FO,443,182,650,0,0.72,0,182,650,0.72,20210630-MOHK-035,
6/30/21 18:34,1.63E+12,9532289,6/30/21,18:34:56,FO,444,185,658,0,0.719,0,185,658,0.719,20210630-MOHK-035,
6/30/21 18:35,1.63E+12,9539255,6/30/21,18:35:03,FO,445,189,704,0,0.732,0,189,704,0.732,20210630-MOHK-035,
6/30/21 18:35,1.63E+12,9546411,6/30/21,18:35:11,FO,446,192,681,0,0.718,0,192,681,0.718,20210630-MOHK-035,
6/30/21 18:35,1.63E+12,9553350,6/30/21,18:35:17,FO,447,185,664,0,0.721,0,185,664,0.721,20210630-MOHK-035,
6/30/21 18:35,1.63E+12,9560495,6/30/21,18:35:25,FO,448,203,729,0,0.722,0,203,729,0.722,20210630-MOHK-035,
6/30/21 18:35,1.63E+12,9566261,6/30/21,18:35:30,FO,449,223,811,0,0.725,0,223,811,0.725,20210630-MOHK-035,
6/30/21 18:35,1.63E+12,9572855,6/30/21,18:35:37,FO,450,188,652,0,0.712,0,188,652,0.712,20210630-MOHK-035,
6/30/21 18:35,1.63E+12,9578943,6/30/21,18:35:43,FO,451,198,700,0,0.717,0,198,700,0.717,20210630-MOHK-035,
6/30/21 18:35,1.63E+12,9586343,6/30/21,18:35:50,FO,452,203,733,0,0.723,0,203,733,0.723,20210630-MOHK-035,
6/30/21 18:35,1.63E+12,9594259,6/30/21,18:35:58,FO,453,2,2,0,-,-,2,2,-,NA,
6/30/21 18:36,1.63E+12,9597979,6/30/21,18:36:02,FO,454,2,3,0,-,-,2,3,-,NA,
6/30/21 18:37,1.63E+12,9698218,6/30/21,18:37:42,FO,455,176,438,0,0.598,0,176,438,0.598,20210630-MOHK-036,
6/30/21 18:37,1.63E+12,9705118,6/30/21,18:37:49,FO,456,209,581,0,0.64,0,209,581,0.64,20210630-MOHK-036,
6/30/21 18:37,1.63E+12,9713175,6/30/21,18:37:57,FO,457,212,734,0,0.711,0,212,734,0.711,20210630-MOHK-036,
6/30/21 18:38,1.63E+12,9721160,6/30/21,18:38:05,FO,458,190,652,0,0.709,0,190,652,0.709,20210630-MOHK-036,
6/30/21 18:38,1.63E+12,9726934,6/30/21,18:38:11,FO,459,186,680,0,0.726,0,186,680,0.726,20210630-MOHK-036,
6/30/21 18:38,1.63E+12,9734824,6/30/21,18:38:19,FO,460,212,735,0,0.712,0,212,735,0.712,20210630-MOHK-036,
6/30/21 18:38,1.63E+12,9741208,6/30/21,18:38:25,FO,461,214,711,0,0.699,0,214,711,0.699,20210630-MOHK-036,
6/30/21 18:38,1.63E+12,9747923,6/30/21,18:38:32,FO,462,202,781,0,0.741,0,202,781,0.741,20210630-MOHK-036,
6/30/21 18:38,1.63E+12,9753864,6/30/21,18:38:38,FO,463,211,833,0,0.747,0,211,833,0.747,20210630-MOHK-036,
6/30/21 18:38,1.63E+12,9762049,6/30/21,18:38:46,FO,464,212,751,0,0.718,0,212,751,0.718,20210630-MOHK-036,
6/30/21 18:38,1.63E+12,9767878,6/30/21,18:38:52,FO,465,0,1,0,-,-,0,1,-,NA,
6/30/21 18:38,1.63E+12,9771692,6/30/21,18:38:56,FO,466,0,2,0,-,-,0,2,-,NA,
6/30/21 18:44,1.63E+12,10100718,6/30/21,18:44:25,FO,467,189,625,0,0.698,0,189,625,0.698,20210630-MOHK-037,
6/30/21 18:44,1.63E+12,10108555,6/30/21,18:44:33,FO,468,179,616,0,0.709,0,179,616,0.709,20210630-MOHK-037,
6/30/21 18:44,1.63E+12,10114666,6/30/21,18:44:39,FO,469,181,624,0,0.71,0,181,624,0.71,20210630-MOHK-037,
6/30/21 18:44,1.63E+12,10121328,6/30/21,18:44:45,FO,470,173,622,0,0.722,0,173,622,0.722,20210630-MOHK-037,
6/30/21 18:44,1.63E+12,10128238,6/30/21,18:44:52,FO,471,188,654,0,0.713,0,188,654,0.713,20210630-MOHK-037,
6/30/21 18:44,1.63E+12,10134580,6/30/21,18:44:59,FO,472,175,606,0,0.711,0,175,606,0.711,20210630-MOHK-037,
6/30/21 18:45,1.63E+12,10141834,6/30/21,18:45:06,FO,473,177,724,0,0.756,0,177,724,0.756,20210630-MOHK-037,
6/30/21 18:45,1.63E+12,10150422,6/30/21,18:45:15,FO,474,189,629,0,0.7,0,189,629,0.7,20210630-MOHK-037,
6/30/21 18:45,1.63E+12,10157128,6/30/21,18:45:21,FO,475,201,668,0,0.699,0,201,668,0.699,20210630-MOHK-037,
6/30/21 18:45,1.63E+12,10164633,6/30/21,18:45:29,FO,476,211,725,0,0.709,0,211,725,0.709,20210630-MOHK-037,
6/30/21 18:45,1.63E+12,10171595,6/30/21,18:45:36,FO,477,0,3,0,-,-,0,3,-,NA,
6/30/21 18:45,1.63E+12,10176831,6/30/21,18:45:41,FO,478,1,3,0,-,-,1,3,-,NA,
6/30/21 18:47,1.63E+12,10295422,6/30/21,18:47:40,FO,479,238,704,0,0.662,0,238,704,0.662,20210630-MOHK-038,
6/30/21 18:47,1.63E+12,10301559,6/30/21,18:47:46,FO,480,189,571,0,0.669,0,189,571,0.669,20210630-MOHK-038,
6/30/21 18:47,1.63E+12,10307530,6/30/21,18:47:52,FO,481,210,659,0,0.681,0,210,659,0.681,20210630-MOHK-038,
6/30/21 18:48,1.63E+12,10315666,6/30/21,18:48:00,FO,482,207,700,0,0.704,0,207,700,0.704,20210630-MOHK-038,
6/30/21 18:48,1.63E+12,10322231,6/30/21,18:48:06,FO,483,168,584,0,0.712,0,168,584,0.712,20210630-MOHK-038,
6/30/21 18:48,1.63E+12,10330815,6/30/21,18:48:15,FO,484,218,771,0,0.717,0,218,771,0.717,20210630-MOHK-038,
6/30/21 18:48,1.63E+12,10339306,6/30/21,18:48:23,FO,485,183,625,0,0.707,0,183,625,0.707,20210630-MOHK-038,
6/30/21 18:48,1.63E+12,10347016,6/30/21,18:48:31,FO,486,201,696,0,0.711,0,201,696,0.711,20210630-MOHK-038,
6/30/21 18:48,1.63E+12,10355543,6/30/21,18:48:40,FO,487,229,804,0,0.715,0,229,804,0.715,20210630-MOHK-038,
6/30/21 18:48,1.63E+12,10363064,6/30/21,18:48:47,FO,488,165,583,0,0.717,0,165,583,0.717,20210630-MOHK-038,
6/30/21 18:48,1.63E+12,10369559,6/30/21,18:48:54,FO,489,0,4,0,-,-,0,4,-,NA,
6/30/21 18:48,1.63E+12,10373347,6/30/21,18:48:57,FO,490,2,2,0,-,-,2,2,-,NA,
6/30/21 18:50,1.63E+12,10479296,6/30/21,18:50:43,FO,491,166,543,0,0.694,0,166,543,0.694,20210630-MOHK-039,
6/30/21 18:50,1.63E+12,10485986,6/30/21,18:50:50,FO,492,182,593,0,0.693,0,182,593,0.693,20210630-MOHK-039,
6/30/21 18:50,1.63E+12,10493393,6/30/21,18:50:58,FO,493,211,705,0,0.701,0,211,705,0.701,20210630-MOHK-039,
6/30/21 18:51,1.63E+12,10500324,6/30/21,18:51:04,FO,494,275,937,0,0.707,0,275,937,0.707,20210630-MOHK-039,
6/30/21 18:51,1.63E+12,10505831,6/30/21,18:51:10,FO,495,214,892,0,0.76,0,214,892,0.76,20210630-MOHK-039,
6/30/21 18:51,1.63E+12,10512984,6/30/21,18:51:17,FO,496,263,857,0,0.693,0,263,857,0.693,20210630-MOHK-039,
6/30/21 18:51,1.63E+12,10520295,6/30/21,18:51:24,FO,497,262,893,0,0.707,0,262,893,0.707,20210630-MOHK-039,
6/30/21 18:51,1.63E+12,10527139,6/30/21,18:51:31,FO,498,267,809,0,0.67,0,267,809,0.67,20210630-MOHK-039,
6/30/21 18:51,1.63E+12,10534324,6/30/21,18:51:38,FO,499,254,857,0,0.704,0,254,857,0.704,20210630-MOHK-039,
6/30/21 18:51,1.63E+12,10539798,6/30/21,18:51:44,FO,500,234,758,0,0.691,0,234,758,0.691,20210630-MOHK-039,
6/30/21 18:51,1.63E+12,10546434,6/30/21,18:51:51,FO,501,3,3,0,-,-,3,3,-,NA,
6/30/21 18:51,1.63E+12,10550556,6/30/21,18:51:55,FO,502,0,4,0,-,-,0,4,-,NA,
6/30/21 18:53,1.63E+12,10669431,6/30/21,18:53:54,FO,503,250,775,0,0.677,0,250,775,0.677,20210630-MOHK-040,
6/30/21 18:54,1.63E+12,10676711,6/30/21,18:54:01,FO,504,241,864,0,0.721,0,241,864,0.721,20210630-MOHK-040,
6/30/21 18:54,1.63E+12,10683959,6/30/21,18:54:08,FO,505,219,776,0,0.718,0,219,776,0.718,20210630-MOHK-040,
6/30/21 18:54,1.63E+12,10690865,6/30/21,18:54:15,FO,506,204,741,0,0.725,0,204,741,0.725,20210630-MOHK-040,
6/30/21 18:54,1.63E+12,10697960,6/30/21,18:54:22,FO,507,233,828,0,0.719,0,233,828,0.719,20210630-MOHK-040,
6/30/21 18:54,1.63E+12,10703986,6/30/21,18:54:28,FO,508,239,830,0,0.712,0,239,830,0.712,20210630-MOHK-040,
6/30/21 18:54,1.63E+12,10709395,6/30/21,18:54:34,FO,509,229,778,0,0.706,0,229,778,0.706,20210630-MOHK-040,
6/30/21 18:54,1.63E+12,10716960,6/30/21,18:54:41,FO,510,226,747,0,0.697,0,226,747,0.697,20210630-MOHK-040,
6/30/21 18:54,1.63E+12,10724170,6/30/21,18:54:48,FO,511,235,802,0,0.707,0,235,802,0.707,20210630-MOHK-040,
6/30/21 18:54,1.63E+12,10730710,6/30/21,18:54:55,FO,512,236,829,0,0.715,0,236,829,0.715,20210630-MOHK-040,
6/30/21 18:55,1.63E+12,10737054,6/30/21,18:55:01,FO,513,5,5,0,-,-,5,5,-,NA,
6/30/21 18:55,1.63E+12,10740801,6/30/21,18:55:05,FO,514,3,4,0,-,-,3,4,-,NA,
6/30/21 19:06,1.63E+12,11400203,6/30/21,19:06:04,FO,515,1,1,0,-,-,1,1,-,NA,
6/30/21 19:06,1.63E+12,11406330,6/30/21,19:06:10,FO,516,41,75,0,0.453,0,41,75,0.453,20210630-MOHK-041,
6/30/21 19:06,1.63E+12,11419060,6/30/21,19:06:23,FO,517,190,387,0,0.509,0,190,387,0.509,20210630-MOHK-041,
6/30/21 19:06,1.63E+12,11428202,6/30/21,19:06:32,FO,518,208,429,0,0.515,0,208,429,0.515,20210630-MOHK-041,
6/30/21 19:06,1.63E+12,11439751,6/30/21,19:06:44,FO,519,148,338,0,0.562,0,148,338,0.562,20210630-MOHK-041,
6/30/21 19:06,1.63E+12,11447137,6/30/21,19:06:51,FO,520,33,91,0,0.637,0,33,91,0.637,20210630-MOHK-041,
6/30/21 19:07,1.63E+12,11455350,6/30/21,19:06:59,FO,521,206,359,0,0.426,0,206,359,0.426,20210630-MOHK-041,
6/30/21 19:07,1.63E+12,11463359,6/30/21,19:07:07,FO,522,163,334,0,0.512,0,163,334,0.512,20210630-MOHK-041,
6/30/21 19:07,1.63E+12,11470370,6/30/21,19:07:14,FO,523,108,250,0,0.568,0,108,250,0.568,20210630-MOHK-041,
6/30/21 19:07,1.63E+12,11481397,6/30/21,19:07:26,FO,524,133,317,0,0.58,0,133,317,0.58,20210630-MOHK-041,
6/30/21 19:07,1.63E+12,11496905,6/30/21,19:07:41,FO,525,199,399,0,0.501,0,199,399,0.501,20210630-MOHK-041,
6/30/21 19:07,1.63E+12,11502461,6/30/21,19:07:47,FO,526,0,3,0,-,-,0,3,-,NA,
6/30/21 19:07,1.63E+12,11506686,6/30/21,19:07:51,FO,527,0,2,0,-,-,0,2,-,NA,
6/30/21 19:09,1.63E+12,11626766,6/30/21,19:09:51,FO,528,148,316,0,0.532,0,148,316,0.532,20210630-MOHK-042,
6/30/21 19:09,1.63E+12,11632576,6/30/21,19:09:57,FO,529,133,310,0,0.571,0,133,310,0.571,20210630-MOHK-042,
6/30/21 19:10,1.63E+12,11639517,6/30/21,19:10:04,FO,530,245,402,0,0.391,0,245,402,0.391,20210630-MOHK-042,
6/30/21 19:10,1.63E+12,11645774,6/30/21,19:10:10,FO,531,82,154,0,0.468,0,82,154,0.468,20210630-MOHK-042,
6/30/21 19:10,1.63E+12,11652800,6/30/21,19:10:17,FO,532,188,396,0,0.525,0,188,396,0.525,20210630-MOHK-042,
6/30/21 19:10,1.63E+12,11659560,6/30/21,19:10:24,FO,533,170,384,0,0.557,0,170,384,0.557,20210630-MOHK-042,
6/30/21 19:10,1.63E+12,11665353,6/30/21,19:10:29,FO,534,0,3,0,-,-,0,3,-,NA,
6/30/21 19:10,1.63E+12,11668590,6/30/21,19:10:33,FO,535,0,1,0,-,-,0,1,-,NA,
6/30/21 19:13,1.63E+12,11839028,6/30/21,19:13:23,FO,536,87,196,0,0.556,0,87,196,0.556,20210630-MOHK-043,
6/30/21 19:13,1.63E+12,11846193,6/30/21,19:13:30,FO,537,104,217,0,0.521,0,104,217,0.521,20210630-MOHK-043,
6/30/21 19:13,1.63E+12,11851882,6/30/21,19:13:36,FO,538,118,287,0,0.589,0,118,287,0.589,20210630-MOHK-043,
6/30/21 19:13,1.63E+12,11856915,6/30/21,19:13:41,FO,539,128,285,0,0.551,0,128,285,0.551,20210630-MOHK-043,
6/30/21 19:13,1.63E+12,11863270,6/30/21,19:13:47,FO,540,136,263,0,0.483,0,136,263,0.483,20210630-MOHK-043,
6/30/21 19:13,1.63E+12,11871481,6/30/21,19:13:56,FO,541,90,206,0,0.563,0,90,206,0.563,20210630-MOHK-043,
6/30/21 19:14,1.63E+12,11880302,6/30/21,19:14:04,FO,542,146,291,0,0.498,0,146,291,0.498,20210630-MOHK-043,
6/30/21 19:14,1.63E+12,11888100,6/30/21,19:14:12,FO,543,78,267,0,0.708,0,78,267,0.708,20210630-MOHK-043,
6/30/21 19:14,1.63E+12,11897564,6/30/21,19:14:22,FO,544,125,296,0,0.578,0,125,296,0.578,20210630-MOHK-043,
6/30/21 19:14,1.63E+12,11903064,6/30/21,19:14:27,FO,545,8,8,0,-,-,8,8,-,NA,
6/30/21 19:14,1.63E+12,11907403,6/30/21,19:14:32,FO,546,1,2,0,-,-,1,2,-,NA,
6/30/21 19:15,1.63E+12,11990231,6/30/21,19:15:54,FO,547,128,270,0,0.526,0,128,270,0.526,20210630-MOHK-044,
6/30/21 19:16,1.63E+12,11995731,6/30/21,19:16:00,FO,548,126,266,0,0.526,0,126,266,0.526,20210630-MOHK-044,
6/30/21 19:16,1.63E+12,12003207,6/30/21,19:16:07,FO,549,125,280,0,0.554,0,125,280,0.554,20210630-MOHK-044,
6/30/21 19:16,1.63E+12,12009488,6/30/21,19:16:14,FO,550,122,258,0,0.527,0,122,258,0.527,20210630-MOHK-044,
6/30/21 19:16,1.63E+12,12017748,6/30/21,19:16:22,FO,551,117,248,0,0.528,0,117,248,0.528,20210630-MOHK-044,
6/30/21 19:16,1.63E+12,12025661,6/30/21,19:16:30,FO,552,123,257,0,0.521,0,123,257,0.521,20210630-MOHK-044,
6/30/21 19:16,1.63E+12,12032046,6/30/21,19:16:36,FO,553,123,254,0,0.516,0,123,254,0.516,20210630-MOHK-044,
6/30/21 19:16,1.63E+12,12039069,6/30/21,19:16:43,FO,554,114,251,0,0.546,0,114,251,0.546,20210630-MOHK-044,
6/30/21 19:16,1.63E+12,12045543,6/30/21,19:16:50,FO,555,125,262,0,0.523,0,125,262,0.523,20210630-MOHK-044,
6/30/21 19:16,1.63E+12,12053885,6/30/21,19:16:58,FO,556,122,250,0,0.512,0,122,250,0.512,20210630-MOHK-044,
6/30/21 19:17,1.63E+12,12059401,6/30/21,19:17:04,FO,557,0,4,0,-,-,0,4,-,NA,
6/30/21 19:17,1.63E+12,12063880,6/30/21,19:17:08,FO,558,1,2,0,-,-,1,2,-,NA,
6/30/21 19:20,1.63E+12,12251446,6/30/21,19:20:16,FO,559,142,287,0,0.505,0,142,287,0.505,20210630-MOHK-045,
6/30/21 19:20,1.63E+12,12258757,6/30/21,19:20:23,FO,560,138,276,0,0.5,0,138,276,0.5,20210630-MOHK-045,
6/30/21 19:20,1.63E+12,12266710,6/30/21,19:20:31,FO,561,135,280,0,0.518,0,135,280,0.518,20210630-MOHK-045,
6/30/21 19:20,1.63E+12,12274825,6/30/21,19:20:39,FO,562,132,277,0,0.523,0,132,277,0.523,20210630-MOHK-045,
6/30/21 19:20,1.63E+12,12283474,6/30/21,19:20:48,FO,563,114,222,0,0.486,0,114,222,0.486,20210630-MOHK-045,
6/30/21 19:20,1.63E+12,12290188,6/30/21,19:20:54,FO,564,156,275,0,0.433,0,156,275,0.433,20210630-MOHK-045,
6/30/21 19:21,1.63E+12,12296744,6/30/21,19:21:01,FO,565,138,259,0,0.467,0,138,259,0.467,20210630-MOHK-045,
6/30/21 19:21,1.63E+12,12304078,6/30/21,19:21:08,FO,566,135,237,0,0.43,0,135,237,0.43,20210630-MOHK-045,
6/30/21 19:21,1.63E+12,12319473,6/30/21,19:21:24,FO,567,187,380,0,0.508,0,187,380,0.508,20210630-MOHK-045,
6/30/21 19:21,1.63E+12,12327221,6/30/21,19:21:31,FO,568,118,241,0,0.51,0,118,241,0.51,20210630-MOHK-045,
6/30/21 19:21,1.63E+12,12332471,6/30/21,19:21:37,FO,569,1,2,0,-,-,1,2,-,NA,
6/30/21 19:21,1.63E+12,12337528,6/30/21,19:21:42,FO,570,2,4,0,-,-,2,4,-,NA,
6/30/21 19:25,1.63E+12,12542037,6/30/21,19:25:06,FO,571,171,423,0,0.596,0,171,423,0.596,20210630-MOHK-046,
6/30/21 19:25,1.63E+12,12548562,6/30/21,19:25:13,FO,572,153,299,0,0.488,0,153,299,0.488,20210630-MOHK-046,
6/30/21 19:25,1.63E+12,12555512,6/30/21,19:25:20,FO,573,153,294,0,0.48,0,153,294,0.48,20210630-MOHK-046,
6/30/21 19:25,1.63E+12,12561607,6/30/21,19:25:26,FO,574,144,316,0,0.544,0,144,316,0.544,20210630-MOHK-046,
6/30/21 19:25,1.63E+12,12568285,6/30/21,19:25:32,FO,575,216,450,0,0.52,0,216,450,0.52,20210630-MOHK-046,
6/30/21 19:25,1.63E+12,12574025,6/30/21,19:25:38,FO,576,196,395,0,0.504,0,196,395,0.504,20210630-MOHK-046,
6/30/21 19:25,1.63E+12,12580069,6/30/21,19:25:44,FO,577,104,218,0,0.523,0,104,218,0.523,20210630-MOHK-046,
6/30/21 19:25,1.63E+12,12586707,6/30/21,19:25:51,FO,578,158,339,0,0.534,0,158,339,0.534,20210630-MOHK-046,
6/30/21 19:25,1.63E+12,12591753,6/30/21,19:25:56,FO,579,138,295,0,0.532,0,138,295,0.532,20210630-MOHK-046,
6/30/21 19:26,1.63E+12,12596073,6/30/21,19:26:00,FO,580,7,15,0,-,-,7,15,-,NA,
6/30/21 19:26,1.63E+12,12604276,6/30/21,19:26:08,FO,581,1,2,0,-,-,1,2,-,NA,
6/30/21 19:31,1.63E+12,12945192,6/30/21,19:31:49,FO,582,246,605,0,0.593,0,246,605,0.593,20210630-MOHK-047,
6/30/21 19:31,1.63E+12,12951611,6/30/21,19:31:56,FO,583,221,661,0,0.666,0,221,661,0.666,20210630-MOHK-047,
6/30/21 19:32,1.63E+12,12957367,6/30/21,19:32:01,FO,584,200,631,0,0.683,0,200,631,0.683,20210630-MOHK-047,
6/30/21 19:32,1.63E+12,12965743,6/30/21,19:32:10,FO,585,201,668,0,0.699,0,201,668,0.699,20210630-MOHK-047,
6/30/21 19:32,1.63E+12,12973531,6/30/21,19:32:18,FO,586,243,811,0,0.7,0,243,811,0.7,20210630-MOHK-047,
6/30/21 19:32,1.63E+12,12981576,6/30/21,19:32:26,FO,587,203,685,0,0.704,0,203,685,0.704,20210630-MOHK-047,
6/30/21 19:32,1.63E+12,12986583,6/30/21,19:32:31,FO,588,204,685,0,0.702,0,204,685,0.702,20210630-MOHK-047,
6/30/21 19:32,1.63E+12,12992642,6/30/21,19:32:37,FO,589,224,788,0,0.716,0,224,788,0.716,20210630-MOHK-047,
6/30/21 19:32,1.63E+12,12998464,6/30/21,19:32:43,FO,590,201,676,0,0.703,0,201,676,0.703,20210630-MOHK-047,
6/30/21 19:32,1.63E+12,13003011,6/30/21,19:32:47,FO,591,201,613,0,0.672,0,201,613,0.672,20210630-MOHK-047,
6/30/21 19:32,1.63E+12,13008915,6/30/21,19:32:53,FO,592,0,1,0,-,-,0,1,-,NA,
6/30/21 19:32,1.63E+12,13012761,6/30/21,19:32:57,FO,593,1,2,0,-,-,1,2,-,NA,