specimen_ID,scientific_name,sp_code,maximum_height,total_dry,total_wet,total_dmc,total_volume,mass_to_height,thickness_mm_mean,sav_scaled,frond_area_scaled,sta_scaled,sap_mean,frond_peri_scaled
20210621-MOHK-003,Bossiella orbigniana,BO,13.1,2793,5823,0.4796496651210716,6,213.206106870229,0.5650000000000001,6981.456000000002,40653018.288,6981.456,1.4874020101305467,27331560.675
20210621-MOHK-004,Rhodymenia californica,R,15.4,1078,5730,0.1881326352530541,8,70,0.23500000000000001,21271.465,121885494.45,21271.465,3.978360146481848,30637119.305999998
20210621-MOHK-005,Dictyota binghamiae; Dictyota flabellata; Dictyota coriacea,DP,21.6,1452,12616,0.11509194673430564,16,67.22222222222221,0.22333333333333333,39990.54851282051,163132512.68,41460.512309362144,2.912438422436692,52324671.60106667
20210621-MOHK-006,Rhodymenia californica,R,11.4,425,4129,0.10293049164446597,5,37.280701754385966,0.39,8101.889,33452699.681,8101.889,4.179124086506887,8004715.5788
20210621-MOHK-007,Chondracanthus corymbiferus; Chondracanthus exasperatus,CC,21.9,1001,5964,0.16784037558685447,6,45.70776255707763,0.436,11431.26,68176034.64,11431.26,20.55283365906194,3317111.196
20210621-MOHK-008,Chondracanthus corymbiferus; Chondracanthus exasperatus,CC,16.1,1576,9765,0.16139272913466463,9,97.88819875776397,0.522,14437.386,140981074.29,14437.386,7.797150327653021,18081102.501
20210621-MOHK-009,Chondracanthus corymbiferus; Chondracanthus exasperatus,CC,27.9,3353,23400,0.1432905982905983,18,120.17921146953405,0.389,33774.862,790331770.8000001,33774.862,11.988574548934919,65923748.279999994
20210621-MOHK-010,Chondracanthus corymbiferus; Chondracanthus exasperatus,CC,23.7,3184,20911,0.15226435847161782,20,134.34599156118145,0.5635,27613.725,271030408.9955,27511.2213644224,10.728305522210484,27075324.414600004
20210621-MOHK-021,Gelidium spp.,GR,19.5,194,3600,0.05388888888888889,1,9.948717948717949,0.545,2391.442,8609191.2,2391.442,0.5315023044178547,16197843.6
20210630-MOHK-012,Laminaria farlowii,LAFA,99.4,5998,57647,0.10404704494596423,75,60.34205231388329,0.5609999999999999,82488.90000000001,4438221777.08,94880.59599753442,29.85853681238559,148641636.56
20210630-MOHK-013,Laminaria farlowii,LAFA,39.4,5275,57698,0.09142431280113696,52,133.88324873096448,0.545,84692.8576,4698662017.12,88571.53525773196,33.7183306736152,139350374.8036
20210630-MOHK-014,Laminaria farlowii,LAFA,103.5,6900,83904,0.08223684210526316,79,66.66666666666667,0.546,99522.44936,7927529991.552,108187.02824427481,27.86410265423923,284506918.8096
20210630-MOHK-015,Laminaria farlowii,LAFA,61.3,3952,45827,0.08623737098217209,47,64.46982055464927,0.575,57517.704911111105,2523699443.2609997,66780.36365019945,40.75588538767279,61922331.443799995
20210630-MOHK-016,Laminaria farlowii,LAFA,122.4,7734,93010,0.08315234920976239,101,63.186274509803916,0.542,131115.36998000002,12074297585.98,135548.29341595786,44.903056835864895,268897006.948
20210630-MOHK-017,Laminaria farlowii,LAFA,110.1,7750,79950,0.0969355847404628,81,70.3905540417802,0.5589999999999999,100976.93685,7973438124.6,116017.69543680578,43.75491182796077,182229555.29999998
20210630-MOHK-018,Laminaria farlowii,LAFA,56.3,2167,20899,0.10368917173070481,25,38.49023090586146,0.636,30125.34583333333,604406018.4679999,33424.19170346666,21.480334578366374,28137644.516799994
20210630-MOHK-019,Laminaria farlowii,LAFA,82.4,6644,69360,0.09579008073817763,81,80.63106796116504,0.528,92663.3975625,6347785930.8,93403.21456528417,42.461398709465726,149495450.54400003
20210630-MOHK-020,Laminaria farlowii,LAFA,53.3,2838,28477,0.09965937423183621,41,53.245778611632275,0.545,43786.84585,1216505374.898,45254.260698768194,35.324151457945206,34438346.703
20210630-MOHK-021,Laminaria farlowii,LAFA,41.6,1830,16842,0.10865692910580692,26.5,43.99038461538461,0.441,30035.60655769231,496315163.274,30262.672003367003,29.451803173438133,16851775.096800003
20210630-MOHK-022,Dictyota binghamiae; Dictyota flabellata; Dictyota coriacea,DP,16,589,4380,0.13447488584474887,4,36.8125,0.269,11897.675,52111816.5,11897.675,3.0941821648735974,16841870.88
20210630-MOHK-023,Dictyota binghamiae; Dictyota flabellata; Dictyota coriacea,DP,9.5,514,3140,0.16369426751592356,3,54.10526315789474,0.22,6628.9389999999985,20814868.459999993,6628.9389999999985,2.328868894962795,8937758.8
20210630-MOHK-024,Dictyota binghamiae; Dictyota flabellata; Dictyota coriacea,DP,14.6,566,3520,0.16079545454545455,4,38.76712328767123,0.299,10503.853333333333,16504815.360000001,10670.07340867405,2.6652608452613706,6055519.359999999
20210630-MOHK-025,Dictyota binghamiae; Dictyota flabellata; Dictyota coriacea,DP,14.6,147,1000,0.147,1,10.068493150684931,0.244,3085.97,3085970,3085.97,2.7528699795985907,1121001
20210630-MOHK-026,Dictyota binghamiae; Dictyota flabellata; Dictyota coriacea,DP,12.8,791,5230,0.15124282982791587,6,61.796875,0.311,13202.951000000001,69051433.73,13202.951000000001,2.944942990170996,23447460.26
20210630-MOHK-027,Dictyota binghamiae; Dictyota flabellata; Dictyota coriacea,DP,14.4,736,4810,0.15301455301455302,6,51.11111111111111,0.297,13192.703000000001,63456901.43,13192.703000000001,2.634045233043479,24091044.691999994
20210630-MOHK-032,Chondracanthus corymbiferus; Chondracanthus exasperatus,CC,19.7,949,6210,0.15281803542673109,6,48.172588832487314,0.704,7468.609999999999,46380068.1,7468.61,8.682734070553659,5341643.28
20210630-MOHK-033,Chondracanthus corymbiferus; Chondracanthus exasperatus,CC,17.2,1291,7630,0.1692005242463958,7,75.05813953488372,0.614,9070.544,69208250.72,9070.544,8.1853551391833,8455131.09
20210630-MOHK-034,Chondracanthus corymbiferus; Chondracanthus exasperatus,CC,41.3,3610,16480,0.21905339805825244,14,87.40920096852301,0.708,23162.006,381709858.88,23162.006,18.409477802683696,20734420.768000007
20210630-MOHK-042,Rhodymenia californica,R,6,139,1060,0.1311320754716981,1,23.166666666666668,0.366,2079.377,2204139.62,2079.377,3.113664848320588,707892.38
20210630-MOHK-043,Rhodymenia californica,R,6.4,166,1580,0.10506329113924051,2,25.9375,0.309,3327.7920000000004,5257911.36,3327.7920000000004,2.4143722167324713,2177755.08
20210630-MOHK-044,Rhodymenia californica,R,5.5,102,770,0.13246753246753246,1,18.545454545454547,0.344,1916.834,1475962.18,1916.834,3.1368741459582856,470520.05000000005
20210630-MOHK-045,Rhodymenia californica,R,7.8,204,1870,0.10909090909090909,2,26.153846153846153,0.353,3515.1980000000003,6573420.260000001,3515.198,2.4705244034002063,2660738.85
20210630-MOHK-046,Gelidium spp.,GR,11.9,1159,5750,0.20156521739130434,5,97.39495798319328,0.353,11072.729,63668191.75,11072.729,0.8830333740236692,72101682.25
20210709-MOHK-001,Chondracanthus corymbiferus; Chondracanthus exasperatus,CC,29.9,1885,14930,0.1262558606831882,8,63.04347826086957,0.518,22650.044,338165156.92,22650.044,16.15993812860432,20926141.81
20210709-MOHK-002,Chondracanthus corymbiferus; Chondracanthus exasperatus,CC,19.3,513,3640,0.14093406593406593,3,26.580310880829014,0.531,5540.934,20168999.76,5540.934,11.273173758684884,1789114.5999999999
20210709-MOHK-003,Chondracanthus corymbiferus; Chondracanthus exasperatus,CC,30.7,1520,11290,0.13463241806908768,7,49.5114006514658,0.598,16510.057,186398543.53,16510.057,17.477654932365628,10664963.02
20210709-MOHK-009,Corallina officinalis,CO,12.3,7164,16650,0.43027027027027026,15,582.4390243902438,0.46399999999999997,37587.71,625835371.5,37587.71,1.3078693051721955,478515222.45
20210719-IVEE-001,Rhodymenia californica,R,6.9,61,334,0.18263473053892215,1.5,8.840579710144928,0.18,2732.286,608389.016,1984.1600714285714,3.3590039112563415,181121.854
20210719-IVEE-002,Rhodymenia californica,R,8,72,404,0.1782178217821782,0.5,9,0.222,1563.533,631667.3319999999,1815.7157419354837,3.9467708346480546,160046.62
20210719-IVEE-003,Rhodymenia californica,R,8.1,114,672,0.16964285714285715,0.5,14.074074074074074,0.236,2663.313,1789746.3360000001,3066.845272727273,3.3495129879929735,534330.3168
20210719-IVEE-010,Bossiella orbigniana,BO,3.9,30,31,0.967741935483871,1,7.6923076923076925,0.354,89.726,2781.506,89.726,0.5259961426402396,5288.073
20210719-IVEE-012,Cryptopleura ruprechtiana,BF,17.5,530,4940,0.10728744939271255,5,30.285714285714285,0.158,19425.572,95962325.68,19425.572,6.485674110298554,14796044.952
20210719-IVEE-013,Cryptopleura ruprechtiana,BF,27.5,1770,13360,0.13248502994011976,12.5,64.36363636363636,0.198,39725.87699999999,530737716.7199999,39725.87699999999,4.315604645067631,122981079.21600002
20210719-IVEE-014,Cryptopleura ruprechtiana,BF,32,1460,9910,0.14732593340060546,11,45.625,0.249,29989.688,297197808.08000004,29989.688000000002,3.837483309525078,77446019.724
20210719-IVEE-015,Cryptopleura ruprechtiana,BF,18.6,870,6700,0.12985074626865672,8.5,46.774193548387096,0.215,22765.357,152527891.9,22765.357,4.273844713315405,35688683.64
20210719-IVEE-016,Cryptopleura ruprechtiana,BF,21.7,890,9380,0.09488272921108742,10,41.013824884792626,0.192,38564.002,361730338.76,38564.002,7.21961871563806,50103800.908
20210719-IVEE-017,Cryptopleura ruprechtiana,BF,27.3,1220,10860,0.11233885819521179,10.5,44.688644688644686,0.202,43998.769,477826631.34,43998.769,8.956621502046278,53348981.112
20210719-IVEE-018,Cryptopleura ruprechtiana,BF,28.4,1590,15250,0.10426229508196722,17,55.98591549295775,0.254,46151.454,703809673.5,46151.454,5.331164139628157,132018008.65
20210719-IVEE-019,Cryptopleura ruprechtiana,BF,15.3,160,1560,0.10256410256410256,2,10.457516339869281,0.186,7827.34,12210650.4,7827.34,6.707031065906335,1820574.6
20210719-IVEE-020,Rhodymenia californica,R,5.4,70,269,0.26022304832713755,0.5,12.962962962962962,0.138,1755.585,472252.365,1755.585,1.7598226529482996,268352.248
20210719-IVEE-021,Rhodymenia californica,R,11.9,330,2257,0.14621178555604786,2,27.731092436974787,0.18,8875.217,20031364.769,8875.217,2.6986017419131954,7422868.0942
20210719-IVEE-022,Rhodymenia californica,R,10.2,230,1410,0.16312056737588654,1,22.54901960784314,0.189,6668.3910000000005,9402431.31,6668.3910000000005,3.4804172247377396,2701524.186
20210719-IVEE-023,Rhodymenia californica,R,7.5,330,2300,0.14347826086956522,2,44,0.144,8453.849,19443852.7,8453.849,1.709212545205274,11375912.7
20210719-IVEE-024,Rhodymenia californica,R,8.6,180,830,0.21686746987951808,1,20.930232558139537,0.201,3109.591,2580960.53,3109.591,3.1731588920851417,813372.61
20210721-BULL-001,Chondracanthus corymbiferus; Chondracanthus exasperatus,CC,27.2,4630,27380,0.16910153396639882,28,170.22058823529412,0.57,44463.907,1217421773.66,44463.907,19.92765677174691,61092068.556
20210721-BULL-002,Cryptopleura ruprechtiana,BF,33.5,4980,33500,0.14865671641791045,51,148.65671641791045,0.234,137223.979,4597003296.5,137223.979,7.769069228178659,591705796.5999999
20210721-BULL-003,Cryptopleura ruprechtiana,BF,23.2,1310,7900,0.16582278481012658,10,56.46551724137931,0.223,32211.735,254472706.49999997,32211.734999999997,9.383967418615727,27117816.499999996
20210721-BULL-008,Cryptopleura ruprechtiana,BF,25.5,2380,17400,0.1367816091954023,18,93.33333333333333,0.269,68879.06599999999,1198495748.3999999,68879.06599999999,5.41517314983635,221321777.76000002
20210721-BULL-009,Cryptopleura ruprechtiana,BF,16.5,470,3600,0.13055555555555556,4,28.484848484848484,0.241,15348.842,55255831.2,15348.842,5.631318008339822,9812237.76
20210721-BULL-010,Cryptopleura ruprechtiana,BF,29.3,1170,9450,0.12380952380952381,9,39.93174061433447,0.198,38697.243,365688946.35,38697.243,6.211011370106447,58877520.029999994
20210721-BULL-011,Cryptopleura ruprechtiana,BF,27.4,830,7590,0.10935441370223979,7,30.29197080291971,0.223,34762.424,263846798.16,34762.424,6.094383638681687,43293434.382
20210721-BULL-012,Cryptopleura ruprechtiana,BF,32.2,940,8100,0.11604938271604938,8,29.19254658385093,0.211,38042.724,308146064.40000004,38042.724,6.023009287815901,51161479.2
20210721-BULL-013,Cryptopleura ruprechtiana,BF,38.6,5080,32700,0.15535168195718654,35,131.6062176165803,0.25,133210.393,4355979851.1,133210.393,6.30488516263697,690889641.7199999
20210721-BULL-014,Chondracanthus corymbiferus; Chondracanthus exasperatus,CC,27.3,1050,6160,0.17045454545454544,8,38.46153846153846,0.31,16299.778,100406632.48,16299.778,20.606129332402887,4872658.56
20210721-BULL-015,Chondracanthus corymbiferus; Chondracanthus exasperatus,CC,59,5440,39090,0.1391660271169097,42,92.20338983050847,0.454,78965.586,3086764756.74,78965.586,45.65292242442883,67613738.46
20210721-BULL-019,Cryptopleura ruprechtiana,BF,26,1110,9210,0.12052117263843648,9,42.69230769230769,0.223,35612.603,327992073.63000005,35612.603,6.430166794026785,51008330.598
20210721-BULL-020,Cryptopleura ruprechtiana,BF,35.4,2480,21770,0.11391823610473129,21,70.05649717514125,0.266,71201.526,1550057221.02,71201.526,7.413010704366264,209099552.50800002
20210721-BULL-024,Cryptopleura ruprechtiana,BF,42.5,8500,65480,0.12981062919975564,72,200,0.247,287499.32100000005,18825455539.08,287499.32100000005,7.2269558992915615,2604894204.6160007
20210721-BULL-025,Cryptopleura ruprechtiana,BF,32.2,1050,8660,0.12124711316397228,11,32.60869565217391,0.226,35441.296,306921623.36,35441.296,7.143096177910123,42967589.364
20210721-BULL-026,Cryptopleura ruprechtiana,BF,38.3,2370,18370,0.12901469787697334,21,61.879895561357706,0.249,76320.054,1401999391.98,76320.054,7.35590616970025,190595061.932
20210721-BULL-027,Cryptopleura ruprechtiana,BF,21.6,430,3370,0.12759643916913946,5,19.907407407407405,0.215,14756.982,49731029.34,14756.982,7.032629783559439,7071469.83
20210721-BULL-028,Cryptopleura ruprechtiana,BF,22,600,4880,0.12295081967213115,6,27.272727272727273,0.212,19648.819,95886236.72,19648.818999999996,7.997311683533258,11989808.639999999
20210721-BULL-029,Cryptopleura ruprechtiana,BF,34.4,950,7950,0.11949685534591195,10,27.616279069767444,0.215,36218.823,287939642.84999996,36218.823,7.477770973743954,38506079.39999999
20210722-AQUE-004,Pterygophora californica,PTCA,52.3,2800,20520,0.1364522417153996,24,53.53728489483748,0.375,47777.974,162187966.44000003,64829.484664265816,11.431991634867705,13649176.224
20210722-AQUE-005,Pterygophora californica,PTCA,53.9,3030,21570,0.1404728789986092,26,56.2152133580705,0.36733333333333335,40245.72757373738,224407154.71,52185.676492401224,48.37840306306753,11471292.69
20220405-MOHK-001,Pterygophora californica,PTCA,155.7,14787,145883,0.10136205041026028,114,94.97109826589596,0.4667142857142857,245374.8244239796,4539395566.259285,282845.33784807863,15.164597977898262,287276742.441
20220405-MOHK-002,Pterygophora californica,PTCA,108.4,6300,62437,0.10090170892259398,53,58.11808118081181,0.338,137555.807884127,2389621664.2373333,161846.35314811877,19.563092131600595,130083755.7674
20220405-MOHK-003,Pterygophora californica,PTCA,100.5,14431,124014,0.1163658941732385,100,143.59203980099502,0.42977777777777776,210269.09962937026,2225500484.929333,278340.5959030873,15.714678014055085,136991188.7344
20220407-AQUE-001,Pterygophora californica,PTCA,93.5,17271,109960,0.157066205893052,143,184.71657754010695,0.4454166666666666,295359.88952353667,2376359149.2233334,332544.1594866757,17.766755763125566,119259269.55066666
20220407-AQUE-002,Pterygophora californica,PTCA,132.5,15902,99732,0.15944731881442264,131,120.01509433962264,0.32386363636363635,271902.56741199404,2501231795.6652,339613.59548178135,18.10060881116355,119284765.77456002
20220407-AQUE-003,Pterygophora californica,PTCA,130.3,27031,190011,0.14226018493666157,225,207.45203376822715,0.3505384615384615,509851.3924372651,6639295417.239462,616587.3028503393,18.79767122044296,323353297.6780154
20220407-AQUE-004,Pterygophora californica,PTCA,145.4,12757,138873,0.09186090888797678,107,87.7372764786795,0.364875,233367.1436899651,3615946253.69775,296720.489026499,18.937235013882148,168580851.033
20220407-AQUE-005,Pterygophora californica,PTCA,122.3,15306,112277,0.1363235569172671,130,125.15126737530663,0.393,266885.0636309524,2117987368.682308,321917.2541524909,18.437181222983526,106896822.61973846
20220407-AQUE-006,Pterygophora californica,PTCA,149.4,17511,128463,0.13631162280189627,169,117.20883534136546,0.38316326530612244,356828.42453129037,3520441160.16,408094.99840145296,19.378763635893584,168177336.45
20220407-AQUE-007,Pterygophora californica,PTCA,88.7,13058,93532,0.13960997305734935,106,147.2153325817362,0.39876106194690264,221910.79730103232,1500120176.7692308,265419.44156539545,16.343325297359137,79975615.81538461
20220407-AQUE-008,Pterygophora californica,PTCA,116.7,21843,155662,0.14032326450900026,180,187.17223650385603,0.38487394957983195,354346.30035278935,3906889378.228572,463677.12221344915,18.43560208531672,173325189.5142857
20220407-AQUE-009,Pterygophora californica,PTCA,84.7,8868,68368,0.12970980575707933,81,104.69893742621015,0.37333333333333335,167329.9617857143,1713912834.1333334,203635.26299758538,22.08201950209596,68945709.60000001
20220407-AQUE-010,Pterygophora californica,PTCA,48.3,1799,11963,0.15038033937975423,16,37.2463768115942,0.2726530612244898,55435.41333333333,85903910.4,59961.39872868013,12.760282832859735,6193484.36
20220407-AQUE-011,Pterygophora californica,PTCA,46.7,2472,17825,0.13868162692847125,22,52.93361884368308,0.31148936170212765,62661.94,178401156,80184.28371078419,17.527394935256144,9887884
20220407-AQUE-012,Pterygophora californica,PTCA,75.1,7093,46335,0.15308082443077586,56,94.4474034620506,0.3525,129826.08744588746,790686917.1428571,166343.4763127778,17.673694477976564,35828207.78571428
20220421-AQUE-003,Stephanocystis osmundacea,CYOS,84,7134,45191,0.15786329136332455,60,84.92857142857143,0.3605,97577.25114285715,391742133.1934,110173.73675508006,3.2697301086704966,131968137.42932001
20220421-AQUE-004,Stephanocystis osmundacea,CYOS,86,20863,158790,0.13138736696265507,194,242.59302325581396,0.37076086956521737,345706.81444444443,1093393535.5,332533.11050096713,2.6303785967874758,463121621
20220428-AQUE-001,Pterygophora californica,PTCA,121.3,10259,122662,0.08363633399096705,97,84.57543281121187,0.4495454545454545,290306.5948970474,2777443471.7636366,377027.9048544557,18.713742006564175,133597874.85454546
20220503-AQUE-001,Stephanocystis osmundacea,CYOS,33.3,6994,53194,0.1314809940970786,60,210.03003003003005,0.4205263157894737,100148.83499999999,221967701.55833334,98214.00290803018,3.9370542827232717,56169565.972
20220503-AQUE-002,Stephanocystis osmundacea,CYOS,49.3,11547,99153,0.11645638558591268,102,234.2190669371197,0.3575,162113.20158125,865013040.1248751,185889.6949778815,2.9608674190847815,312301619.0973
20220503-AQUE-003,Stephanocystis osmundacea,CYOS,37.3,3550,27017,0.1313987489358552,30,95.17426273458446,0.44228070175438594,49396.03386904762,180261661.16616666,43014.66122560022,5.056067496373052,35148944.0912
20220503-AQUE-004,Stephanocystis osmundacea,CYOS,31.2,7366,55317,0.13315978813023122,65,236.0897435897436,0.3705,115803.17873015873,392836893.1055,114308.86909049268,4.583966523003322,85716153.1065
20220503-AQUE-005,Stephanocystis osmundacea,CYOS,31.8,3843,26845,0.14315514993481096,34,120.84905660377358,0.33666666666666667,54236.16533333334,77346368.79666667,60171.222478722964,3.745964823279238,20609676.056666665
20220503-AQUE-006,Stephanocystis osmundacea,CYOS,30.4,2956,21892,0.13502649369632744,24,97.23684210526316,0.35203703703703704,42185.83266666667,70054370.81066667,42903.608930982424,4.394326052662203,16006248.231999999
20220503-AQUE-007,Stephanocystis osmundacea,CYOS,37,3769,25804,0.1460626259494652,32,101.86486486486487,0.3722,51060.11349333334,161023947.7232,63637.3859473682,4.639947960008095,33787215.716
20220719-NAPL-001,Chondracanthus corymbiferus; Chondracanthus exasperatus,CC,39,16360,70010,0.23368090272818168,77,419.4871794871795,0.5905,147835.560228125,2031879489.5375001,141192.21367858944,19.254828962897257,93246021.4575
20220719-NAPL-002,Rhodymenia californica,R,13.7,698,3179,0.2195659012268009,4,50.948905109489054,0.49,6637.112,10549689.524,6632.255833780667,1.643382142517784,6943366.7545
20220726-BULL-001,Rhodymenia californica,R,12.3,473,2639,0.17923455854490336,3.7,38.45528455284553,0.14800000000000002,13858.55979,7302848.7532,13725.703081034602,1.3618281287014118,5520834.446400001
20220726-BULL-002,Cryptopleura ruprechtiana,BF,27.5,1441,9208,0.15649435273675066,13,52.4,0.16333333333333333,48713.8171,121463866.72266668,63380.425253965965,6.90987918194186,17117616.752
20220726-BULL-003,Chondracanthus corymbiferus; Chondracanthus exasperatus,CC,28,5109,34266,0.14909823148310278,39,182.46428571428572,0.375,72404.47684270334,573871257.039,69633.73669836456,18.588697464390822,29478225.9825
20220726-BULL-004,Gelidium spp.,GR,53,2367,17156,0.13796922359524363,22.4,44.660377358490564,0.52,31755.600800000004,58057032.8648,29017.122193637675,0.6148574397753594,89111952.54
20220726-BULL-005,Gelidium spp.,GR,45,2637,20494,0.1286718063823558,33.9,58.6,0.502,51747.25801104762,97915499.5148,39002.24073873866,0.5936645169236475,159703294.5876
20220726-BULL-006,Cryptopleura ruprechtiana,BF,16,431,3641,0.11837407305685252,5.999999999999999,26.9375,0.13,28088.490000000005,33496824.977,24648.863757194064,6.602006606421201,5317957.216
20220726-BULL-008,Stephanocystis osmundacea,CYOS,43,19680,127954,0.15380527377026118,120,457.6744186046512,0.482,194618.86331428573,1213924574.6208,257930.47647161264,4.6290719523787835,265991747.6504
20220726-BULL-009,Chondracanthus corymbiferus; Chondracanthus exasperatus,CC,32,2359,16459,0.14332583996597606,19,73.71875,0.45999999999999996,33544.383,552106999.797,33544.383,30.971888881399817,17826068.081
20220726-BULL-010,Pterygophora californica,PTCA,204,124258,720958,0.17235123266542574,471,609.1078431372549,1.9661666666666666,712397.9165014286,43428226646.014,1689404.811477717,27.36444915561905,1602640320.4728
20220726-BULL-012,Gelidium spp.,GR,44.5,5542,55730,0.09944374663556432,62.6,124.53932584269663,0.51,81318.11214952379,168314921.19600004,93362.81767842307,0.672829913691931,271586222.5
20220726-BULL-013,Rhodymenia californica,R,9,229,1189,0.19259882253994953,2,25.444444444444443,0.1,5676.0650000000005,6748841.285,5676.0650000000005,1.4124367664327648,4778154.637
20220726-BULL-014,Gelidium spp.,GR,56,11538,91254,0.1264382931159182,101.9,206.03571428571428,0.3794,130178.9334386729,385049519.89320004,151626.13406396454,0.530895349455126,705968283.6984
20220726-BULL-015,Cryptopleura ruprechtiana,BF,36,3181,23683,0.1343157539163113,20,88.36111111111111,0.15586956521739131,101606.11438095238,494635516.8106,147432.2256899618,6.185775029363298,69324399.2034
20220726-BULL-018,Cryptopleura ruprechtiana,BF,16,10536,39483,0.26684902363042323,44,658.5,0.1808,229869.18049333335,981674610.0192001,438523.42652947374,7.568830577887303,133305355.2726
20220726-BULL-019,Cryptopleura ruprechtiana,BF,37.5,6190,37159,0.16658144729406066,39,165.06666666666666,0.17933333333333334,176537.14899166665,2001724351.7803333,188855.32035199946,6.290363818771064,320710472.7716667
20220726-BULL-020,Stephanocystis osmundacea,CYOS,41,13533,81356,0.1663429863808447,87,330.0731707317073,0.6305,108758.25943582418,1012474297.2872,180302.9173458903,4.649951232133922,224913754.88560003
20220726-BULL-021,Rhodymenia californica,R,11,178,1127,0.15794143744454303,1,16.181818181818183,0.24,4978.248,5610485.495999999,4978.248,2.95425173267312,1899122.351
20220726-BULL-022,Rhodymenia californica,R,14,776,3675,0.211156462585034,4,55.42857142857143,0.247,11396.222000000002,41881115.85000001,11396.222000000002,3.3088278888457574,12657387.225
20220726-BULL-023,Rhodymenia californica,R,16,412,2815,0.1463587921847247,3,25.75,0.259,10388.988,29245001.22,10388.988,4.1357419841791465,7071282.8149999995
20220726-BULL-025,Chondracanthus corymbiferus; Chondracanthus exasperatus,CC,51,6702,40952,0.16365501074428598,52,131.41176470588235,0.359,89493.291,3664929253.032,89493.291,43.18144756993266,84872774.28799999
20220726-BULL-026,Rhodymenia californica,R,10,228,2223,0.10256410256410256,3,22.8,0.271,8859.6979999999985,19695108.653999995,8859.6979999999985,3.3330968233676863,5908951.853999999
20220726-BULL-027,Chondracanthus corymbiferus; Chondracanthus exasperatus,CC,43,4358,25505,0.17086845716526172,32,101.34883720930233,0.436,47707.585,1216781955.425,47707.585,25.036267953581635,48600772.195
20220726-BULL-031,Cryptopleura ruprechtiana,BF,32,3432,25099,0.13673851547870433,30,107.25,0.2012,122429.2907,523355081.4492,152161.31422084325,6.038232261339482,83129278.4846
20220726-BULL-032,Stephanocystis osmundacea,CYOS,37,5786,41341,0.13995791103263105,51,156.3783783783784,0.8211666666666667,69653.45946428571,325626454.4544,67090.8155175566,4.720772645032013,70945290.1
20220726-BULL-033,Pterygophora californica,PTCA,113,28521,209711,0.1360014496139926,220,252.39823008849558,1.5046666666666668,444828.28607380955,9594200111.6814,497437.1240451269,22.519694997262473,373170616.4298
20220726-BULL-034,Pterygophora californica,PTCA,169,145209,796081,0.1824048055411447,737,859.2248520710059,2.061,1218565.890567374,52528758367.228,2137121.5337787764,21.288276182455686,2394227300.0932
20220812-AQUE-001,Rhodymenia californica,R,10.5,138,1288,0.10714285714285714,1,13.142857142857142,0.254,4754.25,6123474,4754.25,2.3229707445184147,2636053
20220812-AQUE-002,Rhodymenia californica,R,17.5,1599,15128,0.10569804336329984,17,91.37142857142857,0.3095,52158.51741666667,391833141.80799997,50870.519315210746,2.1610741272119673,182924130.15199998
20220815-MOHK-001,Rhodymenia californica,R,10,1102,5133,0.21468926553672316,6.000000000000001,110.2,0.19474576271186442,21390.699999999997,11936705.95,24661.654584991913,2.6116540962541333,4414551.1
20220815-MOHK-002,Chondracanthus corymbiferus; Chondracanthus exasperatus,CC,26.5,2130,10711,0.1988609840351041,11,80.37735849056604,0.396,22192.3,237701725.29999998,22192.3,7.475678771137909,31796674.600000005
20220815-MOHK-003,Chondracanthus corymbiferus; Chondracanthus exasperatus,CC,25.3,901,4453,0.20233550415450258,5.2,35.612648221343875,0.389,17957.36799999999,25232033.9,12285.905177585573,11.309861260756938,1779196.1500000001
20220815-MOHK-004,Rhodymenia californica,R,5.5,659,3224,0.2044044665012407,3.5,119.81818181818181,0.47725,7268.5374999999995,4110358.1999999997,7153.605399190132,1.8103753307087822,2303789.8000000003
20220815-MOHK-005,Bossiella orbigniana,BO,9.5,4127,10637,0.3879853342107737,10.9,434.42105263157896,0.3903333333333333,33977.11666666666,20471615.633333333,26063.027742994273,0.6348283572338272,32026943.3
20220815-MOHK-006,Chondracanthus corymbiferus; Chondracanthus exasperatus,CC,17,1294,6192,0.20897932816537468,6.6,76.11764705882354,0.389,16129.795000000006,26150879.999999996,14944.495921218877,6.672531295219522,3730473.6
20220815-MOHK-007,Rhodymenia californica,R,8.5,1099,4271,0.2573167876375556,3.999999999999999,129.2941176470588,0.20233333333333334,11555.333333333341,7893804.566666666,19582.39935033746,2.0801080355319717,3891165.7333333334
20220815-MOHK-008,Corallina officinalis,CO,9,1444,2641,0.5467625899280576,2.0999999999999996,160.44444444444446,0.477,7097.23,3044544.8,6721.60490774564,0.5920544434681274,5150390.166666667
20220815-MOHK-009,Stephanocystis osmundacea,CYOS,26,4120,25115,0.1640453912004778,26,158.46153846153845,0.49933333333333335,41744.083333333336,139062592.1666667,38708.53133130295,4.406624046795919,31479978.166666668
20220815-MOHK-010,Chondracanthus corymbiferus; Chondracanthus exasperatus,CC,23,6189,27732,0.2231717871051493,28,269.0869565217391,0.694,30072.52406417112,400716307.2,29074.806502012554,9.765339940107154,41091891
20220815-MOHK-011,Corallina officinalis,CO,29.8,4499,8682,0.5181985717576595,7.9,150.9731543624161,0.47933333333333333,29744.377777777772,9356012.6,20467.457911433172,0.7642986089048615,12434360.4
20220815-MOHK-012,Stephanocystis osmundacea,CYOS,44,9385,19561,0.47978119728030266,54,213.29545454545453,0.6023333333333334,67005.9,145633601.1,69560.32848461081,4.628026055907732,31554501.13333333
20220815-MOHK-013,Pterygophora californica,PTCA,201,73717,443392,0.16625694644919167,443,366.7512437810945,1.2368000000000001,922517.0806666667,46817827788.799995,902284.0035380849,31.26975898013875,1468093081.6000001
20220815-MOHK-015,Stephanocystis osmundacea,CYOS,30,8200,58162,0.1409855231938379,72,273.3333333333333,0.45666666666666667,85532.64,514303301.20000005,91879.62034523807,5.499631864553889,95713325.93333334
20220815-MOHK-016,Pterygophora californica,PTCA,139,23273,164523,0.14145742540556638,177,167.431654676259,0.327,349348.7838474026,6155891281.8,430305.185366524,22.722717874279695,274802766.9
20220815-MOHK-017,Pterygophora californica,PTCA,127,64835,420317,0.15425262361503342,457,510.51181102362204,1.4746000000000001,836643.7757252748,39591129339.5,1018612.9400746224,36.14102351699276,1098046638.7250001
20220815-MOHK-018,Laminaria farlowii,LAFA,312,69861,577841,0.1209000399763949,569,223.91346153846155,1.4615,543918.7848214286,309327243835.5,549965.8256691176,30.510652486150057,10138335913.2
20220815-MOHK-019,Rhodymenia californica,R,5,226,990,0.22828282828282828,1.3999999999999986,45.2,0.16964285714285715,7157.266666666678,613635,7486.880988917306,1.255186347654965,494934
20220818-AQUE-001,Corallina officinalis,CO,7.8,1932,3489,0.5537403267411866,3.500000000000001,247.6923076923077,0.34900000000000003,9394.894444444444,4652697.8,8504.27966555505,0.5926570226621971,7865368.999999999
20220818-AQUE-002,Corallina officinalis,CO,6.1,1520,2464,0.6168831168831169,2.3,249.1803278688525,0.396,7700.570370370384,2847234.1333333333,6177.392422766033,0.7008462632630417,4062232.5333333337
20220824-CARP-001,Dictyota binghamiae; Dictyota flabellata; Dictyota coriacea,DP,16,773,4970,0.15553319919517103,6,48.3125,0.17400000000000002,22311.300000000003,55443580.5,22219.832851718762,1.982716022316866,27808641
20220824-CARP-002,Bossiella orbigniana,BO,11,8788,12842,0.6843170845662669,9.4,798.9090909090909,0.42233333333333334,33060.19166666668,21914016.866666663,30029.82079968503,0.6727420839368045,34374181.400000006
20220824-CARP-003,Dictyopteris undulata,DU,14,4408,15241,0.2892198674627649,19,314.85714285714283,0.1962962962962963,86125.09999999999,106748472.03333333,149396.5572130756,3.3108805865054065,31921766.46666667
20220824-CARP-004,Stephanocystis osmundacea,CYOS,37,14194,79234,0.17914026806673902,93,383.6216216216216,0.3626666666666667,123706.27500000002,802334048.5333333,179220.82083524484,3.9092512787634366,207466305.6
20220824-CARP-005,Dictyota binghamiae; Dictyota flabellata; Dictyota coriacea,DP,6.5,162,1055,0.15355450236966825,2,24.923076923076923,0.11074074074074074,6804.333333333331,1334223.3333333335,5989.456730769231,2.156060786811476,628393.1666666666
20220824-CARP-006,Dictyota binghamiae; Dictyota flabellata; Dictyota coriacea,DP,23,1411,10601,0.13310065088199227,10.9,61.34782608695652,0.12285714285714286,51720.92388888889,85407309.86666666,82964.62394254668,3.502164246581121,23671679.633333333
20220824-CARP-007,Stephanocystis osmundacea,CYOS,35,13996,78295,0.178759818634651,97,399.8857142857143,0.41933333333333334,124105.03333333334,730283563.3333334,158341.78906963134,5.873230962083581,124562125.33333334
20220824-CARP-008,Bossiella orbigniana,BO,8,10589,15134,0.6996828333553587,10.299999999999999,1323.625,0.46066666666666667,39430.8605555556,57805321.93333333,30673.54017898669,0.6816472350943177,83302076.2
20220824-CARP-009,Corallina officinalis,CO,13.5,10590,22033,0.4806426723551037,19.6,784.4444444444445,0.5726666666666667,57895.35111111112,34345040.4,45669.619442826515,0.7493216526144986,47575122.46666666
20220824-CARP-010,Dictyota binghamiae; Dictyota flabellata; Dictyota coriacea,DP,20,1950,12964,0.150416538105523,24,97.5,0.193,62781.173333333325,192859378.13333333,46613.23209216745,2.4800917787659738,78132299.46666667
20220824-CARP-011,Dictyopteris undulata,DU,19,6505,29853,0.21790104847084046,31,342.36842105263156,0.21833333333333332,103210.96944444445,299476340.1,168863.7238488735,2.7231766571180414,108109654.2
20220824-CARP-012,Stephanocystis osmundacea,CYOS,34,15759,96102,0.16398201910470125,99,463.5,0.387,161279.95714285714,986989963.8000001,230285.013224305,4.082641427157563,245143388.4
20220824-CARP-013,Dictyota binghamiae; Dictyota flabellata; Dictyota coriacea,DP,18,1339,11171,0.1198639333989795,13,74.38888888888889,0.13633333333333333,80582.7388888889,200196608.10000002,78936.06451091071,3.619461080200725,55401085.033333324
20220824-CARP-014,Dictyota binghamiae; Dictyota flabellata; Dictyota coriacea,DP,14,234,1931,0.12118073537027448,2,16.714285714285715,0.254,8235.599999999999,15902943.599999998,8235.599999999999,2.7365343080245883,5811344.5
20220824-CARP-015,Dictyopteris undulata,DU,12,1237,7266,0.1702449766033581,8.6,103.08333333333333,0.3277777777777778,28778.132222222226,30514535.8,49090.90285703883,3.462334861825015,8904483
20220824-CARP-016,Dictyopteris undulata,DU,19,9954,37763,0.2635913460265339,49.3,523.8947368421053,0.2075,221566.17285714275,263296223.66666666,404369.19465537387,1.817293332997493,138751332.13333336
20220824-CARP-017,Dictyopteris undulata,DU,13,1894,10959,0.172825987772607,11.2,145.69230769230768,0.25133333333333335,35091.066666666666,46692280.699999996,62460.27468776718,2.417882068790676,19277246.3
20220824-CARP-018,Dictyota binghamiae; Dictyota flabellata; Dictyota coriacea,DP,15,1547,12284,0.12593617714099642,14,103.13333333333334,0.13633333333333333,77569.38,174480707.6,87799.47557123656,3.5999283921413934,47206183.6
20220824-CARP-019,Dictyopteris undulata,DU,15,2314,9388,0.24648487430762675,11.5,154.26666666666668,0.2474074074074074,24366.39166666666,38040801.86666667,69464.89545730529,1.9174801309369618,20771575.866666667
20220824-CARP-020,Bossiella orbigniana,BO,7.5,9044,19003,0.4759248539704257,19,1205.8666666666666,0.442,68200.04761904782,21212415.466666665,31833.403655963655,0.7207949012228392,29803038.333333332
20220824-CARP-021,Dictyota binghamiae; Dictyota flabellata; Dictyota coriacea,DP,13,1521,11954,0.12723774468797056,12,117,0.15266666666666667,79999.06666666668,156251929.4,91729.39458204334,3.476595184743874,44631055.93333333
20220824-MOHK-001,Laminaria farlowii,LAFA,220,43301,292219,0.14817996091972116,1750.8,196.82272727272726,1.155,398643.37496551714,115772579961.69998,418418.93595853646,34.57159885582845,3348777140.58
20220824-MOHK-002,Laminaria farlowii,LAFA,136,13379,104295,0.12828035859820702,120.4,98.375,0.693125,175773.66566666667,18271409761.5,176442.56220264983,28.948840821587325,631162051.5
20220824-MOHK-003,Laminaria farlowii,LAFA,106,15520,134464,0.11542122798667301,164.6,146.41509433962264,1.1804999999999999,196060.512375,25626323923.2,211272.98400000003,27.6814577039275,925757747.1999999
20220824-MOHK-004,Laminaria farlowii,LAFA,120,19185,134827,0.14229345754188702,156.5,159.875,1.1275,206030.998,26624800032.6,222854.99135294117,40.21542033235582,662054500.8
20220824-MOHK-005,Laminaria farlowii,LAFA,56,40138,325441,0.12333418346182565,390.5,716.75,0.9381,383449.9730769231,124630559919.00002,384280.20855000004,50.8064901294842,2453044081.5999994
20220824-MOHK-006,Stephanocystis osmundacea,CYOS,74,44614,232656,0.19175950759920227,244,602.8918918918919,0.43333333333333335,332805.0974603175,3091028840,494449.4775045863,4.978686341670494,622486638.4
20220824-MOHK-008,Stephanocystis osmundacea,CYOS,46,34498,186958,0.18452272702960024,181,749.9565217391304,0.45066666666666666,257266.46166666667,2689421989.666667,296548.2978990444,4.972955026777211,526779092.7333333
20220824-MOHK-010,Stephanocystis osmundacea,CYOS,42,28255,145798,0.19379552531584796,142,672.7380952380952,0.424,199850.66476190477,1146181257.1333334,258641.3979611042,4.618459924363731,248585590
20230620-NAPL-001,Corallina officinalis,CO,8.3,3660,7746,0.47250193648334626,7.299999999999999,440.96385542168673,0.4166666666666667,14313.840000000006,8297515.199999998,11706.024339070173,0.7122849756057298,12160703.6
20230620-NAPL-002,Corallina officinalis,CO,7.5,1717,3137,0.5473382212304749,3.000000000000001,228.93333333333334,0.61,5363.874999999997,1337224.675,4010.6113140057237,0.5780735373503348,2367415.4749999996
20230620-NAPL-003,Rhodymenia californica,R,9,407,3813,0.1067400996590611,4,45.22222222222222,0.285,11580.2,15938149.350000003,10819.006608606558,2.7075996712809807,5818638
20230620-NAPL-004,Bossiella orbigniana,BO,8,5001,6512,0.7679668304668305,3.6000000000000005,625.125,0.9075,4762.44,6374271.2,5388.223710178527,0.7776781580845011,8972722
20230620-NAPL-005,Rhodymenia californica,R,14,1251,13241,0.09447926893739143,12,89.35714285714286,0.26,54182.825,123855320.925,41929.47426125831,2.689588763470493,46195862.85
20230620-NAPL-006,Dictyota binghamiae; Dictyota flabellata; Dictyota coriacea,DP,17,786,9433,0.08332449909890809,11,46.23529411764706,0.14,50960.600000000006,480711339.8,50960.6,3.414148181397935,140799787.9
20230620-NAPL-007,Bossiella orbigniana,BO,8,2275,4396,0.517515923566879,3.2,284.375,0.7225,6106.6666666666715,2244487.6999999997,5134.25160293388,1.2423711132813864,1791589.7999999998
20230620-NAPL-008,Dictyota binghamiae; Dictyota flabellata; Dictyota coriacea,DP,26,1952,19775,0.09871049304677623,21,75.07692307692308,0.195,101558.12916666668,994440256.25,101184.78020076019,3.6702210414108833,270724693.75
20230620-NAPL-009,Corallina officinalis,CO,8,5682,13677,0.4154419828909849,12.7,710.25,0.46,24721.29432234433,20826423.799999997,23437.24052300469,0.592140691052079,32346560.9
20230620-NAPL-010,Stephanocystis osmundacea,CYOS,36,14013,111471,0.12570982587399412,117,389.25,0.57,150064.07,979793861.925,143409.50956157228,4.942195599936299,195787664.4
20230620-NAPL-012,Stephanocystis osmundacea,CYOS,22,5196,7685,0.6761223162003903,39,236.1818181818182,0.435,30509.375,19081855,34196.68075153522,5.209282902137232,3800232.5
20230620-NAPL-013,Dictyota binghamiae; Dictyota flabellata; Dictyota coriacea,DP,26,1634,15650,0.10440894568690096,18,62.84615384615385,0.15,99580.30714285714,759711252.5,99592.07758733172,3.8354418743758805,195603872.5
20230620-NAPL-014,Bossiella orbigniana,BO,11,6650,9919,0.6704304869442484,7.2,604.5454545454545,0.825,11855.599999999999,8910568.333333334,10844.001687141517,0.8904692438858288,9732192.166666666
20230620-NAPL-015,Chondracanthus corymbiferus; Chondracanthus exasperatus,CC,30,7175,34868,0.20577606974876678,50,239.16666666666666,0.67,58542.787698412714,959379072.8000001,55181.72538351482,21.775437178170165,44052231.2
20230620-NAPL-016,Laminaria farlowii,LAFA,82,9873,122660,0.08049078754280124,133,120.40243902439025,0.9142857142857144,156823.17280000003,18078881932,168795.20294629395,44.094477352958776,410003316
20230620-NAPL-017,Stephanocystis osmundacea,CYOS,30,10705,99761,0.10730646244524414,108,356.8333333333333,0.46,162609.12,594086731.1,140213.16576179463,5.016242687352994,128152980.6
20230620-NAPL-018,Laminaria farlowii,LAFA,94,15484,139549,0.11095744147217107,238.6,164.72340425531914,0.8928571428571428,186383.90836363635,23982109665.6,281318.6943228671,42.43004221909487,565215314.7
20230620-NAPL-019,Rhodymenia californica,R,14,586,5878,0.09969377339231031,7.1,41.857142857142854,0.2366666666666667,19185.465090909092,32843912.8,18137.38391179077,2.8406365400696627,11077874.733333332
20230620-NAPL-020,Chondracanthus corymbiferus; Chondracanthus exasperatus,CC,34.1,2659,13560,0.1960914454277286,16,77.97653958944281,0.6799999999999999,23702.8,321409968,23702.8,16.0262339418526,20055240.000000004
20230620-NAPL-021,Bossiella orbigniana,BO,8,5729,8992,0.6371218861209964,8.599999999999998,716.125,0.4425,25533.36416666672,10722735.200000001,19618.26195951859,0.7269037026828469,14492856
20230620-NAPL-023,Laminaria farlowii,LAFA,116,19632,243604,0.08058980969113808,340,169.24137931034483,0.8214285714285715,311263.5138461539,72479814805.20001,342809.70019367343,48.22459763035481,1502963598.8
20230620-NAPL-024,Bossiella orbigniana,BO,10,7366,11834,0.6224438059827615,10.100000000000001,736.6,1.05,20267.33333333336,5091578.5,10842.88156897919,0.9745485469467869,5206368.3
20230620-NAPL-025,Chondracanthus corymbiferus; Chondracanthus exasperatus,CC,29.3,3582,18429,0.1943675728471431,20,122.25255972696246,0.52,33200.700000000004,611855700.3000001,33200.700000000004,15.035867940763557,40693074.89999999
20230620-NAPL-026,Laminaria farlowii,LAFA,117,90361,170815,0.5289992096712818,210,772.3162393162393,0.75,232736.43076923082,36915239606.00001,221865.21593764913,42.294537839794906,872813405.5
20230620-NAPL-027,Chondracanthus corymbiferus; Chondracanthus exasperatus,CC,35,9454,51836,0.18238289991511691,60,270.1142857142857,0.404,96697.26764705882,1594414884.6666665,108630.67796739285,25.098176391835366,61873177.46666667
20230620-NAPL-028,Dictyota binghamiae; Dictyota flabellata; Dictyota coriacea,DP,18,1434,13570,0.10567428150331613,17,79.66666666666667,0.16666666666666669,75284.89666666667,335827646,74674.12146574896,3.8799057463404023,86566277.75333335
20230620-NAPL-029,Dictyota binghamiae; Dictyota flabellata; Dictyota coriacea,DP,35,932,9010,0.10344062153163153,9,26.62857142857143,0.21000000000000002,38607.3,347851773,38607.3,4.374170084521085,79524062
20230620-NAPL-030,Laminaria farlowii,LAFA,124,18892,200595,0.09417981505022557,250,152.3548387096774,0.8857142857142857,284628.12499999994,54811179584.999985,297424.9110394099,42.455407085146035,1291029420.0000002
20230620-NAPL-031,Rhodymenia californica,R,13,343,3809,0.09004988185875558,5,26.384615384615383,0.26,12060.3,45937682.699999996,12060.299999999997,3.931766316750341,11683726.600000001
20230627-MOHK-003,Bossiella orbigniana,BO,7,2287,4559,0.5016450976091248,4.6,326.7142857142857,0.3333333333333333,8751.730000000001,3826596.6499999994,9893.490186549629,0.7178803534386172,5152011.925
20230627-MOHK-005,Corallina officinalis,CO,8,3415,8823,0.38705655672673694,8.899999999999997,426.875,0.48484848484848486,16477.46000000004,12233089.5,12255.315730098968,0.8775365782819842,14900502.974999998
20230627-MOHK-010,Gelidium spp.,GR,28,9518,35323,0.26945616170766923,35,339.92857142857144,1.075,35845.493055555555,179747267.025,36331.22709250539,0.8084471993817589,223641392.975
20230627-MOHK-011,Corallina officinalis,CO,10,7478,15799,0.47332109627191593,12,747.8,0.535,45184.200000000084,20194676.775,26514.452952049716,0.5624801667995348,35610551.025
20230627-MOHK-013,Dictyota binghamiae; Dictyota flabellata; Dictyota coriacea,DP,17,977,8937,0.10932080116370146,10,57.470588235294116,0.19,41700.54166666667,180080103.14999998,40303.730973120844,3.396785441478036,53000878.5
20230627-MOHK-014,Bossiella orbigniana,BO,8,9470,20438,0.46335257853018885,19.1,1183.75,0.3925,44727.89113095236,36610589.4,42879.31012758832,0.5702887324743695,65418972.300000004
20230627-MOHK-017,Bossiella orbigniana,BO,7,1857,3459,0.5368603642671292,3.500000000000001,265.2857142857143,0.42,7950.8187499999985,6477236.925,7425.54271060393,0.6876313399279215,9556092.825000001
20230627-MOHK-019,Gelidium spp.,GR,37,15783,61310,0.2574294568585875,60,426.56756756756755,1.1300000000000001,62507.737499999996,392869881.75,61471.76054764664,0.8224625246383777,474675814.75
20230627-MOHK-021,Gelidium spp.,GR,26,3727,14098,0.26436373953752307,14.6,143.34615384615384,0.9025,22110.970000000005,28743707.299999997,19695.058316332583,0.6679195830126273,42500535.7
20230627-MOHK-022,Corallina officinalis,CO,11,3404,8083,0.4211307682791043,6.800000000000001,309.45454545454544,0.5775,15599.936666666663,17732485.4,14192.876382385957,0.5621304741781654,31162187.825
20230627-MOHK-023,Bossiella orbigniana,BO,8,20113,42959,0.46819060033985893,35.8,2514.125,0.34,97958.19750000005,55355893.425000004,88883.40761916156,0.7131252868827154,78878093.875
20230711-NAPL-001,Bossiella orbigniana,BO,9,10497,15904,0.6600226358148893,21.200000000000003,1166.3333333333333,0.865,34826.12333333325,20638223.199999996,12400.064878584311,0.7453229771154227,27147332.800000004
20230711-NAPL-002,Bossiella orbigniana,BO,8.3,5394,7601,0.7096434679647415,5.8,649.8795180722891,0.85,12131.473333333335,5987687.75,9289.391322360656,0.8901573466974978,6851161.350000001
20230711-NAPL-003,Bossiella orbigniana,BO,10,10432,15473,0.6742066826084147,10.8,1043.2,0.9,16500.105000000003,33805023.575,13584.654370521801,0.7795309196895435,43445476.224999994
20230711-NAPL-004,Bossiella orbigniana,BO,7.5,2806,4105,0.6835566382460414,3.3,374.1333333333333,0.7925,5389.835,3559650.7500000005,4511.870470300924,0.7682965541973045,4737683.125
20230711-NAPL-005,Gelidium spp.,GR,32,15919,52774,0.30164474930837154,16,497.46875,1.54,14500.346666666666,164817160.04999998,50852.44213879202,0.8890395922364897,195327128.79999998
20230711-NAPL-006,Dictyota binghamiae; Dictyota flabellata; Dictyota coriacea,DP,21,2082,10121,0.2057108981325956,49,99.14285714285714,0.165,200724.58000000002,200475755.9,75180.88587587675,3.529763494739578,56744904.65
20230711-NAPL-007,Gelidium spp.,GR,29,21057,81223,0.2592492274355786,72,726.1034482758621,1.4975,62933.55,199404495.57500002,62769.89933577607,0.8067428024760329,256896165.55000004
20230711-NAPL-010,Pterygophora californica,PTCA,240,62085,494071,0.12566007719538286,568,258.6875,2.0260000000000002,939610.7647458456,60437136260.799995,968668.7172076008,32.94806536956088,1741896717.6
20230711-NAPL-011,Dictyota binghamiae; Dictyota flabellata; Dictyota coriacea,DP,19,825,6406,0.1287855135810178,9,43.421052631578945,0.14,35251.425,200729447.60000002,34104.28100263853,3.1827932960893857,63067070
20230711-NAPL-012,Gelidium spp.,GR,38,4826,17754,0.27182606736510084,178,127,1.6600000000000001,180111.62613636363,87976396.2,16226.963513470948,0.849265708604209,105911043.15
20230711-NAPL-013,Bossiella orbigniana,BO,11,20548,46923,0.43790891460477804,37.2,1868,0.7025,59892.85250000004,135009201.75,37581.96791855605,1.0395706973261807,127892155.725
20230711-NAPL-014,Rhodymenia californica,R,10.5,373,3669,0.10166257835922594,4,35.523809523809526,0.36,10950.8,40178485.199999996,10950.8,2.5141309089239385,15981063.299999999
20230711-NAPL-015,Pterygophora californica,PTCA,150,61985,474738,0.1305667547152324,431,413.23333333333335,2.088,895933.588106685,37758963331.65,1445812.9777306744,33.38366396588435,1077845155.2
20230711-NAPL-017,Rhodymenia californica,R,17,1758,12796,0.1373866833385433,17,103.41176470588235,0.3025,37736.493749999994,82766127.5,35858.18118965854,3.805094094675823,22391080.599999998
20230711-NAPL-018,Rhodymenia californica,R,17,1213,10532,0.11517280668439044,12,71.3529411764706,0.33,23475.466666666667,131608925.2,24325.420625641636,4.23273876774949,29773437.400000002
20230711-NAPL-019,Dictyota binghamiae; Dictyota flabellata; Dictyota coriacea,DP,29,3953,36009,0.10977811102779861,40,136.31034482758622,0.16333333333333333,144967.2803030303,1955738812.5,139553.90946485844,3.4370086541477685,580510691.4
20230711-NAPL-020,Dictyota binghamiae; Dictyota flabellata; Dictyota coriacea,DP,7,92,672,0.13690476190476192,1,13.142857142857142,0.1,4049.6,2721331.1999999997,4049.6,2.5076475323549445,1085212.8
20230711-NAPL-021,Pterygophora californica,PTCA,180,78657,652076,0.12062550990988781,789,436.98333333333335,2.1479999999999997,1510132.989623552,66242363102.5,1675718.0843284435,32.28415964923956,2014262764
20230731-CARP-001,Dictyota binghamiae; Dictyota flabellata; Dictyota coriacea,DP,27,1897,13846,0.13700707785642063,16,70.25925925925925,0.14333333333333334,43118.328888888886,110039238.86666667,61005.27987860872,2.9458317118825974,36144983
20230731-CARP-002,Dictyopteris undulata,DU,15,3006,19612,0.15327350601672446,20,200.4,0.1875,73192.83333333334,235660733.79999998,91211.30298735232,3.3582884681687646,67676109
20230731-CARP-003,Dictyopteris undulata,DU,12,1003,5180,0.19362934362934364,5.6,83.58333333333333,0.14705882352941177,17206.140000000014,14457120.999999998,30712.798371709665,3.426688799314421,4029651.4999999995
20230731-CARP-004,Dictyopteris undulata,DU,13,2475,15438,0.16031869413136415,15,190.3846153846154,0.17222222222222222,37325.137500000004,99178729.35,58185.207061377805,3.0728446077266085,30963224.700000003
20230731-CARP-005,Dictyota binghamiae; Dictyota flabellata; Dictyota coriacea,DP,22,1823,12669,0.14389454574157393,14,82.86363636363636,0.2,43151.418333333335,156442301.9,38347.851323070936,2.9672746166551036,50508769.2
20230731-CARP-006,Bossiella orbigniana,BO,4,1015,2538,0.39992119779353824,2.5,253.75,0.4346153846153846,3570.312500000005,579361.9500000001,4837.547290209791,0.4323383737321109,1300978.7999999998
20230731-CARP-007,Dictyota binghamiae; Dictyota flabellata; Dictyota coriacea,DP,20,2544,16917,0.15038127327540343,16,127.2,0.18,45163.200000000004,286509695.40000004,41508.37456647399,2.7484461466058647,104244245.7
20230731-CARP-008,Bossiella orbigniana,BO,4,1027,3027,0.3392798149983482,2.5,256.75,0.44,5455.000000000013,750847.35,4193.721807036973,0.8920901853456968,842641.125
20230731-CARP-009,Dictyota binghamiae; Dictyota flabellata; Dictyota coriacea,DP,18,1782,14815,0.1202834964562943,13,99,0.16,48437.60380952381,244841578.99999997,48789.263493859085,2.4426281433837853,99094078.16666666
20230731-CARP-010,Dictyota binghamiae; Dictyota flabellata; Dictyota coriacea,DP,20,1778,14168,0.12549407114624506,11,88.9,0.21000000000000002,56862.024999999994,335699425.59999996,45516.013374643,3.1282561409764864,105232111.59999998
20230731-CARP-011,Dictyopteris undulata,DU,16,3626,20640,0.17567829457364342,16.8,226.625,0.1925,60899.58000000001,111108732,98646.43799466493,2.682672349194697,40352748
20230731-CARP-012,Dictyopteris undulata,DU,25,13606,78489,0.1733491317254647,100,544.24,0.2675,301042.8333333333,914206514.1750001,258329.30359188275,3.446676751676803,261260447.625
20230731-CARP-013,Corallina officinalis,CO,8,13030,32415,0.40197439457041495,29,1628.75,0.5075,50564.943750000006,129907974.75,55391.86355197371,0.8844039041012395,142037667.74999997
20230731-CARP-014,Bossiella orbigniana,BO,8,9461,24570,0.38506308506308506,18,1182.625,0.4825,38264.70000000006,45089021.25000001,41634.42023227612,0.99015012964663085,42690989.25
20230731-CARP-015,Dictyopteris undulata,DU,17,4483,31400,0.14277070063694267,34,263.70588235294116,0.29250000000000004,94504.03214285715,290733385,88394.8300104904,2.951108850501981,97505634.99999999
20230731-CARP-017,Bossiella orbigniana,BO,7,5995,18404,0.32574440339056726,15.2,856.4285714285714,0.475,28244.260000000024,28354582.7,25884.621926530155,0.966135908004691,29903739.4
20230731-CARP-020,Dictyopteris undulata,DU,16,1766,11554,0.15284749870174832,13.399999999999999,110.375,0.1527777777777778,37586.19440476191,98536267.04999998,44618.723439587324,3.426907167730095,26743466.1
20230731-CARP-021,Corallina officinalis,CO,10,22937,59636,0.3846166744919176,26.4,2293.7,0.545,99240.24000000031,51761066.2,92586.54253801958,0.7336746161771469,69475940
20230807-MOHK-001,Rhodymenia californica,R,13,1327,6820,0.19457478005865103,8.6,102.07692307692308,0.13,37599.056666666715,17501938.666666668,41416.64901493382,2.495865966073795,6846370.666666667
20230807-MOHK-003,Corallina officinalis,CO,12,1915,4178,0.45835327908089996,4.299999999999999,159.58333333333334,0.4675,11069.705000000009,6212059.3,10023.204616845778,0.5092156992299268,12041309.35
20230807-MOHK-005,Bossiella orbigniana,BO,5,930,1711,0.54354178842782,1.3999999999999986,186,0.41250000000000003,4246.200000000011,518946.30000000005,4470.986816686981,0.7006862612082654,738296.5
20230807-MOHK-006,Rhodymenia californica,R,8,2448,9756,0.25092250922509224,9,306,0.26666666666666666,36067.5,39097170,29789.157328233727,2.805332418420951,14118558
20230807-MOHK-007,Dictyota binghamiae; Dictyota flabellata; Dictyota coriacea,DP,21,2362,17104,0.13809635173058935,18,112.47619047619048,0.25333333333333335,57032.79,163163608,61904.12047830989,3.0924564078365675,52241887.46666667
20230807-MOHK-012,Stephanocystis osmundacea,CYOS,39,7176,52817,0.13586534638468675,52,184,0.35,89638.46666666667,334171398.43333334,85083.79476459538,4.668309373304045,71589922.36666667
20230807-MOHK-013,Chondracanthus corymbiferus; Chondracanthus exasperatus,CC,22,1263,6241,0.20237141483736582,6.2,57.40909090909091,0.2015,17707.561666666665,49631552.5,16663.807201896525,14.260051813739341,3371076.15
20230807-MOHK-014,Dictyopteris undulata,DU,12,770,5266,0.14622104063805544,6.1,64.16666666666667,0.1642857142857143,16866.666363636363,25747404.866666667,17866.8147098899,4.2854425453849085,5763110.4
20230807-MOHK-015,Rhodymenia californica,R,6.5,581,3049,0.1905542800918334,4.000000000000001,89.38461538461539,0.19666666666666666,14491.222222222214,3623634.8666666676,15986.92498871434,1.3371412250182626,2706394.033333333
20230807-MOHK-016,Stephanocystis osmundacea,CYOS,43.5,21266,131170,0.1621254860105207,125,488.8735632183908,0.35,210059.72222222225,675149479.3333334,299306.6920175658,4.691846141556112,150823638.33333334
20230807-MOHK-017,Chondracanthus corymbiferus; Chondracanthus exasperatus,CC,14,1072,5542,0.1934319740166005,5.7,76.57142857142857,0.3433333333333334,14053.105192307688,22290847.666666664,13891.793967410043,7.490001110197352,2833439.8666666667
20230807-MOHK-018,Rhodymenia californica,R,6,179,963,0.18587746625129803,1.3999999999999986,29.833333333333332,0.2,4432.866666666678,445098.6,5946.323174603174,1.2499687272011917,352329.60000000003
20230807-MOHK-019,Bossiella orbigniana,BO,5.5,2384,6093,0.39126866896438534,6.3,433.45454545454544,0.43,13648.740000000016,3255692.9999999995,11804.055720202963,0.8919568943289309,3698451
20230807-MOHK-020,Chondracanthus corymbiferus; Chondracanthus exasperatus,CC,23,3556,16987,0.20933655148054395,23,154.6086956521739,0.5466666666666666,26235.895555555555,109841905.63333334,30053.56872403672,10.155860588913955,10066496.200000001
20230807-MOHK-023,Chondracanthus corymbiferus; Chondracanthus exasperatus,CC,55,12222,85804,0.1424409118456016,92,222.21818181818182,0.39,176975.87666666668,782117760.6666666,171595.56315000172,10.417926199956705,71217320
